-- --------------------------------------------------------
-- Host:                         127.0.0.1
-- Versión del servidor:         8.0.19 - MySQL Community Server - GPL
-- SO del servidor:              Win64
-- HeidiSQL Versión:             11.0.0.5919
-- --------------------------------------------------------

/*!40101 SET @OLD_CHARACTER_SET_CLIENT=@@CHARACTER_SET_CLIENT */;
/*!40101 SET NAMES utf8 */;
/*!50503 SET NAMES utf8mb4 */;
/*!40014 SET @OLD_FOREIGN_KEY_CHECKS=@@FOREIGN_KEY_CHECKS, FOREIGN_KEY_CHECKS=0 */;
/*!40101 SET @OLD_SQL_MODE=@@SQL_MODE, SQL_MODE='NO_AUTO_VALUE_ON_ZERO' */;


-- Volcando estructura de base de datos para chileworkads
CREATE DATABASE IF NOT EXISTS `chileworkads` /*!40100 DEFAULT CHARACTER SET utf8mb4 COLLATE utf8mb4_0900_ai_ci */ /*!80016 DEFAULT ENCRYPTION='N' */;
USE `chileworkads`;

-- Volcando estructura para tabla chileworkads.ciudad
DROP TABLE IF EXISTS `ciudad`;
CREATE TABLE IF NOT EXISTS `ciudad` (
  `id_ciudad` int NOT NULL AUTO_INCREMENT,
  `id_comuna` int DEFAULT NULL,
  `nombre_ciudad` text,
  `borrado` datetime DEFAULT NULL,
  PRIMARY KEY (`id_ciudad`)
) ENGINE=InnoDB AUTO_INCREMENT=2626 DEFAULT CHARSET=utf8mb4 COLLATE=utf8mb4_0900_ai_ci;

-- Volcando datos para la tabla chileworkads.ciudad: ~2.625 rows (aproximadamente)
DELETE FROM `ciudad`;
/*!40000 ALTER TABLE `ciudad` DISABLE KEYS */;
INSERT INTO `ciudad` (`id_ciudad`, `id_comuna`, `nombre_ciudad`, `borrado`) VALUES
	(1, 1101, 'IQUIQUE', NULL),
	(2, 1107, 'ALTO HOSPICIO', NULL),
	(3, 1401, 'POZO ALMONTE', NULL),
	(4, 1404, 'HUARA', NULL),
	(5, 1405, 'PICA', NULL),
	(6, 2101, 'ANTOFAGASTA', NULL),
	(7, 2101, 'CERRO MORENO', NULL),
	(8, 2102, 'MEJILLONES', NULL),
	(9, 2104, 'TALTAL', NULL),
	(10, 2201, 'CALAMA', NULL),
	(11, 2203, 'SAN PEDRO DE ATACAMA', NULL),
	(12, 2301, 'TOCOPILLA', NULL),
	(13, 2302, 'MARÍA ELENA', NULL),
	(14, 3101, 'COPIAPÓ', NULL),
	(15, 3102, 'CALDERA', NULL),
	(16, 3103, 'TIERRA AMARILLA', NULL),
	(17, 3201, 'CHAÑARAL', NULL),
	(18, 3202, 'EL SALVADOR', NULL),
	(19, 3202, 'DIEGO DE ALMAGRO', NULL),
	(20, 3301, 'VALLENAR', NULL),
	(21, 3303, 'FREIRINA', NULL),
	(22, 3303, 'VICUÑA MACKENNA', NULL),
	(23, 3304, 'HUASCO', NULL),
	(24, 3304, 'HUASCO BAJO', NULL),
	(25, 4101, 'LA SERENA', NULL),
	(26, 4101, 'CALETA SAN PEDRO', NULL),
	(27, 4101, 'ALTOVALSOL', NULL),
	(28, 4101, 'ALGARROBITO', NULL),
	(29, 4102, 'GUANAQUEROS', NULL),
	(30, 4102, 'TONGOY', NULL),
	(31, 4102, 'COQUIMBO', NULL),
	(32, 4102, 'EL PEÑÓN', NULL),
	(33, 4103, 'ANDACOLLO', NULL),
	(34, 4104, 'LA HIGUERA', NULL),
	(35, 4106, 'VICUÑA', NULL),
	(36, 4106, 'NUEVA TALCUNA', NULL),
	(37, 4201, 'ILLAPEL', NULL),
	(38, 4202, 'CANELA BAJA', NULL),
	(39, 4203, 'QUILIMARÍ ALTO', NULL),
	(40, 4203, 'PICHIDANGUI', NULL),
	(41, 4203, 'LOS VILOS', NULL),
	(42, 4204, 'SALAMANCA', NULL),
	(43, 4204, 'CHILLEPÍN', NULL),
	(44, 4204, 'EL TAMBO', NULL),
	(45, 4301, 'GUAMALATA', NULL),
	(46, 4301, 'OVALLE', NULL),
	(47, 4301, 'SOTAQUÍ', NULL),
	(48, 4301, 'LA CHIMBA', NULL),
	(49, 4301, 'LIMARÍ', NULL),
	(50, 4302, 'COMBARBALÁ', NULL),
	(51, 4303, 'MONTE PATRIA', NULL),
	(52, 4303, 'EL PALQUI', NULL),
	(53, 4303, 'CHAÑARAL ALTO', NULL),
	(54, 4304, 'PUNITAQUI', NULL),
	(55, 5101, 'LAGUNA VERDE', NULL),
	(56, 5101, 'VALPARAÍSO', NULL),
	(57, 5101, 'PLACILLA DE PEÑUELAS', NULL),
	(58, 5102, 'CASABLANCA', NULL),
	(59, 5103, 'CONCÓN', NULL),
	(60, 5105, 'MAITENCILLO', NULL),
	(61, 5105, 'PUCHUNCAVÍ', NULL),
	(62, 5105, 'LAS VENTANAS', NULL),
	(63, 5107, 'QUINTERO', NULL),
	(64, 5109, 'VIÑA DEL MAR', NULL),
	(65, 5201, 'HANGA ROA', NULL),
	(66, 5301, 'SAN RAFAEL', NULL),
	(67, 5301, 'LOS ANDES', NULL),
	(68, 5302, 'CALLE LARGA', NULL),
	(69, 5302, 'LA CALDERA', NULL),
	(70, 5303, 'RINCONADA', NULL),
	(71, 5304, 'SAN ESTEBAN', NULL),
	(72, 5304, 'EL HIGUERAL', NULL),
	(73, 5401, 'VALLE HERMOSO', NULL),
	(74, 5401, 'LA LIGUA', NULL),
	(75, 5401, 'PLACILLA', NULL),
	(76, 5401, 'EL CARMEN - LA HIGUERA', NULL),
	(77, 5402, 'ARTIFICIO', NULL),
	(78, 5402, 'CABILDO', NULL),
	(79, 5403, 'PULLALLI', NULL),
	(80, 5403, 'PAPUDO', NULL),
	(81, 5404, 'CHINCOLCO', NULL),
	(82, 5404, 'PETORCA', NULL),
	(83, 5405, 'ZAPALLAR', NULL),
	(84, 5405, 'CATAPILCO', NULL),
	(85, 5405, 'CACHAGUA', NULL),
	(86, 5405, 'LA LAGUNA DE ZAPALLAR', NULL),
	(87, 5501, 'QUILLOTA', NULL),
	(88, 5501, 'SAN PEDRO', NULL),
	(89, 5502, 'LA CALERA', NULL),
	(90, 5502, 'LAS CABRITAS', NULL),
	(91, 5503, 'HIJUELAS', NULL),
	(92, 5503, 'RABUCO', NULL),
	(93, 5504, 'LA CRUZ', NULL),
	(94, 5506, 'EL MELÓN', NULL),
	(95, 5506, 'NOGALES', NULL),
	(96, 5601, 'SAN ANTONIO', NULL),
	(97, 5602, 'MIRASOL - EL YECO', NULL),
	(98, 5602, 'ALGARROBO', NULL),
	(99, 5603, 'CARTAGENA', NULL),
	(100, 5604, 'EL QUISCO', NULL),
	(101, 5605, 'LAS CRUCES', NULL),
	(102, 5605, 'EL TABO', NULL),
	(103, 5606, 'SANTO DOMINGO', NULL),
	(104, 5701, 'ALGARROBAL - PUNTA EL OLIVO', NULL),
	(105, 5701, 'SAN FELIPE', NULL),
	(106, 5701, 'CURIMÓN', NULL),
	(107, 5702, 'CATEMU', NULL),
	(108, 5703, 'LLAILLAY', NULL),
	(109, 5704, 'PANQUEHUE', NULL),
	(110, 5705, 'PUTAENDO', NULL),
	(111, 5706, 'SANTA MARÍA', NULL),
	(112, 5706, 'VILLA LOS ALMENDROS', NULL),
	(113, 5706, 'EL LLANO', NULL),
	(114, 5801, 'QUILPUÉ', NULL),
	(115, 5802, 'LIMACHE', NULL),
	(116, 5803, 'OLMUÉ', NULL),
	(117, 5804, 'VILLA ALEMANA', NULL),
	(118, 6101, 'RANCAGUA', NULL),
	(119, 6101, 'PUNTA DE CORTÉS', NULL),
	(120, 6101, 'VILLA SAN RAMÓN DOS', NULL),
	(121, 6102, 'CODEGUA', NULL),
	(122, 6102, 'LA COMPAÑÍA', NULL),
	(123, 6103, 'COINCO', NULL),
	(124, 6104, 'LORETO - MOLINO', NULL),
	(125, 6104, 'DOÑIHUE', NULL),
	(126, 6104, 'COLTAUCO', NULL),
	(127, 6104, 'RINCONADA DE PARRAL', NULL),
	(128, 6105, 'LO MIRANDA', NULL),
	(129, 6106, 'GRANEROS', NULL),
	(130, 6107, 'LAS CABRAS', NULL),
	(131, 6107, 'EL MANZANO', NULL),
	(132, 6108, 'MACHALÍ', NULL),
	(133, 6108, 'COYA', NULL),
	(134, 6109, 'MALLOA', NULL),
	(135, 6109, 'PELEQUÉN', NULL),
	(136, 6110, 'SAN FRANCISCO DE MOSTAZAL', NULL),
	(137, 6110, 'LA PUNTA', NULL),
	(138, 6110, 'ANGOSTURA', NULL),
	(139, 6111, 'GULTRO', NULL),
	(140, 6111, 'OLIVAR ALTO', NULL),
	(141, 6111, 'OLIVAR BAJO', NULL),
	(142, 6112, 'PUNTA DE DIAMANTE', NULL),
	(143, 6112, 'PEUMO', NULL),
	(144, 6112, 'ROSARIO CODAO CARRETERA', NULL),
	(145, 6112, 'LA ESPERANZA - EL CORTIJO', NULL),
	(146, 6113, 'CERRO PATAGUAS', NULL),
	(147, 6113, 'PICHIDEGUA', NULL),
	(148, 6113, 'PATAGUAS ORILLA', NULL),
	(149, 6114, 'QUINTA DE TILCOCO', NULL),
	(150, 6115, 'ROSARIO', NULL),
	(151, 6115, 'RENGO', NULL),
	(152, 6115, 'ESMERALDA', NULL),
	(153, 6116, 'LOS LIRIOS', NULL),
	(154, 6116, 'REQUÍNOA', NULL),
	(155, 6116, 'SANTA AMALIA', NULL),
	(156, 6117, 'SAN VICENTE DE TAGUA TAGUA', NULL),
	(157, 6117, 'RASTROJOS', NULL),
	(158, 6117, 'REQUEGUA', NULL),
	(159, 6201, 'PICHILEMU', NULL),
	(160, 6202, 'LA ESTRELLA', NULL),
	(161, 6203, 'LITUECHE', NULL),
	(162, 6204, 'MARCHIHUE', NULL),
	(163, 6204, 'RINCONADA DE ALCONES', NULL),
	(164, 6206, 'PAREDONES', NULL),
	(165, 6301, 'SAN FERNANDO', NULL),
	(166, 6301, 'QUILAPÁN - POLONIA', NULL),
	(167, 6301, 'AGUA BUENA', NULL),
	(168, 6301, 'PUENTE NEGRO', NULL),
	(169, 6302, 'CHÉPICA', NULL),
	(170, 6302, 'AUQUINCO', NULL),
	(171, 6303, 'TINGUIRIRICA', NULL),
	(172, 6303, 'CHIMBARONGO', NULL),
	(173, 6303, 'LA CUESTA', NULL),
	(174, 6304, 'LOLOL', NULL),
	(175, 6305, 'NANCAGUA', NULL),
	(176, 6305, 'CUNACO', NULL),
	(177, 6306, 'PALMILLA', NULL),
	(178, 6306, 'SAN JOSÉ DEL CARMEN', NULL),
	(179, 6307, 'POBLACIÓN', NULL),
	(180, 6307, 'PERALILLO', NULL),
	(181, 6310, 'SANTA CRUZ', NULL),
	(182, 7101, 'PANGUILEMO', NULL),
	(183, 7101, 'HUILQUILEMU', NULL),
	(184, 7101, 'TALCA', NULL),
	(185, 7102, 'LOS PELLINES', NULL),
	(186, 7102, 'CONSTITUCIÓN', NULL),
	(187, 7102, 'PUTÚ', NULL),
	(188, 7103, 'CUREPTO', NULL),
	(189, 7104, 'EMPEDRADO', NULL),
	(190, 7105, 'MAULE', NULL),
	(191, 7105, 'CHACARILLAS', NULL),
	(192, 7105, 'CULENAR', NULL),
	(193, 7106, 'PELARCO', NULL),
	(194, 7107, 'PENCAHUE', NULL),
	(195, 7107, 'LO FIGUEROA', NULL),
	(196, 7108, 'CUMPEO', NULL),
	(197, 7109, 'SAN CLEMENTE', NULL),
	(198, 7109, 'QUERI', NULL),
	(199, 7201, 'CAUQUENES', NULL),
	(200, 7202, 'CHANCO', NULL),
	(201, 7203, 'PELLUHUE', NULL),
	(202, 7203, 'CURANIPE', NULL),
	(203, 7301, 'SAN ALBERTO', NULL),
	(204, 7301, 'VILLA LOS NICHES', NULL),
	(205, 7301, 'CURICÓ', NULL),
	(206, 7302, 'HUALAÑÉ', NULL),
	(207, 7303, 'ILOCA', NULL),
	(208, 7303, 'LICANTÉN', NULL),
	(209, 7304, 'MOLINA', NULL),
	(210, 7305, 'RAUCO', NULL),
	(211, 7306, 'ROMERAL', NULL),
	(212, 7307, 'SAGRADA FAMILIA', NULL),
	(213, 7307, 'VILLA PRAT', NULL),
	(214, 7307, 'LA ISLA', NULL),
	(215, 7308, 'TENO', NULL),
	(216, 7309, 'LLICO', NULL),
	(217, 7401, 'LAS OBRAS', NULL),
	(218, 7401, 'LINARES', NULL),
	(219, 7401, 'VARA GRUESA', NULL),
	(220, 7402, 'COLBÚN', NULL),
	(221, 7402, 'PANIMÁVIDA', NULL),
	(222, 7403, 'LONGAVÍ', NULL),
	(223, 7403, 'LOS CRISTALES', NULL),
	(224, 7404, 'PARRAL', NULL),
	(225, 7405, 'COPIHUE', NULL),
	(226, 7405, 'RETIRO', NULL),
	(227, 7406, 'BOBADILLA', NULL),
	(228, 7406, 'SAN JAVIER', NULL),
	(229, 7406, 'ORILLA DE MAULE', NULL),
	(230, 7407, 'VILLA ALEGRE', NULL),
	(231, 7407, 'PEÑUELAS', NULL),
	(232, 7407, 'ESTACIÓN VILLA ALEGRE', NULL),
	(233, 7408, 'YERBAS BUENAS', NULL),
	(234, 7408, 'ABRÁNQUIL', NULL),
	(235, 7408, 'CINCO CAMINOS', NULL),
	(236, 8101, 'CONCEPCIÓN', NULL),
	(237, 8102, 'CORONEL', NULL),
	(238, 8103, 'CHIGUAYANTE', NULL),
	(239, 8104, 'FLORIDA', NULL),
	(240, 8105, 'HUALQUI', NULL),
	(241, 8105, 'TALCAMÁVIDA', NULL),
	(242, 8106, 'LOTA', NULL),
	(243, 8107, 'PENCO', NULL),
	(244, 8108, 'SAN PEDRO DE LA PAZ', NULL),
	(245, 8109, 'SANTA JUANA', NULL),
	(246, 8110, 'CALETA TUMBES', NULL),
	(247, 8110, 'TALCAHUANO', NULL),
	(248, 8111, 'DICHATO', NULL),
	(249, 8111, 'RAFAEL', NULL),
	(250, 8111, 'TOMÉ', NULL),
	(251, 8111, 'PUNTA DE PARRA', NULL),
	(252, 8112, 'HUALPÉN', NULL),
	(253, 8201, 'LEBU', NULL),
	(254, 8201, 'SANTA ROSA', NULL),
	(255, 8201, 'PEHUÉN', NULL),
	(256, 8202, 'LARAQUETE', NULL),
	(257, 8202, 'ARAUCO', NULL),
	(258, 8202, 'CARAMPANGUE', NULL),
	(259, 8202, 'RAMADILLAS', NULL),
	(260, 8203, 'CAÑETE', NULL),
	(261, 8204, 'CONTULMO', NULL),
	(262, 8205, 'CURANILAHUE', NULL),
	(263, 8206, 'LOS ÁLAMOS', NULL),
	(264, 8206, 'ANTIGUALA', NULL),
	(265, 8207, 'TIRÚA', NULL),
	(266, 8207, 'QUIDICO', NULL),
	(267, 8301, 'MILLANTÚ', NULL),
	(268, 8301, 'LOS ÁNGELES', NULL),
	(269, 8301, 'SANTA FÉ', NULL),
	(270, 8301, 'SAN CARLOS DE PURÉN', NULL),
	(271, 8301, 'VIRQUENCO', NULL),
	(272, 8301, 'PUEBLO NUEVO', NULL),
	(273, 8302, 'ANTUCO', NULL),
	(274, 8303, 'CABRERO', NULL),
	(275, 8303, 'MONTE ÁGUILA', NULL),
	(276, 8304, 'LA LAJA', NULL),
	(277, 8305, 'MULCHÉN', NULL),
	(278, 8306, 'NACIMIENTO', NULL),
	(279, 8307, 'COIHUE', NULL),
	(280, 8307, 'NEGRETE', NULL),
	(281, 8308, 'QUILACO', NULL),
	(282, 8309, 'LAS CANTERAS', NULL),
	(283, 8309, 'VILLA MERCEDES', NULL),
	(284, 8309, 'QUILLECO', NULL),
	(285, 8310, 'SAN ROSENDO', NULL),
	(286, 8311, 'SANTA BÁRBARA', NULL),
	(287, 8312, 'HUÉPIL', NULL),
	(288, 8312, 'TUCAPEL', NULL),
	(289, 8312, 'POLCURA', NULL),
	(290, 8313, 'YUMBEL', NULL),
	(291, 8313, 'ESTACIÓN YUMBEL', NULL),
	(292, 9101, 'PORTAL SAN FRANCISCO', NULL),
	(293, 9101, 'LABRANZA', NULL),
	(294, 9101, 'TEMUCO', NULL),
	(295, 9102, 'TROVOLHUE', NULL),
	(296, 9102, 'CARAHUE', NULL),
	(297, 9103, 'CUNCO', NULL),
	(298, 9103, 'LOS LAURELES', NULL),
	(299, 9104, 'CURARREHUE', NULL),
	(300, 9105, 'QUEPE', NULL),
	(301, 9105, 'FREIRE', NULL),
	(302, 9106, 'GALVARINO', NULL),
	(303, 9107, 'GORBEA', NULL),
	(304, 9107, 'LASTARRIA', NULL),
	(305, 9108, 'LAUTARO', NULL),
	(306, 9108, 'PILLANLELBÚN', NULL),
	(307, 9109, 'HUISCAPI', NULL),
	(308, 9109, 'LONCOCHE', NULL),
	(309, 9110, 'MELIPEUCO', NULL),
	(310, 9111, 'NUEVA IMPERIAL', NULL),
	(311, 9112, 'PADRE LAS CASAS', NULL),
	(312, 9112, 'SAN RAMÓN', NULL),
	(313, 9113, 'PERQUENCO', NULL),
	(314, 9114, 'PITRUFQUÉN', NULL),
	(315, 9115, 'PUCÓN', NULL),
	(316, 9116, 'PUERTO SAAVEDRA', NULL),
	(317, 9117, 'TEODORO SCHMIDT', NULL),
	(318, 9117, 'GUALPÍN', NULL),
	(319, 9118, 'NUEVA TOLTÉN', NULL),
	(320, 9118, 'QUEULE', NULL),
	(321, 9119, 'VILCÚN', NULL),
	(322, 9119, 'CAJÓN', NULL),
	(323, 9119, 'CHERQUENCO', NULL),
	(324, 9119, 'GENERAL LÓPEZ', NULL),
	(325, 9120, 'ÑANCUL', NULL),
	(326, 9120, 'LICÁN RAY', NULL),
	(327, 9120, 'VILLARRICA', NULL),
	(328, 9121, 'CHOLCHOL', NULL),
	(329, 9201, 'ANGOL', NULL),
	(330, 9202, 'COLLIPULLI', NULL),
	(331, 9202, 'MININCO', NULL),
	(332, 9203, 'CURACAUTÍN', NULL),
	(333, 9204, 'ERCILLA', NULL),
	(334, 9204, 'PAILAHUEQUE', NULL),
	(335, 9205, 'LONQUIMAY', NULL),
	(336, 9206, 'LOS SAUCES', NULL),
	(337, 9207, 'LUMACO', NULL),
	(338, 9207, 'CAPITÁN PASTENE', NULL),
	(339, 9208, 'PURÉN', NULL),
	(340, 9209, 'TIJERAL', NULL),
	(341, 9209, 'RENAICO', NULL),
	(342, 9210, 'TRAIGUÉN', NULL),
	(343, 9211, 'VICTORIA', NULL),
	(344, 10101, 'ALERCE', NULL),
	(345, 10101, 'PUERTO MONTT', NULL),
	(346, 10101, 'LA VARA', NULL),
	(347, 10101, 'SENDA SUR', NULL),
	(348, 10101, 'COIHUÍN', NULL),
	(349, 10101, 'EL TEPUAL', NULL),
	(350, 10102, 'CALBUCO', NULL),
	(351, 10104, 'FRESIA', NULL),
	(352, 10105, 'FRUTILLAR', NULL),
	(353, 10106, 'LOS MUERMOS', NULL),
	(354, 10107, 'LLANQUIHUE', NULL),
	(355, 10108, 'MAULLÍN', NULL),
	(356, 10108, 'CARELMAPU', NULL),
	(357, 10109, 'PUERTO VARAS', NULL),
	(358, 10109, 'NUEVA BRAUNAU', NULL),
	(359, 10109, 'MIRADOR DE PUERTO VARAS', NULL),
	(360, 10201, 'CASTRO', NULL),
	(361, 10202, 'ANCUD', NULL),
	(362, 10203, 'CHONCHI', NULL),
	(363, 10204, 'CURACO DE VÉLEZ', NULL),
	(364, 10205, 'DALCAHUE', NULL),
	(365, 10207, 'QUEILÉN', NULL),
	(366, 10208, 'QUELLÓN', NULL),
	(367, 10209, 'QUEMCHI', NULL),
	(368, 10210, 'ACHAO', NULL),
	(369, 10301, 'OSORNO', NULL),
	(370, 10302, 'PUERTO OCTAY', NULL),
	(371, 10303, 'PURRANQUE', NULL),
	(372, 10303, 'CORTE ALTO', NULL),
	(373, 10304, 'ENTRE LAGOS', NULL),
	(374, 10305, 'RÍO NEGRO', NULL),
	(375, 10306, 'BAHÍA MANSA - MUICOLPUE', NULL),
	(376, 10307, 'SAN PABLO', NULL),
	(377, 10401, 'CHAITÉN', NULL),
	(378, 10402, 'FUTALEUFÚ', NULL),
	(379, 10404, 'PALENA', NULL),
	(380, 11101, 'COYHAIQUE', NULL),
	(381, 11201, 'PUERTO AYSÉN', NULL),
	(382, 11201, 'PUERTO CHACABUCO', NULL),
	(383, 11201, 'VILLA MAÑIGUALES', NULL),
	(384, 11202, 'PUERTO CISNES', NULL),
	(385, 11202, 'LA JUNTA', NULL),
	(386, 11203, 'MELINKA', NULL),
	(387, 11301, 'COCHRANE', NULL),
	(388, 11401, 'CHILE CHICO', NULL),
	(389, 12101, 'PUNTA ARENAS', NULL),
	(390, 12201, 'PUERTO WILLIAMS', NULL),
	(391, 12301, 'PORVENIR', NULL),
	(392, 12401, 'PUERTO NATALES', NULL),
	(393, 13101, 'SANTIAGO', NULL),
	(394, 13102, 'CERRILLOS', NULL),
	(395, 13103, 'CERRO NAVIA', NULL),
	(396, 13104, 'CONCHALÍ', NULL),
	(397, 13105, 'EL BOSQUE', NULL),
	(398, 13106, 'ESTACIÓN CENTRAL', NULL),
	(399, 13107, 'HUECHURABA', NULL),
	(400, 13108, 'INDEPENDENCIA', NULL),
	(401, 13109, 'LA CISTERNA', NULL),
	(402, 13110, 'LA FLORIDA', NULL),
	(403, 13111, 'LA GRANJA', NULL),
	(404, 13112, 'LA PINTANA', NULL),
	(405, 13113, 'LA REINA', NULL),
	(406, 13114, 'LAS CONDES', NULL),
	(407, 13115, 'LO BARNECHEA', NULL),
	(408, 13116, 'LO ESPEJO', NULL),
	(409, 13117, 'LO PRADO', NULL),
	(410, 13118, 'MACUL', NULL),
	(411, 13119, 'MAIPÚ', NULL),
	(412, 13119, 'EL MAITÉN', NULL),
	(413, 13120, 'ÑUÑOA', NULL),
	(414, 13121, 'PEDRO AGUIRRE CERDA', NULL),
	(415, 13122, 'PEÑALOLÉN', NULL),
	(416, 13123, 'PROVIDENCIA', NULL),
	(417, 13124, 'LO AGUIRRE', NULL),
	(418, 13124, 'PUDAHUEL', NULL),
	(419, 13124, 'CIUDAD DEL VALLE', NULL),
	(420, 13124, 'EL CAMBUCHO', NULL),
	(421, 13124, 'NOVICIADO ALTO', NULL),
	(422, 13124, 'VILLA CAMPO ALEGRE', NULL),
	(423, 13125, 'QULICURA', NULL),
	(424, 13126, 'QUINTA NORMAL', NULL),
	(425, 13127, 'RECOLETA', NULL),
	(426, 13128, 'RENCA', NULL),
	(427, 13129, 'SAN JOAQUÍN', NULL),
	(428, 13130, 'SAN MIGUEL', NULL),
	(429, 13132, 'VITACURA', NULL),
	(430, 13201, 'PUENTE ALTO', NULL),
	(431, 13202, 'PIRQUE', NULL),
	(432, 13202, 'EL PRINCIPAL', NULL),
	(433, 13203, 'SAN JOSÉ DE MAIPO', NULL),
	(434, 13203, 'SAN ALFONSO', NULL),
	(435, 13203, 'LA OBRA - LAS VERTIENTES', NULL),
	(436, 13301, 'COLINA', NULL),
	(437, 13301, 'SANTA MARTA DE LIRAY', NULL),
	(438, 13301, 'CHICUREO', NULL),
	(439, 13301, 'CHAMISERO', NULL),
	(440, 13301, 'SANTA ELENA', NULL),
	(441, 13301, 'LO ARCAYA - CASAS VIEJAS', NULL),
	(442, 13301, 'LOS INGLESES', NULL),
	(443, 13301, 'EL COLORADO', NULL),
	(444, 13302, 'BATUCO', NULL),
	(445, 13302, 'ESTACIÓN COLINA', NULL),
	(446, 13302, 'LAMPA', NULL),
	(447, 13302, 'VALLE GRANDE', NULL),
	(448, 13302, 'CHICAUMA', NULL),
	(449, 13302, 'SOL DE SEPTIEMBRE', NULL),
	(450, 13302, 'LO CASTRO', NULL),
	(451, 13303, 'TILTIL', NULL),
	(452, 13303, 'HUERTOS FAMILIARES', NULL),
	(453, 13303, 'ALTO EL MANZANO', NULL),
	(454, 13303, 'ESTACIÓN POLPAICO', NULL),
	(455, 13401, 'LO HERRERA', NULL),
	(456, 13401, 'SAN BERNARDO', NULL),
	(457, 13402, 'EL RULO', NULL),
	(458, 13402, 'ALTO JAHUEL', NULL),
	(459, 13402, 'VILUCO', NULL),
	(460, 13402, 'BUIN', NULL),
	(461, 13402, 'VALDIVIA DE PAINE', NULL),
	(462, 13403, 'SAN IGNACIO', NULL),
	(463, 13403, 'BAJOS DE SAN AGUSTÍN', NULL),
	(464, 13403, 'EL ROTO CHILENO', NULL),
	(465, 13404, 'PAINE', NULL),
	(466, 13404, 'HUELQUÉN', NULL),
	(467, 13404, 'HOSPITAL', NULL),
	(468, 13404, 'PINTUÉ - LA GUACHERA', NULL),
	(469, 13404, 'EL TRÁNSITO', NULL),
	(470, 13404, 'CHADA', NULL),
	(471, 13501, 'BOLLENAR', NULL),
	(472, 13501, 'POMAIRE', NULL),
	(473, 13501, 'MELIPILLA', NULL),
	(474, 13501, 'PABELLÓN', NULL),
	(475, 13501, 'SAN JOSÉ', NULL),
	(476, 13502, 'VILLA ALHUÉ', NULL),
	(477, 13503, 'CURACAVÍ', NULL),
	(478, 13504, 'MARÍA PINTO', NULL),
	(479, 13504, 'LOS RULOS', NULL),
	(480, 13504, 'IBACACHE ALTO - CHOROMBO', NULL),
	(481, 13504, 'VILLA SANTA LUISA', NULL),
	(482, 13504, 'CHOROMBO BAJO', NULL),
	(483, 13601, 'TALAGANTE', NULL),
	(484, 13601, 'LONQUÉN', NULL),
	(485, 13602, 'EL MONTE', NULL),
	(486, 13603, 'ISLA DE MAIPO', NULL),
	(487, 13603, 'LA ISLITA', NULL),
	(488, 13603, 'SAN ANTONIO DE NALTAGUA', NULL),
	(489, 13604, 'PADRE HURTADO', NULL),
	(490, 13605, 'PEÑAFLOR', NULL),
	(491, 14101, 'NIEBLA', NULL),
	(492, 14101, 'VALDIVIA', NULL),
	(493, 14102, 'CORRAL', NULL),
	(494, 14103, 'LANCO', NULL),
	(495, 14103, 'MALALHUE', NULL),
	(496, 14104, 'LOS LAGOS', NULL),
	(497, 14105, 'MÁFIL', NULL),
	(498, 14106, 'SAN JOSÉ DE LA MARIQUINA', NULL),
	(499, 14107, 'PAILLACO', NULL),
	(500, 14107, 'REUMÉN', NULL),
	(501, 14108, 'COÑARIPE', NULL),
	(502, 14108, 'PANGUIPULLI', NULL),
	(503, 14108, 'NELTUME', NULL),
	(504, 14201, 'LA UNIÓN', NULL),
	(505, 14202, 'NONTUELA', NULL),
	(506, 14202, 'FUTRONO', NULL),
	(507, 14203, 'LAGO RANCO', NULL),
	(508, 14204, 'RÍO BUENO', NULL),
	(509, 15101, 'ARICA', NULL),
	(510, 15201, 'PUTRE', NULL),
	(511, 16101, 'CHILLÁN', NULL),
	(512, 16101, 'QUINCHAMALÍ', NULL),
	(513, 16101, 'LAS MARIPOSAS', NULL),
	(514, 16101, 'EL EMBOQUE', NULL),
	(515, 16102, 'BULNES', NULL),
	(516, 16102, 'SANTA CLARA', NULL),
	(517, 16103, 'CHILLÁN VIEJO', NULL),
	(518, 16104, 'EL CARMEN', NULL),
	(519, 16105, 'PEMUCO', NULL),
	(520, 16106, 'PINTO', NULL),
	(521, 16106, 'RECINTO - LOS LLEUQUES', NULL),
	(522, 16107, 'QUILLÓN', NULL),
	(523, 16108, 'PUEBLO SECO', NULL),
	(524, 16108, 'QUIRIQUINA', NULL),
	(525, 16109, 'YUNGAY', NULL),
	(526, 16109, 'CAMPANARIO', NULL),
	(527, 16201, 'QUIRIHUE', NULL),
	(528, 16202, 'COBQUECURA', NULL),
	(529, 16203, 'COELEMU', NULL),
	(530, 16203, 'RANGUELMO', NULL),
	(531, 16204, 'NINHUE', NULL),
	(532, 16205, 'PORTEZUELO', NULL),
	(533, 16206, 'ÑIPAS', NULL),
	(534, 16207, 'TREGUACO', NULL),
	(535, 16301, 'VILLA ILLINOIS', NULL),
	(536, 16301, 'SAN CARLOS', NULL),
	(537, 16302, 'COIHUECO', NULL),
	(538, 16303, 'SAN GREGORIO', NULL),
	(539, 16304, 'SAN FABIÁN DE ALICO', NULL),
	(540, 16305, 'SAN NICOLÁS', NULL),
	(541, 16305, 'PUENTE ÑUBLE', NULL),
	(542, 1101, 'CARAMUCHO', NULL),
	(543, 1101, 'CHANAVAYITA', NULL),
	(544, 1101, 'CHIPANA', NULL),
	(545, 1101, 'LOS VERDES', NULL),
	(546, 1101, 'PLAYA QUINTEROS', NULL),
	(547, 1101, 'POZO TOYO', NULL),
	(548, 1101, 'RÍO SECO', NULL),
	(549, 1101, 'BAJO MOLLE', NULL),
	(550, 1101, 'PLAYA BLANCA', NULL),
	(551, 1107, 'ESTANQUE DIEZ MIL', NULL),
	(552, 1107, 'HUANTAJAYA', NULL),
	(553, 1401, 'BAQUEDANO', NULL),
	(554, 1401, 'NUEVA CALIFORNIA', NULL),
	(555, 1401, 'IQUIUCA', NULL),
	(556, 1401, 'MAMIÑA', NULL),
	(557, 1401, 'QUIPISCA', NULL),
	(558, 1401, 'CANCHONES', NULL),
	(559, 1401, 'LA HUAYCA', NULL),
	(560, 1401, 'LA TIRANA', NULL),
	(561, 1401, 'HUATACONDO', NULL),
	(562, 1401, 'PINTADOS', NULL),
	(563, 1401, 'EX OFICINA VICTORIA', NULL),
	(564, 1402, 'CAMIÑA', NULL),
	(565, 1402, 'CHAPIQUILTA', NULL),
	(566, 1402, 'FRANCIA', NULL),
	(567, 1402, 'MOQUELLA', NULL),
	(568, 1402, 'NAMA', NULL),
	(569, 1402, 'QUISTAGAMA', NULL),
	(570, 1402, 'SAIÑA', NULL),
	(571, 1402, 'YALA YALA', NULL),
	(572, 1403, 'ANCOVINTO', NULL),
	(573, 1403, 'COLCHANE', NULL),
	(574, 1403, 'CARIQUIMA', NULL),
	(575, 1404, 'COSCAYA', NULL),
	(576, 1404, 'PACHICA', NULL),
	(577, 1404, 'POROMA', NULL),
	(578, 1404, 'TARAPACÁ', NULL),
	(579, 1404, 'CHUSMIZA', NULL),
	(580, 1404, 'HUAVIÑA', NULL),
	(581, 1404, 'LIMAXIÑA', NULL),
	(582, 1404, 'MOCHA', NULL),
	(583, 1404, 'SIBAYA', NULL),
	(584, 1404, 'SIPIZA', NULL),
	(585, 1404, 'USMAGAMA', NULL),
	(586, 1404, 'CHAMPAJA', NULL),
	(587, 1404, 'CHIZA', NULL),
	(588, 1404, 'CUANALLA', NULL),
	(589, 1404, 'MIÑITA', NULL),
	(590, 1404, 'QUIPINTA', NULL),
	(591, 1404, 'JAIÑA', NULL),
	(592, 1404, 'QUEBRADA DE AROMA', NULL),
	(593, 1404, 'SOTOCA', NULL),
	(594, 1405, 'MATILLA', NULL),
	(595, 1405, 'VALLE QUISMA', NULL),
	(596, 1405, 'COLLACAGUA', NULL),
	(597, 2101, 'ISLA SANTA MARÍA', NULL),
	(598, 2101, 'COLOSO', NULL),
	(599, 2101, 'LA NEGRA', NULL),
	(600, 2101, 'LAS PALMERAS', NULL),
	(601, 2102, 'BONANZA', NULL),
	(602, 2102, 'CAROLINA DE MICHILLA', NULL),
	(603, 2102, 'HORNITOS', NULL),
	(604, 2102, 'ITATA', NULL),
	(605, 2103, 'SIERRA GORDA', NULL),
	(606, 2104, 'CACHINALES', NULL),
	(607, 2104, 'PAPOSO', NULL),
	(608, 2201, 'QUEBRADA OPACHE', NULL),
	(609, 2203, 'TOCONAO', NULL),
	(610, 2301, 'CALETA URCO', NULL),
	(611, 2301, 'QUEBRADA HONDA', NULL),
	(612, 2301, 'CALETA INDÍGENA', NULL),
	(613, 2302, 'VALLE DE QUILLAGUA', NULL),
	(614, 3101, 'SIERRA JESÚS MARÍA', NULL),
	(615, 3101, 'TOLEDO', NULL),
	(616, 3101, 'CARDONES', NULL),
	(617, 3101, 'SAN JUAN', NULL),
	(618, 3101, 'SAN PEDRO', NULL),
	(619, 3101, 'QUEBRADA PAIPOTE', NULL),
	(620, 3101, 'COMUNIDAD AGRÍCOLA HISTÓRICA TOTORAL', NULL),
	(621, 3101, 'TOTORAL', NULL),
	(622, 3102, 'BAHÍA INGLESA', NULL),
	(623, 3102, 'TOTORALILLO', NULL),
	(624, 3102, 'BARRANQUILLA', NULL),
	(625, 3102, 'PUERTO VIEJO', NULL),
	(626, 3103, 'NANTOCO', NULL),
	(627, 3103, 'EMBALSE LAUTARO', NULL),
	(628, 3103, 'SAN ANTONIO', NULL),
	(629, 3103, 'LOS LOROS', NULL),
	(630, 3103, 'ELISA DE BORDOS', NULL),
	(631, 3201, 'EL CALEUCHE', NULL),
	(632, 3201, 'EL SALADO', NULL),
	(633, 3201, 'CONCHILLAS', NULL),
	(634, 3201, 'FLAMENCO', NULL),
	(635, 3201, 'PORTOFINO', NULL),
	(636, 3201, 'TORRES DEL INCA', NULL),
	(637, 3202, 'INCA DE ORO', NULL),
	(638, 3301, 'EL JILGUERO', NULL),
	(639, 3301, 'QUEBRADA VALPARAÍSO', NULL),
	(640, 3301, 'BUENA ESPERANZA', NULL),
	(641, 3301, 'LA COMPAÑÍA', NULL),
	(642, 3301, 'DOMEYKO', NULL),
	(643, 3301, 'PUNTA DE MARAÑÓN', NULL),
	(644, 3301, 'CAMARONES', NULL),
	(645, 3301, 'CHAÑAR BLANCO', NULL),
	(646, 3301, 'LA POSADA', NULL),
	(647, 3301, 'LAS POROTAS', NULL),
	(648, 3301, 'INCAHUASI', NULL),
	(649, 3301, 'ESTACIÓN ROMERO', NULL),
	(650, 3301, 'QUEBRADA LAS CAÑAS', NULL),
	(651, 3302, 'ALTO DEL CARMEN', NULL),
	(652, 3302, 'LA VEGA', NULL),
	(653, 3302, 'COMUNIDAD AGRÍCOLA HISTÓRICA LOS HUASCOALTINOS', NULL),
	(654, 3302, 'EL TRÁNSITO', NULL),
	(655, 3302, 'CERRO ALEGRE', NULL),
	(656, 3302, 'LOS CANALES', NULL),
	(657, 3302, 'CRUCECITA', NULL),
	(658, 3302, 'RETAMO', NULL),
	(659, 3302, 'EL CORRAL', NULL),
	(660, 3302, 'EL SOMBRÍO', NULL),
	(661, 3303, 'LAS TABLAS', NULL),
	(662, 3303, 'MAITENCILLO', NULL),
	(663, 3303, 'NICOLASA', NULL),
	(664, 3303, 'TATARA', NULL),
	(665, 3303, 'LOS BRONCES', NULL),
	(666, 3303, 'QUEBRADITA', NULL),
	(667, 3303, 'CARRIZALILLO', NULL),
	(668, 3303, 'CHAÑARAL DE ACEITUNO', NULL),
	(669, 3304, 'LOS TOYOS', NULL),
	(670, 3304, 'VILLA GUACOLDA', NULL),
	(671, 3304, 'CANTO DE AGUA', NULL),
	(672, 3304, 'CARRIZAL', NULL),
	(673, 3304, 'LLANOS DEL LAGARTO', NULL),
	(674, 4101, 'HUACHALALUME', NULL),
	(675, 4101, 'SAN VALENTÍN', NULL),
	(676, 4101, 'EL ROSARIO', NULL),
	(677, 4101, 'GABRIELA MISTRAL', NULL),
	(678, 4101, 'QUEBRADA DE TALCA', NULL),
	(679, 4101, 'COMUNIDAD AGRÍCOLA HISTÓRICA LAS ROJAS DE CUTÚN', NULL),
	(680, 4101, 'LAS ROJAS', NULL),
	(681, 4101, 'PELÍCANA', NULL),
	(682, 4101, 'PUNTA DE PIEDRA', NULL),
	(683, 4101, 'EL ROMERO', NULL),
	(684, 4101, 'COMUNIDAD AGRÍCOLA HISTÓRICA OLLA DE CALDERA', NULL),
	(685, 4101, 'ISLÓN', NULL),
	(686, 4101, 'LAMBERT', NULL),
	(687, 4101, 'COMUNIDAD AGRÍCOLA HISTÓRICA EL CHACAY', NULL),
	(688, 4101, 'COMUNIDAD SANTA ELVIRA', NULL),
	(689, 4101, 'EL ARRAYÁN', NULL),
	(690, 4101, 'EL ROMERAL', NULL),
	(691, 4101, 'SERENA GOLF', NULL),
	(692, 4102, 'CRUZ DE CAÑA', NULL),
	(693, 4102, 'PAN DE AZÚCAR', NULL),
	(694, 4102, 'COMUNIDAD AGRÍCOLA HISTÓRICA MAJADA BLANCA', NULL),
	(695, 4102, 'NUEVA VIDA', NULL),
	(696, 4102, 'COMUNIDAD AGRÍCOLA HISTÓRICA LA HERRADURA', NULL),
	(697, 4102, 'LAS TACAS', NULL),
	(698, 4102, 'COMUNIDAD AGRÍCOLA HISTÓRICA CUESTA EL MANZANO', NULL),
	(699, 4102, 'QUITALLACO', NULL),
	(700, 4102, 'TAMBILLOS', NULL),
	(701, 4102, 'LAS CARDAS', NULL),
	(702, 4102, 'EL TANGUE', NULL),
	(703, 4104, 'CALETA HORNOS', NULL),
	(704, 4104, 'COMUNIDAD AGRÍCOLA HISTÓRICA QUEBRADA HONDA', NULL),
	(705, 4104, 'LA PUNTILLA', NULL),
	(706, 4104, 'CHUNGUNGO', NULL),
	(707, 4104, 'TOTORALILLO NORTE', NULL),
	(708, 4104, 'COMUNIDAD AGRÍCOLA HISTÓRICA LOS CHOROS', NULL),
	(709, 4104, 'LOS CHOROS', NULL),
	(710, 4104, 'PUNTA DE CHOROS', NULL),
	(711, 4104, 'LOS MORROS', NULL),
	(712, 4104, 'PUNTA COLORADA', NULL),
	(713, 4104, 'EL TRAPICHE', NULL),
	(714, 4105, 'COMUNIDAD AGRÍCOLA HISTÓRICA CHANCHOQUÍ', NULL),
	(715, 4105, 'PAIHUANO', NULL),
	(716, 4105, 'QUEBRADA DE PAIHUANO', NULL),
	(717, 4105, 'QUEBRADA DE PINTO', NULL),
	(718, 4105, 'COCHIHUÁZ', NULL),
	(719, 4105, 'COMUNIDAD AGRÍCOLA HISTÓRICA ESTERO DERECHO', NULL),
	(720, 4105, 'MONTEGRANDE', NULL),
	(721, 4105, 'ALCOHUÁZ', NULL),
	(722, 4105, 'HORCÓN', NULL),
	(723, 4105, 'PISCO ELQUI', NULL),
	(724, 4105, 'LA JARILLA', NULL),
	(725, 4106, 'COMUNIDAD AGRÍCOLA HISTÓRICA SAN ISIDRO', NULL),
	(726, 4106, 'DIAGUITAS', NULL),
	(727, 4106, 'EL ARENAL', NULL),
	(728, 4106, 'MAMALLUCA', NULL),
	(729, 4106, 'COMUNIDAD AGRÍCOLA HISTÓRICA UCHUMI - DIAGUITAS', NULL),
	(730, 4106, 'ANDACOLLITO', NULL),
	(731, 4106, 'LA CAMPANA', NULL),
	(732, 4106, 'PERALILLO', NULL),
	(733, 4106, 'EL TAMBO', NULL),
	(734, 4106, 'CERRO TOLOLO', NULL),
	(735, 4106, 'EL MAITÉN', NULL),
	(736, 4106, 'LA CALERA', NULL),
	(737, 4106, 'POLLA ALTA', NULL),
	(738, 4106, 'EL MOLLE', NULL),
	(739, 4106, 'MARQUESA', NULL),
	(740, 4106, 'QUEBRADA MARQUESA', NULL),
	(741, 4106, 'COMUNIDAD AGRÍCOLA HISTÓRICA GUALLIGUAICA', NULL),
	(742, 4106, 'GUALLIGUAICA', NULL),
	(743, 4106, 'RIVADAVIA', NULL),
	(744, 4106, 'CHAPILCA', NULL),
	(745, 4106, 'GUANTA', NULL),
	(746, 4201, 'ASIENTO VIEJO', NULL),
	(747, 4201, 'CÁRCAMO', NULL),
	(748, 4201, 'LIMÁHUIDA', NULL),
	(749, 4201, 'SOCAVÓN', NULL),
	(750, 4201, 'CANELILLO', NULL),
	(751, 4201, 'CHOAPA', NULL),
	(752, 4201, 'LAS CAÑAS', NULL),
	(753, 4201, 'PINTACURA', NULL),
	(754, 4201, 'COMUNIDAD AGRÍCOLA HISTÓRICA CUZ CUZ', NULL),
	(755, 4201, 'MATANCILLA', NULL),
	(756, 4201, 'SANTA VIRGINIA', NULL),
	(757, 4202, 'COMUNIDAD AGRÍCOLA HISTÓRICA MINCHA NORTE', NULL),
	(758, 4202, 'COMUNIDAD AGRÍCOLA HISTÓRICA CANELA ALTA', NULL),
	(759, 4202, 'COMUNIDAD AGRÍCOLA HISTÓRICA MINCHA SUR', NULL),
	(760, 4202, 'HUENTELAUQUÉN SUR', NULL),
	(761, 4202, 'COMUNIDAD AGRÍCOLA HISTÓRICA HUENTELAUQUÉN', NULL),
	(762, 4202, 'PUERTO OSCURO', NULL),
	(763, 4202, 'CANELA ALTA', NULL),
	(764, 4202, 'COMUNIDAD AGRÍCOLA HISTÓRICA CANELA BAJA', NULL),
	(765, 4202, 'COMUNIDAD AGRÍCOLA HISTÓRICA CANELILLA CANELA', NULL),
	(766, 4203, 'CONCHALÍ', NULL),
	(767, 4203, 'CAVILOLÉN', NULL),
	(768, 4203, 'CAIMANES', NULL),
	(769, 4203, 'TILAMA', NULL),
	(770, 4203, 'LOS CÓNDORES', NULL),
	(771, 4203, 'GUANGUALÍ', NULL),
	(772, 4204, 'COMUNIDAD AGRÍCOLA HISTÓRICA CHALINGA', NULL),
	(773, 4204, 'ARBOLEDA GRANDE', NULL),
	(774, 4204, 'SAN AGUSTÍN', NULL),
	(775, 4204, 'LLIMPO', NULL),
	(776, 4204, 'CUNCUMÉN', NULL),
	(777, 4204, 'BATUCO', NULL),
	(778, 4204, 'TRANQUILLA', NULL),
	(779, 4204, 'COIRÓN', NULL),
	(780, 4204, 'PUNTA NUEVA', NULL),
	(781, 4204, 'QUELÉN', NULL),
	(782, 4204, 'CAMISAS', NULL),
	(783, 4204, 'TAHUINCO', NULL),
	(784, 4204, 'CHUCHIÑÍ', NULL),
	(785, 4204, 'EL QUEÑE', NULL),
	(786, 4204, 'PANGUECILLO', NULL),
	(787, 4301, 'COMUNIDAD AGRÍCOLA HISTÓRICA POTRERILLOS ALTOS', NULL),
	(788, 4301, 'SONORA', NULL),
	(789, 4301, 'TRAPICHE', NULL),
	(790, 4301, 'EL TALHUÉN', NULL),
	(791, 4301, 'COMUNIDAD AGRÍCOLA HISTÓRICA LAGUNILLAS GALLEGUILLOS DEL VALLE', NULL),
	(792, 4301, 'LAGUNILLAS', NULL),
	(793, 4301, 'RECOLETA', NULL),
	(794, 4301, 'COMUNIDAD AGRÍCOLA HISTÓRICA EL OLIVO', NULL),
	(795, 4301, 'COMUNIDAD AGRÍCOLA HISTÓRICA CANELILLA OVALLE', NULL),
	(796, 4301, 'SAMO BAJO', NULL),
	(797, 4301, 'CARACHILLA', NULL),
	(798, 4301, 'GUALLILLINGA', NULL),
	(799, 4301, 'SANTA CATALINA', NULL),
	(800, 4301, 'LA PLACA', NULL),
	(801, 4301, 'LA TORRE', NULL),
	(802, 4301, 'LAS SOSSAS', NULL),
	(803, 4301, 'CERRILLOS DE TAMAYA', NULL),
	(804, 4301, 'LOS OLIVOS', NULL),
	(805, 4301, 'QUEBRADA SECA', NULL),
	(806, 4301, 'SANTA CRISTINA', NULL),
	(807, 4301, 'ALGARROBO', NULL),
	(808, 4301, 'CERRILLOS POBRES', NULL),
	(809, 4301, 'COMUNIDAD AGRÍCOLA HISTÓRICA ORURO', NULL),
	(810, 4301, 'COMUNIDAD AGRÍCOLA HISTÓRICA VALDIVIA DE PUNILLA', NULL),
	(811, 4301, 'FRAY JORGE', NULL),
	(812, 4301, 'TALCARUCA', NULL),
	(813, 4301, 'CAMPO LINDO', NULL),
	(814, 4301, 'COMUNIDAD AGRÍCOLA HISTÓRICA BARRAZA', NULL),
	(815, 4301, 'COMUNIDAD AGRÍCOLA HISTÓRICA EL DURAZNO', NULL),
	(816, 4301, 'COMUNIDAD AGRÍCOLA HISTÓRICA SALALA', NULL),
	(817, 4301, 'SAN JULIÁN', NULL),
	(818, 4301, 'SERÓN DE SAN JULIÁN', NULL),
	(819, 4301, 'TABALÍ', NULL),
	(820, 4301, 'CAMARICO', NULL),
	(821, 4301, 'NUEVA AURORA', NULL),
	(822, 4301, 'COMUNIDAD AGRÍCOLA HISTÓRICA LA CALERA', NULL),
	(823, 4301, 'COMUNIDAD AGRÍCOLA HISTÓRICA CERRO BLANCO', NULL),
	(824, 4301, 'COMUNIDAD AGRÍCOLA HISTÓRICA FERNANDO ÁLVAREZ', NULL),
	(825, 4301, 'COMUNIDAD AGRÍCOLA HISTÓRICA ALGARROBO DE HORNILLOS', NULL),
	(826, 4301, 'COMUNIDAD AGRÍCOLA HISTÓRICA LA CEBADA', NULL),
	(827, 4301, 'MANTOS DE HORNILLOS', NULL),
	(828, 4301, 'COMUNIDAD AGRÍCOLA HISTÓRICA ALCONES', NULL),
	(829, 4302, 'COMUNIDAD AGRÍCOLA HISTÓRICA LA COLORADA DE AGUILERA Y SARMIENTO', NULL),
	(830, 4302, 'LA CAPILLA', NULL),
	(831, 4302, 'COMUNIDAD AGRÍCOLA HISTÓRICA JIMÉNEZ Y TAPIA', NULL),
	(832, 4302, 'LA LIGUA', NULL),
	(833, 4302, 'COGOTÍ DIECIOCHO', NULL),
	(834, 4302, 'COMUNIDAD AGRÍCOLA HISTÓRICA FERNÁNDEZ Y VÉLIZ', NULL),
	(835, 4302, 'LA CRUCITA', NULL),
	(836, 4302, 'COMUNIDAD AGRÍCOLA HISTÓRICA ÁLVAREZ DE VALLE HERMOSO', NULL),
	(837, 4302, 'COMUNIDAD AGRÍCOLA HISTÓRICA MANQUEHUA', NULL),
	(838, 4302, 'COMUNIDAD AGRÍCOLA HISTÓRICA CASTILLO MAL PASO Y OTROS', NULL),
	(839, 4302, 'COMUNIDAD AGRÍCOLA HISTÓRICA SAN LORENZO', NULL),
	(840, 4303, 'COMUNIDAD AGRÍCOLA HISTÓRICA MONTE PATRIA', NULL),
	(841, 4303, 'FLOR DEL VALLE', NULL),
	(842, 4303, 'AGUA CHICA', NULL),
	(843, 4303, 'CERRILLOS DE RAPEL', NULL),
	(844, 4303, 'JUNTAS', NULL),
	(845, 4303, 'HIGUERA DE RAPEL', NULL),
	(846, 4303, 'LOS ÁNGELES DE RAPEL', NULL),
	(847, 4303, 'RAPEL', NULL),
	(848, 4303, 'LAS MOLLACAS', NULL),
	(849, 4303, 'LOS LAURELES', NULL),
	(850, 4303, 'LOS MOLLES', NULL),
	(851, 4303, 'EL MAQUI', NULL),
	(852, 4303, 'PAMPA GRANDE', NULL),
	(853, 4303, 'LAS TRANQUITAS', NULL),
	(854, 4303, 'MOSTAZAL', NULL),
	(855, 4303, 'PEDREGAL', NULL),
	(856, 4303, 'LAS RAMADAS', NULL),
	(857, 4303, 'COMUNIDAD AGRÍCOLA HISTÓRICA MACANO', NULL),
	(858, 4303, 'TULAHUÉN', NULL),
	(859, 4303, 'CARÉN', NULL),
	(860, 4303, 'CHAGUARAL', NULL),
	(861, 4303, 'COMUNIDAD AGRÍCOLA HISTÓRICA QUEBRADA LA ARENA', NULL),
	(862, 4303, 'COMUNIDAD AGRÍCOLA HISTÓRICA QUEBRADA LAS MOLLACAS', NULL),
	(863, 4303, 'BELLAVISTA DE CARÉN', NULL),
	(864, 4303, 'SEMITA', NULL),
	(865, 4303, 'CHILECITO', NULL),
	(866, 4303, 'EL COIPO', NULL),
	(867, 4303, 'CARRETONES', NULL),
	(868, 4303, 'MIALQUI', NULL),
	(869, 4303, 'TAMELCURA', NULL),
	(870, 4303, 'HUATULAME', NULL),
	(871, 4303, 'EL TOMÉ ALTO', NULL),
	(872, 4303, 'COMUNIDAD AGRÍCOLA HISTÓRICA CHACARILLA', NULL),
	(873, 4303, 'LOS TAPIA', NULL),
	(874, 4303, 'LOS MORALES', NULL),
	(875, 4304, 'COMUNIDAD AGRÍCOLA HISTÓRICA PUNITAQUI', NULL),
	(876, 4304, 'COMUNIDAD AGRÍCOLA HISTÓRICA EL ALTAR', NULL),
	(877, 4304, 'GRANEROS', NULL),
	(878, 4304, 'GRANJITAS', NULL),
	(879, 4305, 'LAS BREAS', NULL),
	(880, 4305, 'COMUNIDAD AGRÍCOLA HISTÓRICA HUAMPULLA', NULL),
	(881, 4305, 'COMUNIDAD AGRÍCOLA HISTÓRICA LOS MAITENES', NULL),
	(882, 4305, 'COMUNIDAD AGRÍCOLA HISTÓRICA MENDOZA-CARRIZO Y ROMERO', NULL),
	(883, 4305, 'HUAMPULLA', NULL),
	(884, 4305, 'COMUNIDAD AGRÍCOLA HISTÓRICA DAÍN Y CORTADERILLA', NULL),
	(885, 4305, 'COMUNIDAD AGRÍCOLA HISTÓRICA EL ESPINAL DE SAN PEDRO', NULL),
	(886, 4305, 'EL ESPINAL', NULL),
	(887, 4305, 'PICHASCA', NULL),
	(888, 4305, 'COMUNIDAD AGRÍCOLA HISTÓRICA FUNDINA SUR', NULL),
	(889, 4305, 'FUNDINA', NULL),
	(890, 4305, 'COMUNIDAD AGRÍCOLA HISTÓRICA CERRO BLANCO Y GIGANTE', NULL),
	(891, 4305, 'SERÓN', NULL),
	(892, 4305, 'VADO DE MORRILLOS', NULL),
	(893, 4305, 'HURTADO', NULL),
	(894, 4305, 'EL CHAÑAR', NULL),
	(895, 4305, 'COMUNIDAD AGRÍCOLA HISTÓRICA BLAS BULRREME', NULL),
	(896, 4305, 'COMUNIDAD AGRÍCOLA HISTÓRICA EL ROMERAL', NULL),
	(897, 5102, 'POZA OSCURA', NULL),
	(898, 5102, 'TAPIHUE', NULL),
	(899, 5102, 'LA VINILLA', NULL),
	(900, 5102, 'LOS MAITENES', NULL),
	(901, 5102, 'VALLE HERMOSO ABAJO', NULL),
	(902, 5102, 'LAS DICHAS', NULL),
	(903, 5102, 'QUINTAY', NULL),
	(904, 5102, 'PASO HONDO', NULL),
	(905, 5102, 'LA PLAYA', NULL),
	(906, 5102, 'LO VÁSQUEZ', NULL),
	(907, 5104, 'ISLA ALEJANDRO SELKIRK', NULL),
	(908, 5104, 'ISLA ROBINSON CRUSOE', NULL),
	(909, 5105, 'EL RINCÓN', NULL),
	(910, 5105, 'PUCALÁN', NULL),
	(911, 5105, 'CAMPICHE', NULL),
	(912, 5107, 'LONCURA BAJO', NULL),
	(913, 5107, 'RITOQUE', NULL),
	(914, 5107, 'SANTA JULIA', NULL),
	(915, 5107, 'VALLE ALEGRE', NULL),
	(916, 5107, 'EL MIRADOR', NULL),
	(917, 5107, 'LAS GAVIOTAS', NULL),
	(918, 5107, 'MANTAGUA', NULL),
	(919, 5107, 'SAN RAMÓN', NULL),
	(920, 5107, 'SANTA ADELA', NULL),
	(921, 5107, 'SANTA ROSA DE COLMO', NULL),
	(922, 5201, 'POIKE', NULL),
	(923, 5301, 'LOS VILLARES', NULL),
	(924, 5301, 'EL SAUCE', NULL),
	(925, 5301, 'LAS VIZCACHAS', NULL),
	(926, 5301, 'LOS CHACAYES', NULL),
	(927, 5301, 'RÍO COLORADO', NULL),
	(928, 5301, 'ALTA MONTAÑA', NULL),
	(929, 5301, 'COMUNIDAD AGRÍCOLA HISTÓRICA CANO GALLEGO ALTO', NULL),
	(930, 5301, 'RÍO BLANCO', NULL),
	(931, 5301, 'SALADILLO', NULL),
	(932, 5302, 'PASO BASAURE', NULL),
	(933, 5302, 'TABOLANGO', NULL),
	(934, 5302, 'EL PATAGUAL', NULL),
	(935, 5302, 'SAN VICENTE', NULL),
	(936, 5302, 'AUCO', NULL),
	(937, 5302, 'EL CASTILLO', NULL),
	(938, 5302, 'EL GUINDAL', NULL),
	(939, 5303, 'EL RECREO', NULL),
	(940, 5303, 'TIERRAS BLANCAS', NULL),
	(941, 5304, 'CARIÑO BOTADO', NULL),
	(942, 5304, 'LA ERMITA', NULL),
	(943, 5304, 'LAS GOLONDRINAS', NULL),
	(944, 5304, 'LO CALVO', NULL),
	(945, 5304, 'COMUNIDAD AGRÍCOLA HISTÓRICA CAMPOS DE AHUMADA', NULL),
	(946, 5304, 'SAN FRANCISCO', NULL),
	(947, 5304, 'PRIMERA QUEBRADA', NULL),
	(948, 5304, 'EL CARRIZO', NULL),
	(949, 5304, 'EL GUAPE', NULL),
	(950, 5304, 'SAN MIGUEL', NULL),
	(951, 5304, 'LA FLORIDA', NULL),
	(952, 5304, 'LA FONCEA', NULL),
	(953, 5304, 'LAS JUNTAS', NULL),
	(954, 5304, 'TOCORNAL', NULL),
	(955, 5401, 'QUEBRADILLA', NULL),
	(956, 5401, 'EL CARMEN-LA HIGUERA', NULL),
	(957, 5401, 'QUINQUIMO', NULL),
	(958, 5401, 'COMUNIDAD AGRÍCOLA HISTÓRICA DE ROCO', NULL),
	(959, 5401, 'LONGOTOMA', NULL),
	(960, 5401, 'HUAQUÉN', NULL),
	(961, 5401, 'LOS QUINQUELLES', NULL),
	(962, 5401, 'PICHICUY', NULL),
	(963, 5402, 'MONTE GRANDE', NULL),
	(964, 5402, 'SAN JOSÉ', NULL),
	(965, 5402, 'LOS MOLINOS', NULL),
	(966, 5402, 'SAN LORENZO', NULL),
	(967, 5402, 'LAS PUERTAS', NULL),
	(968, 5402, 'LA VIÑA', NULL),
	(969, 5402, 'PAIHUÉN', NULL),
	(970, 5402, 'PILILÉN', NULL),
	(971, 5402, 'ALICAHUE', NULL),
	(972, 5402, 'LOS PERALES', NULL),
	(973, 5402, 'GUAYACÁN', NULL),
	(974, 5403, 'CABO VERDE', NULL),
	(975, 5404, 'CHALACO', NULL),
	(976, 5404, 'EL VALLE', NULL),
	(977, 5404, 'EL SOBRANTE', NULL),
	(978, 5404, 'LA POLCURA', NULL),
	(979, 5404, 'LOS COMUNES', NULL),
	(980, 5404, 'LA ÑIPA', NULL),
	(981, 5404, 'HIERRO VIEJO', NULL),
	(982, 5404, 'MANUEL MONTT', NULL),
	(983, 5404, 'PEDEGUA', NULL),
	(984, 5405, 'EL BLANQUILLO', NULL),
	(985, 5501, 'LA PALMA', NULL),
	(986, 5501, 'LOS ALMENDROS', NULL),
	(987, 5501, 'SAN ISIDRO', NULL),
	(988, 5501, 'SANTA OLIVIA', NULL),
	(989, 5501, 'MANZANAR', NULL),
	(990, 5501, 'RAUTÉN', NULL),
	(991, 5501, 'EL BOCO', NULL),
	(992, 5502, 'PACHACAMA', NULL),
	(993, 5502, 'PACHACAMITA', NULL),
	(994, 5503, 'CHÉPICA', NULL),
	(995, 5503, 'CUATRO ESQUINAS', NULL),
	(996, 5503, 'BARRACITA ALTO', NULL),
	(997, 5503, 'EL RETIRO', NULL),
	(998, 5503, 'LA SOMBRA', NULL),
	(999, 5503, 'OCOA', NULL),
	(1000, 5504, 'LO ROJAS', NULL),
	(1001, 5504, 'LA PALMILLA', NULL),
	(1002, 5504, 'POCOCHAY', NULL),
	(1003, 5506, 'LA PEÑA', NULL),
	(1004, 5601, 'AGUAS BUENAS', NULL),
	(1005, 5601, 'LEYDA', NULL),
	(1006, 5601, 'EL ASILO', NULL),
	(1007, 5601, 'VALLE ABAJO', NULL),
	(1008, 5602, 'EL MANZANO', NULL),
	(1009, 5603, 'LO ABARCA', NULL),
	(1010, 5603, 'LO ZÁRATE', NULL),
	(1011, 5603, 'EL TURCO', NULL),
	(1012, 5603, 'LOS LUNES', NULL),
	(1013, 5603, 'CAJÓN DE LA MAGDALENA', NULL),
	(1014, 5604, 'EL TOTORAL', NULL),
	(1015, 5605, 'EL MEMBRILLO', NULL),
	(1016, 5605, 'EL PÚQUIO', NULL),
	(1017, 5605, 'QUILLAICILLO', NULL),
	(1018, 5606, 'LAS BRISAS', NULL),
	(1019, 5606, 'BUCALEMITO', NULL),
	(1020, 5606, 'SAN ENRIQUE', NULL),
	(1021, 5701, 'ENCÓN', NULL),
	(1022, 5701, 'BUCALEMU', NULL),
	(1023, 5701, 'SAN RAFAEL', NULL),
	(1024, 5701, 'LOS CAMPOS', NULL),
	(1025, 5701, 'BELLAVISTA', NULL),
	(1026, 5701, 'BARRANCAS', NULL),
	(1027, 5701, 'EL ASIENTO', NULL),
	(1028, 5701, 'QUEBRADA DE HERRERA', NULL),
	(1029, 5701, 'VEINTIUNO DE MAYO', NULL),
	(1030, 5702, 'EL CARMELO', NULL),
	(1031, 5702, 'EL COBRE', NULL),
	(1032, 5702, 'EL SECO', NULL),
	(1033, 5702, 'LA COLONIA', NULL),
	(1034, 5702, 'LAS VARILLAS', NULL),
	(1035, 5702, 'LOS CERRILLOS', NULL),
	(1036, 5702, 'EL ÑILHUE', NULL),
	(1037, 5702, 'LAS MERCEDES', NULL),
	(1038, 5702, 'LO SALAS', NULL),
	(1039, 5702, 'REINOSO', NULL),
	(1040, 5702, 'SANTA ISABEL', NULL),
	(1041, 5702, 'SANTA MARGARITA', NULL),
	(1042, 5703, 'LA ESTANCILLA', NULL),
	(1043, 5703, 'LAS PALMAS', NULL),
	(1044, 5703, 'LAS VEGAS', NULL),
	(1045, 5703, 'EL PORVENIR', NULL),
	(1046, 5703, 'LAS PEÑAS', NULL),
	(1047, 5703, 'SANTA TERESA', NULL),
	(1048, 5703, 'ENRIQUE MEIGGS', NULL),
	(1049, 5704, 'LO CAMPO', NULL),
	(1050, 5704, 'EL ESCORIAL', NULL),
	(1051, 5705, 'RINCONADA DE SILVA', NULL),
	(1052, 5705, 'LAS COIMAS', NULL),
	(1053, 5705, 'GRANALLA', NULL),
	(1054, 5705, 'PIGUCHÉN', NULL),
	(1055, 5705, 'CASABLANCA', NULL),
	(1056, 5705, 'EL TÁRTARO', NULL),
	(1057, 5705, 'GUZMANEZ', NULL),
	(1058, 5705, 'LO VICUÑA', NULL),
	(1059, 5705, 'LOS PATOS', NULL),
	(1060, 5706, 'JAHUEL', NULL),
	(1061, 5706, 'CALLE DEL MEDIO', NULL),
	(1062, 5706, 'LAS CABRAS', NULL),
	(1063, 5706, 'EL PINO', NULL),
	(1064, 5801, 'LA RETUCA', NULL),
	(1065, 5801, 'COLLIGUAY', NULL),
	(1066, 5802, 'EL BOSQUE', NULL),
	(1067, 5802, 'LLIULLÍU', NULL),
	(1068, 5802, 'LOS LEONES', NULL),
	(1069, 5802, 'SANTA ROSA', NULL),
	(1070, 5802, 'LO GAMBOA', NULL),
	(1071, 5802, 'LA VICTORIA', NULL),
	(1072, 5803, 'QUEBRADA ALVARADO', NULL),
	(1073, 5803, 'LA DORMIDA', NULL),
	(1074, 5804, 'CHILE NUEVO', NULL),
	(1075, 5804, 'LOS BOLDOS', NULL),
	(1076, 6101, 'LA GAMBOÍNA', NULL),
	(1077, 6101, 'LOS QUILOS', NULL),
	(1078, 6101, 'TUNICHE', NULL),
	(1079, 6101, 'EL CARMEN', NULL),
	(1080, 6101, 'LA RAMIRANA', NULL),
	(1081, 6101, 'LA GONZALINA', NULL),
	(1082, 6101, 'SANTA ELENA', NULL),
	(1083, 6101, 'PUERTAS DE FIERRO', NULL),
	(1084, 6101, 'CHANCÓN', NULL),
	(1085, 6102, 'CALLEJONES', NULL),
	(1086, 6102, 'ISLA NORTE', NULL),
	(1087, 6102, 'LA CANDELARIA', NULL),
	(1088, 6102, 'LA BLANQUINA', NULL),
	(1089, 6102, 'LA MORERA', NULL),
	(1090, 6102, 'LAS DELICIAS', NULL),
	(1091, 6102, 'MEDIALUNA', NULL),
	(1092, 6102, 'MIRAFLORES', NULL),
	(1093, 6102, 'TUNCA', NULL),
	(1094, 6102, 'LA LEONERA', NULL),
	(1095, 6103, 'COPEQUÉN NORTE', NULL),
	(1096, 6103, 'COPEQUÉN SUR', NULL),
	(1097, 6103, 'CHILLEHUE', NULL),
	(1098, 6103, 'EL RULO', NULL),
	(1099, 6104, 'IDAHUE', NULL),
	(1100, 6104, 'LO ULLOA', NULL),
	(1101, 6104, 'PURÉN', NULL),
	(1102, 6104, 'HIJUELA DEL MEDIO', NULL),
	(1103, 6104, 'LO DE CUEVAS', NULL),
	(1104, 6104, 'VIÑA LA CRUZ', NULL),
	(1105, 6104, 'CANCHA EL ALMENDRO', NULL),
	(1106, 6105, 'DOÑIHUE', NULL),
	(1107, 6105, 'RINCONADA DE FLORIDA', NULL),
	(1108, 6106, 'NUEVOS CAMPOS', NULL),
	(1109, 6106, 'LAS HIGUERAS', NULL),
	(1110, 6106, 'LOS ROMEROS', NULL),
	(1111, 6106, 'CUARTA HIJUELA', NULL),
	(1112, 6106, 'EL ARROZAL', NULL),
	(1113, 6107, 'CABAÑA BLANCA', NULL),
	(1114, 6107, 'LAS BALSAS', NULL),
	(1115, 6107, 'LLALLAUQUÉN', NULL),
	(1116, 6107, 'EL ESTERO', NULL),
	(1117, 6107, 'COCALÁN', NULL),
	(1118, 6107, 'QUILICURA', NULL),
	(1119, 6107, 'SANTA EUGENIA', NULL),
	(1120, 6107, 'SANTA CLARISA', NULL),
	(1121, 6107, 'SANTA INÉS', NULL),
	(1122, 6107, 'QUILAMUTA', NULL),
	(1123, 6107, 'VALDEBENITO', NULL),
	(1124, 6107, 'LOS QUILLAYES', NULL),
	(1125, 6107, 'RINCÓN DE LAS QUISCAS', NULL),
	(1126, 6107, 'EL DURAZNO', NULL),
	(1127, 6107, 'LLAVERÍA', NULL),
	(1128, 6107, 'LLAVERÍA EL DURAZNO', NULL),
	(1129, 6107, 'LOS AROMOS', NULL),
	(1130, 6108, 'SAN JOAQUÍN', NULL),
	(1131, 6108, 'CHAPA VERDE', NULL),
	(1132, 6108, 'PANGAL', NULL),
	(1133, 6108, 'TERMAS DE CAUQUENES', NULL),
	(1134, 6109, 'SAL SI PUEDES', NULL),
	(1135, 6109, 'PORTEZUELO', NULL),
	(1136, 6109, 'ROSEDAL', NULL),
	(1137, 6109, 'PUNTILLA DE PANQUEHUE', NULL),
	(1138, 6109, 'CARACOLES', NULL),
	(1139, 6109, 'PANQUEHUE', NULL),
	(1140, 6109, 'CANTARRANA', NULL),
	(1141, 6109, 'CORCOLÉN', NULL),
	(1142, 6109, 'CUENCA', NULL),
	(1143, 6109, 'LOS MAQUIS', NULL),
	(1144, 6109, 'LIMAHUE', NULL),
	(1145, 6109, 'PELEQUÉN VIEJO', NULL),
	(1146, 6110, 'LA SAMUELINA', NULL),
	(1147, 6110, 'LA GUILLERMINA', NULL),
	(1148, 6110, 'O\'HIGGINS DE PILAI', NULL),
	(1149, 6110, 'PEUCO', NULL),
	(1150, 6110, 'PICARQUÍN', NULL),
	(1151, 6110, 'PILAI', NULL),
	(1152, 6112, 'CONCHA Y TORO', NULL),
	(1153, 6112, 'LA ESPERANZA', NULL),
	(1154, 6113, 'LA TORINA', NULL),
	(1155, 6113, 'LOS ROMOS', NULL),
	(1156, 6113, 'MAL PASO DE LARMAHUE', NULL),
	(1157, 6113, 'LARMAHUE', NULL),
	(1158, 6113, 'LO ARGENTINA', NULL),
	(1159, 6113, 'PORTEZUELO DE LARMAHUE', NULL),
	(1160, 6113, 'CASAS VIEJAS', NULL),
	(1161, 6113, 'EL SALTO', NULL),
	(1162, 6113, 'SANTA AMELIA', NULL),
	(1163, 6113, 'EL TOCO', NULL),
	(1164, 6113, 'SAN LUIS', NULL),
	(1165, 6113, 'PATAGUAS CERRO', NULL),
	(1166, 6113, 'SAN JOSÉ DE MARCHIHUE', NULL),
	(1167, 6113, 'SAN ROBERTO', NULL),
	(1168, 6114, 'GUACARHUE', NULL),
	(1169, 6114, 'LA ESTACADA', NULL),
	(1170, 6114, 'RINCONADA', NULL),
	(1171, 6114, 'ALTO DEL RÍO', NULL),
	(1172, 6114, 'PUENTE ALTA', NULL),
	(1173, 6114, 'LA ESTACADA DE ABAJO', NULL),
	(1174, 6115, 'CÓBIL', NULL),
	(1175, 6115, 'LAS ROSAS', NULL),
	(1176, 6115, 'LO CARTAGENA', NULL),
	(1177, 6115, 'VILLA LAS HOJAS', NULL),
	(1178, 6115, 'LA CHIMBA', NULL),
	(1179, 6115, 'MALAMBO', NULL),
	(1180, 6115, 'EL PERUANO', NULL),
	(1181, 6115, 'LOS CÉSARES', NULL),
	(1182, 6115, 'LAS NIEVES', NULL),
	(1183, 6115, 'POPETA', NULL),
	(1184, 6115, 'CERRILLOS', NULL),
	(1185, 6115, 'CHANQUEAHUE', NULL),
	(1186, 6115, 'EL TREBAL HUILQUÍO', NULL),
	(1187, 6115, 'EL LLANO', NULL),
	(1188, 6115, 'LO DE LOBO', NULL),
	(1189, 6115, 'EL DELIRIO', NULL),
	(1190, 6115, 'SAN JORGE', NULL),
	(1191, 6115, 'LOS CHOAPINOS', NULL),
	(1192, 6115, 'LOS GOMEROS', NULL),
	(1193, 6115, 'PUEBLO HUNDIDO', NULL),
	(1194, 6115, 'LAS PATAGUAS', NULL),
	(1195, 6116, 'SANTA LUCILA', NULL),
	(1196, 6116, 'EL ABRA', NULL),
	(1197, 6116, 'EL VATICANO', NULL),
	(1198, 6116, 'PICHIGUAO', NULL),
	(1199, 6116, 'TOTIHUE', NULL),
	(1200, 6116, 'EL QUILLAY', NULL),
	(1201, 6116, 'LO HERMÓGENES', NULL),
	(1202, 6116, 'PIMPINELA', NULL),
	(1203, 6117, 'EL CARDAL', NULL),
	(1204, 6117, 'EL NARANJAL', NULL),
	(1205, 6117, 'CUCHIPUY', NULL),
	(1206, 6117, 'LOS MAYOS', NULL),
	(1207, 6117, 'SAN JOSÉ DE PATAGUAS', NULL),
	(1208, 6117, 'EL INCA', NULL),
	(1209, 6117, 'SAN GERARDO', NULL),
	(1210, 6117, 'TAGUA TAGUA', NULL),
	(1211, 6117, 'EL NICHE', NULL),
	(1212, 6117, 'LA LAGUNA', NULL),
	(1213, 6117, 'MILLAHUE', NULL),
	(1214, 6117, 'LA ORILLA DE PENCAHUE', NULL),
	(1215, 6117, 'PENCAHUE ABAJO', NULL),
	(1216, 6117, 'PENCAHUE CENTRAL', NULL),
	(1217, 6117, 'TUNCA ABAJO', NULL),
	(1218, 6117, 'TUNCA EL CRISTO', NULL),
	(1219, 6117, 'TUNCA ARRIBA', NULL),
	(1220, 6117, 'TUNCA EL MEDIO', NULL),
	(1221, 6117, 'TUNCA EL MOLINO', NULL),
	(1222, 6117, 'TOQUIGUA', NULL),
	(1223, 6117, 'TOQUIGUA ARRIBA', NULL),
	(1224, 6117, 'ROMERAL', NULL),
	(1225, 6201, 'BUENOS AIRES', NULL),
	(1226, 6201, 'CÁHUIL', NULL),
	(1227, 6201, 'LA VILLA', NULL),
	(1228, 6202, 'EL CAJÓN', NULL),
	(1229, 6202, 'ESTERO SECO', NULL),
	(1230, 6202, 'LOS PASILLOS', NULL),
	(1231, 6202, 'PATAGÜILLA', NULL),
	(1232, 6202, 'QUEBRADA DE LA VIRGEN', NULL),
	(1233, 6202, 'COIPUÉ', NULL),
	(1234, 6202, 'GUADALAO', NULL),
	(1235, 6202, 'LAS CHACRAS', NULL),
	(1236, 6202, 'LOS CARDILLOS', NULL),
	(1237, 6202, 'SAN MIGUEL DE LOS LLANOS', NULL),
	(1238, 6202, 'LAS DAMAS', NULL),
	(1239, 6202, 'TRIGO VIEJO', NULL),
	(1240, 6203, 'RANQUILCO', NULL),
	(1241, 6203, 'PASO DEL SOLDADO', NULL),
	(1242, 6203, 'PUERTECILLO', NULL),
	(1243, 6203, 'CENTRAL RAPEL', NULL),
	(1244, 6203, 'QUELENTARO', NULL),
	(1245, 6204, 'SAN MIGUEL DE VILUCO', NULL),
	(1246, 6204, 'TRINIDAD', NULL),
	(1247, 6204, 'PAILIMO', NULL),
	(1248, 6204, 'LA QUEBRADA', NULL),
	(1249, 6205, 'RISCO COLORADO', NULL),
	(1250, 6205, 'SAN VICENTE DE PUCALÁN', NULL),
	(1251, 6205, 'LA AGUADA', NULL),
	(1252, 6205, 'LICANCHEU', NULL),
	(1253, 6205, 'VEGA LA BOCA', NULL),
	(1254, 6205, 'LA BOCA', NULL),
	(1255, 6205, 'MATANZAS', NULL),
	(1256, 6205, 'NAVIDAD', NULL),
	(1257, 6205, 'LA VEGA DE PUPUYA', NULL),
	(1258, 6205, 'PUPUYA', NULL),
	(1259, 6205, 'VALLE NEGRO', NULL),
	(1260, 6205, 'CHORRILLO', NULL),
	(1261, 6205, 'TUMÁN', NULL),
	(1262, 6206, 'LA POBLACIÓN', NULL),
	(1263, 6206, 'LA QUESERÍA', NULL),
	(1264, 6206, 'PANILONGO', NULL),
	(1265, 6206, 'SAN FRANCISCO DE LA PALMA', NULL),
	(1266, 6206, 'EL PERAL', NULL),
	(1267, 6206, 'RINCÓN DE BOYERUCA', NULL),
	(1268, 6206, 'EL CALVARIO', NULL),
	(1269, 6206, 'EL POTRERO', NULL),
	(1270, 6206, 'QUERELEMA', NULL),
	(1271, 6206, 'CUTEMU', NULL),
	(1272, 6206, 'LAS PAPAS', NULL),
	(1273, 6206, 'QUEBRADA LOS ROMERO', NULL),
	(1274, 6206, 'SAN PEDRO DE ALCÁNTARA', NULL),
	(1275, 6301, 'POLONIA', NULL),
	(1276, 6301, 'LOS LINGUES', NULL),
	(1277, 6301, 'ROMA DE SAN JOSÉ DE LOS LINGUES', NULL),
	(1278, 6301, 'LAS ROSAS DE ANTIVERO', NULL),
	(1279, 6301, 'PEDEHUE', NULL),
	(1280, 6301, 'TALCAREHUE', NULL),
	(1281, 6301, 'SIERRAS DE BELLAVISTA', NULL),
	(1282, 6302, 'EL CUADRO', NULL),
	(1283, 6302, 'LA MINA', NULL),
	(1284, 6302, 'LAS ARAÑAS', NULL),
	(1285, 6302, 'LIMA', NULL),
	(1286, 6302, 'UVA BLANCA', NULL),
	(1287, 6302, 'PAREDONES DE AUQUINCO', NULL),
	(1288, 6302, 'EL ALMENDRAL', NULL),
	(1289, 6302, 'LA RUDA', NULL),
	(1290, 6302, 'LAS ALAMEDAS', NULL),
	(1291, 6302, 'EL ZAPAL', NULL),
	(1292, 6302, 'LAS RINCONADAS', NULL),
	(1293, 6303, 'CASA AZUL', NULL),
	(1294, 6303, 'EL CARRIZAL', NULL),
	(1295, 6303, 'SAN JUAN DE LA SIERRA', NULL),
	(1296, 6303, 'SANTA VALENTINA', NULL),
	(1297, 6303, 'TIERRA BLANCA', NULL),
	(1298, 6303, 'CODEGUA', NULL),
	(1299, 6303, 'EL PEREJIL', NULL),
	(1300, 6303, 'PEOR ES NADA', NULL),
	(1301, 6303, 'LA LUCANA', NULL),
	(1302, 6303, 'SANTA MARTA', NULL),
	(1303, 6303, 'LOS PARRONES', NULL),
	(1304, 6303, 'SAN JOSÉ DE LO TORO', NULL),
	(1305, 6303, 'SAN JAVIER', NULL),
	(1306, 6303, 'QUICHARCO', NULL),
	(1307, 6303, 'HUEMUL', NULL),
	(1308, 6304, 'NILAHUE', NULL),
	(1309, 6304, 'PUNTA DE LA PIEDRA', NULL),
	(1310, 6304, 'RINCONADA DE QUIAHUE', NULL),
	(1311, 6304, 'VILLA MANUEL LARRAÍN', NULL),
	(1312, 6304, 'NERQUIHUE', NULL),
	(1313, 6304, 'LOS TRICAHUES', NULL),
	(1314, 6304, 'LOS YUYOS', NULL),
	(1315, 6304, 'LOS MONTECILLOS', NULL),
	(1316, 6304, 'RÁNGUIL', NULL),
	(1317, 6304, 'SANTA TERESA DE QUIAHUE', NULL),
	(1318, 6305, 'LA ORILLA', NULL),
	(1319, 6305, 'PUCUDEGUA', NULL),
	(1320, 6305, 'YÁQUIL', NULL),
	(1321, 6305, 'CHACARILLA', NULL),
	(1322, 6305, 'LOS CALLEJONES', NULL),
	(1323, 6305, 'PUQUILLAY ALTO', NULL),
	(1324, 6305, 'LA CABRERÍA', NULL),
	(1325, 6305, 'PUQUILLAY BAJO', NULL),
	(1326, 6305, 'CUNAQUITO', NULL),
	(1327, 6305, 'SAN GREGORIO', NULL),
	(1328, 6305, 'SANTA ELVIRA', NULL),
	(1329, 6305, 'TIERRA CHILENA', NULL),
	(1330, 6305, 'TODOS LOS SANTOS', NULL),
	(1331, 6306, 'BARREALES', NULL),
	(1332, 6306, 'COLCHAGUA', NULL),
	(1333, 6306, 'LA ENGORDA', NULL),
	(1334, 6306, 'LIHUEIMO', NULL),
	(1335, 6306, 'NENQUÉN', NULL),
	(1336, 6306, 'PUPILLA', NULL),
	(1337, 6306, 'AGUA SANTA', NULL),
	(1338, 6306, 'EL CRUCERO', NULL),
	(1339, 6306, 'LA ARBOLEDA', NULL),
	(1340, 6306, 'LAS GARZAS', NULL),
	(1341, 6306, 'LAS MAJADAS', NULL),
	(1342, 6306, 'RINCONADA DE PALMILLA', NULL),
	(1343, 6306, 'LOS OLMOS', NULL),
	(1344, 6306, 'SAN FRANCISCO DEL HUIQUE', NULL),
	(1345, 6306, 'SANTA IRENE', NULL),
	(1346, 6306, 'TALHUÉN', NULL),
	(1347, 6307, 'CALLEUQUE', NULL),
	(1348, 6307, 'LOS CARDOS', NULL),
	(1349, 6307, 'RINCONADA DE PERALILLO', NULL),
	(1350, 6307, 'LA BOMBA', NULL),
	(1351, 6307, 'PUQUILLAY', NULL),
	(1352, 6307, 'EL BARCO', NULL),
	(1353, 6307, 'SANTA VICTORIA', NULL),
	(1354, 6307, 'MOLINEROS', NULL),
	(1355, 6307, 'RINCONADA DE MOLINEROS', NULL),
	(1356, 6308, 'ARICA', NULL),
	(1357, 6308, 'CHACARILLAS', NULL),
	(1358, 6308, 'TAULEMU', NULL),
	(1359, 6308, 'VILLA ALEGRE', NULL),
	(1360, 6308, 'LO MOSCOSO', NULL),
	(1361, 6308, 'LA TUNA', NULL),
	(1362, 6308, 'RINCONADA DE MANANTIALES', NULL),
	(1363, 6308, 'SAN JOSÉ DE PEÑUELAS', NULL),
	(1364, 6308, 'LA DEHESA', NULL),
	(1365, 6309, 'PUMANQUE', NULL),
	(1366, 6309, 'MATA REDONDA', NULL),
	(1367, 6309, 'NILAHUE CORNEJO', NULL),
	(1368, 6309, 'PEÑA BLANCA', NULL),
	(1369, 6310, 'CHOMEDAHUE', NULL),
	(1370, 6310, 'QUINAHUE', NULL),
	(1371, 6310, 'CAPELLANÍA', NULL),
	(1372, 6310, 'EL GUINDO', NULL),
	(1373, 6310, 'ISLA DEL GUINDO', NULL),
	(1374, 6310, 'QUINAHUE EL BOLDAL', NULL),
	(1375, 6310, 'LA LAJUELA', NULL),
	(1376, 6310, 'LA PATAGUA', NULL),
	(1377, 6310, 'LA PATAGÜILLA', NULL),
	(1378, 6310, 'PANAMÁ', NULL),
	(1379, 6310, 'RINCÓN DE YÁQUIL', NULL),
	(1380, 6310, 'ISLA DE YÁQUIL', NULL),
	(1381, 6310, 'PASO DE LOS REYES', NULL),
	(1382, 6310, 'APALTA', NULL),
	(1383, 7101, 'BUENA VISTA', NULL),
	(1384, 7101, 'LIRCAY', NULL),
	(1385, 7101, 'RAMADILLA DE LIRCAY', NULL),
	(1386, 7101, 'PALMIRA', NULL),
	(1387, 7101, 'AURORA', NULL),
	(1388, 7101, 'EL ORIENTE', NULL),
	(1389, 7101, 'PURÍSIMA', NULL),
	(1390, 7102, 'PANGALILLO NORTE', NULL),
	(1391, 7102, 'VIÑALES', NULL),
	(1392, 7102, 'LOS CASTAÑOS', NULL),
	(1393, 7102, 'PUERTAS VERDES', NULL),
	(1394, 7102, 'CHANQUIUQUE', NULL),
	(1395, 7102, 'DOLLIMO', NULL),
	(1396, 7102, 'JUNQUILLAR', NULL),
	(1397, 7102, 'MAROMILLAS', NULL),
	(1398, 7102, 'CAÑETE', NULL),
	(1399, 7102, 'CARRIZALILLO SUR', NULL),
	(1400, 7102, 'CORRALES', NULL),
	(1401, 7102, 'EL CULENAR', NULL),
	(1402, 7102, 'EL HUILLÍN', NULL),
	(1403, 7102, 'LAS CORRIENTES', NULL),
	(1404, 7102, 'SANTA OLGA', NULL),
	(1405, 7103, 'CALPÚN', NULL),
	(1406, 7103, 'EL RODEO', NULL),
	(1407, 7103, 'GUALLECO', NULL),
	(1408, 7103, 'DEUCA', NULL),
	(1409, 7103, 'LIMÁVIDA', NULL),
	(1410, 7104, 'LOS PELLINES DOS', NULL),
	(1411, 7105, 'PUEBLECILLO', NULL),
	(1412, 7105, 'LINARES DE PERALES', NULL),
	(1413, 7105, 'COLÍN', NULL),
	(1414, 7105, 'NUMPAY', NULL),
	(1415, 7105, 'UNIHUE', NULL),
	(1416, 7105, 'DUAO', NULL),
	(1417, 7105, 'EL FUERTE', NULL),
	(1418, 7105, 'TRES ESQUINAS', NULL),
	(1419, 7105, 'EL CANELO', NULL),
	(1420, 7105, 'MONTE ALEGRE', NULL),
	(1421, 7105, 'QUIÑANTÚ', NULL),
	(1422, 7105, 'QUIÑIPEUMO', NULL),
	(1423, 7106, 'QUESERÍA', NULL),
	(1424, 7106, 'LO PATRICIO', NULL),
	(1425, 7106, 'SANTA RITA', NULL),
	(1426, 7107, 'LAS TIZAS', NULL),
	(1427, 7107, 'CORINTO', NULL),
	(1428, 7107, 'BOTALCURA', NULL),
	(1429, 7107, 'GONZÁLEZ BASTÍAS', NULL),
	(1430, 7107, 'TOCONEY', NULL),
	(1431, 7108, 'EL CERRILLO', NULL),
	(1432, 7108, 'ODESSA', NULL),
	(1433, 7108, 'SANTA LUCÍA', NULL),
	(1434, 7108, 'EL AROMO', NULL),
	(1435, 7108, 'LOS MONTES', NULL),
	(1436, 7108, 'SANTA AGUEDA', NULL),
	(1437, 7108, 'LOS ROBLES', NULL),
	(1438, 7108, 'PASO ANCHO', NULL),
	(1439, 7108, 'PORVENIR', NULL),
	(1440, 7108, 'SAN CAMILO', NULL),
	(1441, 7108, 'PEÑAFLOR NUEVO', NULL),
	(1442, 7108, 'PEÑAFLOR VIEJO', NULL),
	(1443, 7108, 'EL BOLSICO', NULL),
	(1444, 7108, 'LA VEGUILLA', NULL),
	(1445, 7108, 'MAITENES', NULL),
	(1446, 7109, 'EL ÁLAMO', NULL),
	(1447, 7109, 'MARIPOSAS', NULL),
	(1448, 7109, 'SAN DIEGO', NULL),
	(1449, 7109, 'FLOR DEL LLANO', NULL),
	(1450, 7109, 'QUEBRADA DE AGUA', NULL),
	(1451, 7109, 'PEUMO NEGRO', NULL),
	(1452, 7109, 'BAJOS DE LIRCAY', NULL),
	(1453, 7109, 'PUNTA DE DIAMANTE', NULL),
	(1454, 7109, 'LAS LOMAS', NULL),
	(1455, 7109, 'EL MÉDANO', NULL),
	(1456, 7109, 'LA SUIZA', NULL),
	(1457, 7109, 'LOS CIPRESES', NULL),
	(1458, 7109, 'VILCHES ALTO', NULL),
	(1459, 7109, 'VILCHES BAJO', NULL),
	(1460, 7109, 'VILCHES CENTRO', NULL),
	(1461, 7109, 'BRAMADERO', NULL),
	(1462, 7109, 'EL COLORADO', NULL),
	(1463, 7109, 'PASO NEVADO', NULL),
	(1464, 7109, 'CHEQUÉN', NULL),
	(1465, 7109, 'SAN MANUEL', NULL),
	(1466, 7109, 'BAJOS DE PERQUÍN', NULL),
	(1467, 7109, 'CORRALONES', NULL),
	(1468, 7110, 'ALTO PANGUE', NULL),
	(1469, 7110, 'PANGUILEMITO', NULL),
	(1470, 7110, 'EL MILAGRO', NULL),
	(1471, 7110, 'LOS CUNCOS', NULL),
	(1472, 7110, 'PANGUE ABAJO', NULL),
	(1473, 7110, 'PANGUE ARRIBA', NULL),
	(1474, 7110, 'PELARCO VIEJO', NULL),
	(1475, 7201, 'POBLACIÓN LOYOLA', NULL),
	(1476, 7201, 'CRUCE SAUZAL', NULL),
	(1477, 7201, 'SAUZAL', NULL),
	(1478, 7201, 'QUELLA', NULL),
	(1479, 7201, 'POCILLAS', NULL),
	(1480, 7201, 'CORONEL DE MAULE', NULL),
	(1481, 7201, 'PORONGO', NULL),
	(1482, 7201, 'SANTA SOFÍA', NULL),
	(1483, 7202, 'LOANCO', NULL),
	(1484, 7202, 'PAHUIL', NULL),
	(1485, 7203, 'LAS PETACAS', NULL),
	(1486, 7203, 'CERROS PELADOS', NULL),
	(1487, 7203, 'PEUÑO', NULL),
	(1488, 7203, 'QUINTA CHILE', NULL),
	(1489, 7203, 'CHOVELLÉN', NULL),
	(1490, 7203, 'SALTO DE AGUA', NULL),
	(1491, 7301, 'CONVENTO VIEJO', NULL),
	(1492, 7301, 'ISLA DE MARCHANT', NULL),
	(1493, 7301, 'TUTUQUÉN ALTO', NULL),
	(1494, 7301, 'TUTUQUÉN BAJO', NULL),
	(1495, 7301, 'TUTUQUÉN CENTRO', NULL),
	(1496, 7301, 'BARROS NEGROS', NULL),
	(1497, 7301, 'LOS GUINDOS', NULL),
	(1498, 7301, 'RINCÓN DE SARMIENTO', NULL),
	(1499, 7301, 'SARMIENTO', NULL),
	(1500, 7301, 'HUAÑUÑE', NULL),
	(1501, 7301, 'LOS CRISTALES', NULL),
	(1502, 7301, 'LOS CRISTALES - EL PRADO', NULL),
	(1503, 7301, 'LOS NICHES', NULL),
	(1504, 7301, 'LA OBRA', NULL),
	(1505, 7301, 'CHEQUENLEMO', NULL),
	(1506, 7301, 'UPEO', NULL),
	(1507, 7301, 'POTRERO GRANDE', NULL),
	(1508, 7301, 'CORDILLERILLA', NULL),
	(1509, 7302, 'BARANDICA', NULL),
	(1510, 7302, 'MIRA RÍO', NULL),
	(1511, 7302, 'QUILICO', NULL),
	(1512, 7302, 'BARBA RUBIA', NULL),
	(1513, 7302, 'LA HUERTA', NULL),
	(1514, 7302, 'PARRONAL', NULL),
	(1515, 7303, 'PLACILLA', NULL),
	(1516, 7303, 'HUAPI', NULL),
	(1517, 7303, 'LORA', NULL),
	(1518, 7303, 'QUELMÉN', NULL),
	(1519, 7304, 'ITAHUE', NULL),
	(1520, 7304, 'ENTRE RÍOS', NULL),
	(1521, 7304, 'LONTUÉ NORTE', NULL),
	(1522, 7304, 'BAJO LOS ROMEROS', NULL),
	(1523, 7304, 'BUENA UNIÓN', NULL),
	(1524, 7304, 'PICHINGAL', NULL),
	(1525, 7304, 'BUENA FÉ', NULL),
	(1526, 7304, 'DOS ESQUINAS', NULL),
	(1527, 7304, 'EL CÓNDOR', NULL),
	(1528, 7304, 'BUENA PAZ', NULL),
	(1529, 7304, 'LOMA BLANCA', NULL),
	(1530, 7304, 'SAN JORGE DE ROMERAL', NULL),
	(1531, 7304, 'ALUPENHUE', NULL),
	(1532, 7304, 'EL YACAL', NULL),
	(1533, 7304, 'EL RADAL', NULL),
	(1534, 7305, 'EL PLUMERO', NULL),
	(1535, 7305, 'QUILPOCO', NULL),
	(1536, 7305, 'TRICAO', NULL),
	(1537, 7305, 'EL CORAZÓN', NULL),
	(1538, 7305, 'MAJADILLA', NULL),
	(1539, 7305, 'PALQUIBUDI', NULL),
	(1540, 7306, 'LONGITUDINAL', NULL),
	(1541, 7306, 'ROMERAL BAJO-LA QUINTA', NULL),
	(1542, 7306, 'EL BOLDAL', NULL),
	(1543, 7306, 'GUAICO', NULL),
	(1544, 7306, 'GUAICO DOS', NULL),
	(1545, 7306, 'GUAICO TRES', NULL),
	(1546, 7306, 'GUAICO UNO', NULL),
	(1547, 7306, 'LA YESCA', NULL),
	(1548, 7306, 'SAN PABLO', NULL),
	(1549, 7306, 'EL CALABOZO', NULL),
	(1550, 7306, 'EL PEUMAL', NULL),
	(1551, 7306, 'LOS QUEÑES', NULL),
	(1552, 7307, 'LA FORTUNA', NULL),
	(1553, 7307, 'LO VALDIVIA', NULL),
	(1554, 7307, 'LA HIGUERILLA', NULL),
	(1555, 7307, 'REQUINGUA', NULL),
	(1556, 7307, 'PETEROA', NULL),
	(1557, 7307, 'SANTA EMILIA', NULL),
	(1558, 7308, 'EL QUELMÉN', NULL),
	(1559, 7308, 'LAS ARBOLEDAS', NULL),
	(1560, 7308, 'HACIENDA TENO', NULL),
	(1561, 7308, 'LOS ALISOS', NULL),
	(1562, 7308, 'PIEDRA BLANCA', NULL),
	(1563, 7308, 'SANTA BERTA', NULL),
	(1564, 7308, 'VILUCO', NULL),
	(1565, 7308, 'COMALLE', NULL),
	(1566, 7308, 'LA VIZCAYA', NULL),
	(1567, 7308, 'DOMINGO MANSILLA', NULL),
	(1568, 7308, 'EL MOLINO', NULL),
	(1569, 7308, 'SANTA SUSANA', NULL),
	(1570, 7308, 'TENIENTE CRUZ', NULL),
	(1571, 7308, 'VENTANA DEL BAJO', NULL),
	(1572, 7308, 'EL CISNE', NULL),
	(1573, 7308, 'LAS LIRAS', NULL),
	(1574, 7308, 'MONTERILLA', NULL),
	(1575, 7308, 'MORZA', NULL),
	(1576, 7308, 'RINCÓN DE SAN CARLOS', NULL),
	(1577, 7308, 'SAN LEÓN', NULL),
	(1578, 7308, 'SANTA LAURA', NULL),
	(1579, 7308, 'SANTA REBECA', NULL),
	(1580, 7308, 'VENTANA DEL ALTO', NULL),
	(1581, 7308, 'LA BALLICA', NULL),
	(1582, 7308, 'EL HERALDO', NULL),
	(1583, 7309, 'ALTO DEL PUERTO', NULL),
	(1584, 7309, 'AQUELARRE', NULL),
	(1585, 7309, 'VICHUQUÉN', NULL),
	(1586, 7309, 'LAGO VICHUQUÉN', NULL),
	(1587, 7309, 'LIPIMÁVIDA', NULL),
	(1588, 7309, 'TORCA', NULL),
	(1589, 7401, 'LLANCANAO', NULL),
	(1590, 7401, 'ENTRADA A PALMILLA', NULL),
	(1591, 7401, 'GUAPI', NULL),
	(1592, 7401, 'EL EMBOQUE', NULL),
	(1593, 7401, 'PUENTE ALTO', NULL),
	(1594, 7401, 'LA BALLICA NORTE', NULL),
	(1595, 7401, 'CAMINO SAN JUAN', NULL),
	(1596, 7401, 'EL REFUGIO', NULL),
	(1597, 7401, 'LOS BATROS', NULL),
	(1598, 7401, 'SAN ANTONIO ENCINA', NULL),
	(1599, 7401, 'SAN BARTOLO', NULL),
	(1600, 7401, 'SAN VÍCTOR ÁLAMOS', NULL),
	(1601, 7401, 'CULMÉN', NULL),
	(1602, 7401, 'EL PEÑASCO', NULL),
	(1603, 7401, 'LLEPO', NULL),
	(1604, 7401, 'LOS GUALLES', NULL),
	(1605, 7401, 'MONTECILLO', NULL),
	(1606, 7401, 'PEJERREY', NULL),
	(1607, 7401, 'VEGA DE SALAS', NULL),
	(1608, 7401, 'CHUPALLAR', NULL),
	(1609, 7401, 'EMBALSE ANCOA', NULL),
	(1610, 7401, 'VEGA ANCOA', NULL),
	(1611, 7402, 'MILLAMALAL', NULL),
	(1612, 7402, 'RINCÓN DE PATAGUAS', NULL),
	(1613, 7402, 'SAN DIONISIO', NULL),
	(1614, 7402, 'BASÁEZ', NULL),
	(1615, 7402, 'MANUEL RODRÍGUEZ', NULL),
	(1616, 7402, 'MAULE SUR', NULL),
	(1617, 7402, 'COLBÚN ALTO', NULL),
	(1618, 7402, 'LA GUARDIA', NULL),
	(1619, 7402, 'PEHUENCHE', NULL),
	(1620, 7402, 'EL MELADO', NULL),
	(1621, 7402, 'RABONES', NULL),
	(1622, 7402, 'ROBLERÍA', NULL),
	(1623, 7402, 'RARI', NULL),
	(1624, 7402, 'CAPILLA PALACIOS', NULL),
	(1625, 7402, 'LOMAS DE PUTAGÁN', NULL),
	(1626, 7402, 'LOS COLIHUES', NULL),
	(1627, 7402, 'PASO RARI', NULL),
	(1628, 7402, 'QUINAMÁVIDA', NULL),
	(1629, 7402, 'SAN FRANCISCO DE RARI', NULL),
	(1630, 7402, 'SAN NICOLÁS', NULL),
	(1631, 7402, 'LA FLORESTA', NULL),
	(1632, 7403, 'LA CONQUISTA', NULL),
	(1633, 7403, 'LONGAVÍ SUR', NULL),
	(1634, 7403, 'PAINE', NULL),
	(1635, 7403, 'RÍO LONGAVÍ', NULL),
	(1636, 7403, 'VILLA LONGAVÍ', NULL),
	(1637, 7403, 'LA CAÑA', NULL),
	(1638, 7403, 'LA GRANJA', NULL),
	(1639, 7403, 'MESAMÁVIDA', NULL),
	(1640, 7403, 'RINCÓN DE ZÚÑIGA', NULL),
	(1641, 7403, 'HUIMEO', NULL),
	(1642, 7403, 'PASO CUÑAO', NULL),
	(1643, 7403, 'MIRAFLORES PONIENTE', NULL),
	(1644, 7403, 'LAS MOTAS', NULL),
	(1645, 7403, 'PUNTA DE MONTE', NULL),
	(1646, 7403, 'LA QUINTA', NULL),
	(1647, 7403, 'VEGA DEL MOLINO', NULL),
	(1648, 7403, 'LA BALSA', NULL),
	(1649, 7403, 'LA CUARTA', NULL),
	(1650, 7403, 'LA QUINTA NORTE', NULL),
	(1651, 7403, 'LA QUINTA SUR', NULL),
	(1652, 7403, 'LA SEXTA', NULL),
	(1653, 7403, 'LA TERCERA', NULL),
	(1654, 7404, 'PALMA ROSA', NULL),
	(1655, 7404, 'CRUCE CATILLO', NULL),
	(1656, 7404, 'LAS HORTENSIAS', NULL),
	(1657, 7404, 'LOS CARROS', NULL),
	(1658, 7404, 'REMULCAO', NULL),
	(1659, 7404, 'SAN CLEMENTE', NULL),
	(1660, 7404, 'TALQUITA', NULL),
	(1661, 7404, 'CATILLO', NULL),
	(1662, 7404, 'CERRO LOS CASTILLO', NULL),
	(1663, 7404, 'DIGUA', NULL),
	(1664, 7404, 'LOS CUARTELES', NULL),
	(1665, 7404, 'SAN ALEJO', NULL),
	(1666, 7404, 'BULLILEO', NULL),
	(1667, 7404, 'VILLA BAVIERA', NULL),
	(1668, 7405, 'EL HUASO CHILENO', NULL),
	(1669, 7405, 'EL PROGRESO', NULL),
	(1670, 7405, 'EL LUCERO', NULL),
	(1671, 7405, 'BUREO', NULL),
	(1672, 7405, 'HIGUERILLAS', NULL),
	(1673, 7405, 'MANTUL', NULL),
	(1674, 7405, 'VILLASECA', NULL),
	(1675, 7405, 'EL BONITO', NULL),
	(1676, 7405, 'AJIAL', NULL),
	(1677, 7405, 'EL CARMEN ORIENTE', NULL),
	(1678, 7405, 'QUILLAIMO', NULL),
	(1679, 7405, 'SAN MARCOS', NULL),
	(1680, 7405, 'SANTA CECILIA', NULL),
	(1681, 7405, 'SAN IGNACIO', NULL),
	(1682, 7406, 'CALLE LARGA', NULL),
	(1683, 7406, 'ORILLA DE MAULE-SANTA NATALIA', NULL),
	(1684, 7406, 'SANTA NATALIA', NULL),
	(1685, 7406, 'CABRERÍA', NULL),
	(1686, 7406, 'FLOR DE MAULE', NULL),
	(1687, 7406, 'PUENTE PANDO', NULL),
	(1688, 7406, 'EL PASO', NULL),
	(1689, 7406, 'ALQUIHUE', NULL),
	(1690, 7406, 'SAN BALDOMERO', NULL),
	(1691, 7406, 'SANTA ANA', NULL),
	(1692, 7406, 'VAQUERÍA', NULL),
	(1693, 7406, 'VILLAVICENCIO', NULL),
	(1694, 7406, 'MARIMAURA', NULL),
	(1695, 7406, 'MELOZAL', NULL),
	(1696, 7406, 'CALIBORO', NULL),
	(1697, 7406, 'NIRIVILO', NULL),
	(1698, 7407, 'LA ARENA', NULL),
	(1699, 7407, 'RINCÓN DE LOBOS', NULL),
	(1700, 7407, 'GUIONES', NULL),
	(1701, 7407, 'LOMA DE LAS TORTILLAS', NULL),
	(1702, 7407, 'EL SAUCE-CALLE LARGA', NULL),
	(1703, 7407, 'ESPERANZA', NULL),
	(1704, 7407, 'SANTA MARINA', NULL),
	(1705, 7407, 'CUNACO CHICO', NULL),
	(1706, 7407, 'LA FINCA', NULL),
	(1707, 7407, 'PUTAGÁN', NULL),
	(1708, 7408, 'COIRONAL', NULL),
	(1709, 7408, 'CHALLACURA', NULL),
	(1710, 7408, 'QUILIPÍN', NULL),
	(1711, 7408, 'BAJO ESMERALDA', NULL),
	(1712, 7408, 'FLOR ORIENTE', NULL),
	(1713, 7408, 'LO CASTILLO', NULL),
	(1714, 7408, 'SANTA ANA DE QUERI', NULL),
	(1715, 7408, 'SEMILLERO', NULL),
	(1716, 8101, 'PUENTE SEIS', NULL),
	(1717, 8101, 'PUENTE TRES', NULL),
	(1718, 8101, 'AGUA DE LA GLORIA', NULL),
	(1719, 8101, 'CHAIMÁVIDA', NULL),
	(1720, 8101, 'CONSTANZA', NULL),
	(1721, 8101, 'POCOLLAY', NULL),
	(1722, 8101, 'PUENTE CINCO', NULL),
	(1723, 8101, 'ROBLE VIEJO', NULL),
	(1724, 8101, 'LAS ULLOAS', NULL),
	(1725, 8102, 'PLAYA NEGRA', NULL),
	(1726, 8104, 'CANCHA LOS MONTERO', NULL),
	(1727, 8104, 'LA PAZ', NULL),
	(1728, 8104, 'COPIULEMU', NULL),
	(1729, 8104, 'PUENTE SIETE', NULL),
	(1730, 8104, 'ROA', NULL),
	(1731, 8105, 'LAS TOTORITAS', NULL),
	(1732, 8105, 'QUILACOYA', NULL),
	(1733, 8106, 'CHIVILINGO', NULL),
	(1734, 8107, 'PRIMER AGUA', NULL),
	(1735, 8108, 'LOS PINARES', NULL),
	(1736, 8109, 'TRICAUCO', NULL),
	(1737, 8109, 'BALSEADERO', NULL),
	(1738, 8109, 'CURALÍ', NULL),
	(1739, 8109, 'ESPIGADO', NULL),
	(1740, 8109, 'LA GENERALA', NULL),
	(1741, 8110, 'ISLA QUIRIQUINA', NULL),
	(1742, 8111, 'MADESAL', NULL),
	(1743, 8111, 'VEGUILLAS', NULL),
	(1744, 8111, 'COLIUMO', NULL),
	(1745, 8111, 'MENQUE', NULL),
	(1746, 8111, 'CHILLANCITO', NULL),
	(1747, 8111, 'SAN CARLITOS', NULL),
	(1748, 8112, 'LENGA', NULL),
	(1749, 8201, 'QUIAPO', NULL),
	(1750, 8201, 'LAS QUINTAS', NULL),
	(1751, 8202, 'HORCONES', NULL),
	(1752, 8202, 'PICHILO', NULL),
	(1753, 8202, 'RAQUI', NULL),
	(1754, 8202, 'TUBUL', NULL),
	(1755, 8202, 'LLICO', NULL),
	(1756, 8202, 'PUNTA LAVAPIÉ', NULL),
	(1757, 8202, 'RUMENA', NULL),
	(1758, 8203, 'CAILLÍN', NULL),
	(1759, 8203, 'HUILLINCO', NULL),
	(1760, 8203, 'BUTAMALAL BAJO', NULL),
	(1761, 8203, 'CAYUCUPIL', NULL),
	(1762, 8203, 'RUCAÑIRRE', NULL),
	(1763, 8203, 'TRES SAUCES', NULL),
	(1764, 8203, 'HUILQUEHUE', NULL),
	(1765, 8203, 'SANTA ÁNGELA', NULL),
	(1766, 8203, 'PONOTRO', NULL),
	(1767, 8203, 'LLENQUEHUE', NULL),
	(1768, 8203, 'LAUTARO ANTIQUINA', NULL),
	(1769, 8204, 'ESTACIÓN', NULL),
	(1770, 8204, 'LICAHUE', NULL),
	(1771, 8204, 'CALEBU', NULL),
	(1772, 8204, 'ELICURA', NULL),
	(1773, 8204, 'LANALHUE', NULL),
	(1774, 8205, 'LAS PLEGARIAS', NULL),
	(1775, 8205, 'PICHIARAUCO', NULL),
	(1776, 8205, 'SAN JOSÉ DE COLICO', NULL),
	(1777, 8205, 'COLICO NORTE', NULL),
	(1778, 8205, 'PIEDRAS LISAS', NULL),
	(1779, 8206, 'LOS RÍOS', NULL),
	(1780, 8206, 'SARA DE LEBU', NULL),
	(1781, 8301, 'PAILLIHUE', NULL),
	(1782, 8301, 'PATA DE GALLINA', NULL),
	(1783, 8301, 'CANDELARIA', NULL),
	(1784, 8301, 'LAS TRANCAS', NULL),
	(1785, 8301, 'MARÍA DOLORES', NULL),
	(1786, 8301, 'QUILQUE', NULL),
	(1787, 8301, 'EL AVELLANO', NULL),
	(1788, 8301, 'HUAQUI CENTRAL', NULL),
	(1789, 8301, 'RARINCO CENTRAL', NULL),
	(1790, 8301, 'EL LITRE', NULL),
	(1791, 8301, 'LA MONA', NULL),
	(1792, 8301, 'LOS TRONCOS', NULL),
	(1793, 8301, 'PARAGUAY', NULL),
	(1794, 8301, 'PITRAMAITÉN', NULL),
	(1795, 8301, 'MORTANDAD', NULL),
	(1796, 8301, 'SANTA CLARA', NULL),
	(1797, 8301, 'CAMINO AL CEMENTERIO', NULL),
	(1798, 8301, 'CAMINO AL PERAL', NULL),
	(1799, 8301, 'CAMINO LOS ÁNGELES', NULL),
	(1800, 8301, 'EL HUERTÓN', NULL),
	(1801, 8301, 'LOS VARONES', NULL),
	(1802, 8301, 'NATRE RARINCO', NULL),
	(1803, 8301, 'CHACAYAL NORTE', NULL),
	(1804, 8301, 'CHACAYAL SUR', NULL),
	(1805, 8301, 'LA PERLA', NULL),
	(1806, 8301, 'CUÑIBAL', NULL),
	(1807, 8301, 'DUQUECO', NULL),
	(1808, 8301, 'LLANO BLANCO', NULL),
	(1809, 8301, 'TOLPÁN', NULL),
	(1810, 8301, 'DUQUECO SUR', NULL),
	(1811, 8302, 'LOS CANELOS', NULL),
	(1812, 8302, 'MIRRIHUE', NULL),
	(1813, 8302, 'VILLA LAS ROSAS', NULL),
	(1814, 8302, 'VILLA PELUCA', NULL),
	(1815, 8302, 'ABANICO', NULL),
	(1816, 8302, 'CAMPAMENTO VIEJO', NULL),
	(1817, 8303, 'EL ROSAL', NULL),
	(1818, 8303, 'CHARRÚA', NULL),
	(1819, 8303, 'CHARRÚA SUR', NULL),
	(1820, 8303, 'SALTO DEL LAJA', NULL),
	(1821, 8303, 'AGUAS NEGRAS', NULL),
	(1822, 8304, 'CHILLICO', NULL),
	(1823, 8304, 'LAS PLAYAS', NULL),
	(1824, 8304, 'RUCAHUE', NULL),
	(1825, 8304, 'VILLA LAJA', NULL),
	(1826, 8304, 'CACHAPOAL', NULL),
	(1827, 8304, 'LOS CIÉNOGOS', NULL),
	(1828, 8304, 'PUENTE PERALES', NULL),
	(1829, 8304, 'SANTIAGO CHICO', NULL),
	(1830, 8304, 'CHORRILLOS', NULL),
	(1831, 8304, 'DIUQUÍN', NULL),
	(1832, 8305, 'MIRADOR DE BIOBÍO', NULL),
	(1833, 8305, 'MUNILQUE ISAURIETA', NULL),
	(1834, 8305, 'AURORA DE ENERO', NULL),
	(1835, 8305, 'RAPELCO', NULL),
	(1836, 8306, 'MILLAPOA', NULL),
	(1837, 8306, 'RINCONADA DE TAVOLEO', NULL),
	(1838, 8306, 'SANTA LUISA', NULL),
	(1839, 8307, 'EL AGRO', NULL),
	(1840, 8307, 'ESPERANZA CAMPESINA', NULL),
	(1841, 8307, 'ESPIGA DE ORO', NULL),
	(1842, 8307, 'PICHI RENAICO', NULL),
	(1843, 8307, 'RIHUE', NULL),
	(1844, 8307, 'EL CONSUELO', NULL),
	(1845, 8308, 'CAMPAMENTO', NULL),
	(1846, 8308, 'LONCOPANGUE', NULL),
	(1847, 8309, 'BAJO DUQUECO', NULL),
	(1848, 8309, 'SAN LORENCITO', NULL),
	(1849, 8309, 'EL HUALLE', NULL),
	(1850, 8310, 'PEÑAFLOR', NULL),
	(1851, 8310, 'TURQUÍA', NULL),
	(1852, 8311, 'CORCOVADO', NULL),
	(1853, 8311, 'VILLUCURA', NULL),
	(1854, 8311, 'AGUAS BLANCAS', NULL),
	(1855, 8311, 'LOS JUNQUILLOS', NULL),
	(1856, 8312, 'TRUPÁN', NULL),
	(1857, 8313, 'LLAHUILO', NULL),
	(1858, 8313, 'MISQUE', NULL),
	(1859, 8313, 'POZO DE ORO', NULL),
	(1860, 8313, 'RÍO CLARO', NULL),
	(1861, 8313, 'RERE', NULL),
	(1862, 8314, 'ALTO BIOBÍO', NULL),
	(1863, 9101, 'BOTROLHUE', NULL),
	(1864, 9101, 'CAMINO A IMPERIAL', NULL),
	(1865, 9101, 'RENGALIL', NULL),
	(1866, 9101, 'CURIHUINCA', NULL),
	(1867, 9101, 'RALUNCOYÁN', NULL),
	(1868, 9101, 'MAÑÍO CHICO', NULL),
	(1869, 9101, 'BOLLECO', NULL),
	(1870, 9102, 'PANCUL', NULL),
	(1871, 9102, 'NEHUENTÚE', NULL),
	(1872, 9102, 'TRANAPUENTE', NULL),
	(1873, 9102, 'LAS ARAUCARIAS', NULL),
	(1874, 9103, 'VILLA GARCÍA', NULL),
	(1875, 9103, 'PEÑAFIEL HORTENSIAS', NULL),
	(1876, 9103, 'CHOROICO', NULL),
	(1877, 9104, 'CATRIPULLI', NULL),
	(1878, 9105, 'HUILQUILCO', NULL),
	(1879, 9105, 'ALLIPÉN', NULL),
	(1880, 9105, 'RADAL', NULL),
	(1881, 9106, 'COIHUECO', NULL),
	(1882, 9107, 'QUITRATUÉ', NULL),
	(1883, 9107, 'RINCONADA OESTE', NULL),
	(1884, 9108, 'VISTA HERMOSA', NULL),
	(1885, 9108, 'VISTA HERMOSA ORIENTE', NULL),
	(1886, 9108, 'LOS PARADEROS', NULL),
	(1887, 9109, 'TRAITRAICO', NULL),
	(1888, 9109, 'LLIU-LLIU', NULL),
	(1889, 9109, 'CASAHUE', NULL),
	(1890, 9109, 'ANCAHUAL', NULL),
	(1891, 9111, 'LAS VIOLETAS', NULL),
	(1892, 9111, 'HUALACURA', NULL),
	(1893, 9111, 'ESTACIÓN BOROA', NULL),
	(1894, 9111, 'TRIHUECHE', NULL),
	(1895, 9111, 'CANCURA', NULL),
	(1896, 9111, 'VILLA DIEGO DE ALMAGRO', NULL),
	(1897, 9112, 'METRENCO', NULL),
	(1898, 9112, 'PICHIQUEPE', NULL),
	(1899, 9113, 'QUILLÉN', NULL),
	(1900, 9114, 'MANZANAL', NULL),
	(1901, 9114, 'LOS GALPONES', NULL),
	(1902, 9114, 'COMUY', NULL),
	(1903, 9114, 'MAHUIDANCHE', NULL),
	(1904, 9115, 'EL CLARO', NULL),
	(1905, 9115, 'CABURGUA', NULL),
	(1906, 9116, 'BOCA BUDI', NULL),
	(1907, 9116, 'MAULE', NULL),
	(1908, 9116, 'PUERTO DOMÍNGUEZ', NULL),
	(1909, 9117, 'BARROS ARANA', NULL),
	(1910, 9118, 'ISLA LOS PINOS', NULL),
	(1911, 9118, 'VILLA LOS BOLDOS', NULL),
	(1912, 9119, 'SAN PATRICIO', NULL),
	(1913, 9119, 'PARQUE NACIONAL CONGUILLÍO', NULL),
	(1914, 9119, 'LLAIMA', NULL),
	(1915, 9120, 'LONCOTRARO', NULL),
	(1916, 9120, 'MOLCO', NULL),
	(1917, 9120, 'VILLA JULIA', NULL),
	(1918, 9120, 'AVIACIÓN', NULL),
	(1919, 9120, 'COLLICO', NULL),
	(1920, 9120, 'CONQUIL', NULL),
	(1921, 9120, 'EL PARQUE', NULL),
	(1922, 9120, 'LEFÚN', NULL),
	(1923, 9120, 'CHALLUPÉN', NULL),
	(1924, 9120, 'CUDICO', NULL),
	(1925, 9121, 'PEUMORREHUE', NULL),
	(1926, 9201, 'COYANCO', NULL),
	(1927, 9201, 'ITRAQUE', NULL),
	(1928, 9201, 'LOLENCO', NULL),
	(1929, 9202, 'BAJO MALLECO', NULL),
	(1930, 9202, 'CEMENTERIO', NULL),
	(1931, 9202, 'NIZA', NULL),
	(1932, 9202, 'ÑANCO', NULL),
	(1933, 9202, 'CURACO', NULL),
	(1934, 9202, 'LA SUERTE', NULL),
	(1935, 9202, 'RESERVA FORESTAL MALLECO', NULL),
	(1936, 9203, 'VEGA LARGA', NULL),
	(1937, 9203, 'MALALCAHUELLO', NULL),
	(1938, 9204, 'PIDIMA', NULL),
	(1939, 9205, 'TROYO', NULL),
	(1940, 9205, 'LIUCURA', NULL),
	(1941, 9206, 'TRINTRE', NULL),
	(1942, 9207, 'PICHIPELLAHUÉN', NULL),
	(1943, 9208, 'CAUPOLICÁN', NULL),
	(1944, 9210, 'CHUFQUÉN', NULL),
	(1945, 9210, 'QUILQUÉN', NULL),
	(1946, 9210, 'QUECHEREGUAS', NULL),
	(1947, 9211, 'VILLA CAUTÍN', NULL),
	(1948, 9211, 'CALIFORNIA', NULL),
	(1949, 9211, 'SELVA OSCURA', NULL),
	(1950, 9211, 'PÚA', NULL),
	(1951, 9211, 'QUINO', NULL),
	(1952, 10101, 'ALTO BONITO', NULL),
	(1953, 10101, 'CHINQUIHUE', NULL),
	(1954, 10101, 'COSTA TENGLO ALTO', NULL),
	(1955, 10101, 'ALTO LA PALOMA', NULL),
	(1956, 10101, 'CHAMIZA', NULL),
	(1957, 10101, 'LA POZA', NULL),
	(1958, 10101, 'METREQUÉN', NULL),
	(1959, 10101, 'TRES PUENTES', NULL),
	(1960, 10101, 'CORRENTOSO', NULL),
	(1961, 10101, 'LAGO CHAPO', NULL),
	(1962, 10101, 'POLINCAY', NULL),
	(1963, 10101, 'METRI', NULL),
	(1964, 10101, 'PIEDRA AZUL', NULL),
	(1965, 10101, 'QUILLAIPE', NULL),
	(1966, 10101, 'CALETA GUTIÉRREZ', NULL),
	(1967, 10101, 'CHAICA', NULL),
	(1968, 10101, 'LENCA', NULL),
	(1969, 10101, 'ISLA TENGLO', NULL),
	(1970, 10101, 'TRAPÉN', NULL),
	(1971, 10101, 'CARDONAL BAJO', NULL),
	(1972, 10101, 'LAGUNITAS', NULL),
	(1973, 10101, 'LAS QUEMAS', NULL),
	(1974, 10101, 'CHINCHÍN', NULL),
	(1975, 10102, 'CHAYAHUÉ', NULL),
	(1976, 10102, 'PARGUA', NULL),
	(1977, 10102, 'COLACO', NULL),
	(1978, 10103, 'COCHAMÓ', NULL),
	(1979, 10103, 'PUELO BAJO', NULL),
	(1980, 10104, 'LAS BEATAS', NULL),
	(1981, 10104, 'POLIZONES', NULL),
	(1982, 10104, 'EL REPIL', NULL),
	(1983, 10104, 'LLICO BAJO', NULL),
	(1984, 10104, 'TEGUALDA', NULL),
	(1985, 10104, 'EL CAÑAL', NULL),
	(1986, 10104, 'AMANCAYES', NULL),
	(1987, 10104, 'LÍNEA SIN NOMBRE', NULL),
	(1988, 10104, 'PARGA', NULL),
	(1989, 10105, 'PICHILÓPEZ', NULL),
	(1990, 10105, 'PUNTA LARGA', NULL),
	(1991, 10105, 'LOS RADALES', NULL),
	(1992, 10105, 'CASMA', NULL),
	(1993, 10105, 'COLONIA LA RADIO', NULL),
	(1994, 10105, 'COLONIA SAN MARTÍN', NULL),
	(1995, 10105, 'LOMA LA PIEDRA', NULL),
	(1996, 10105, 'LOS BAJOS', NULL),
	(1997, 10106, 'CAÑITAS', NULL),
	(1998, 10106, 'EL LAUREL', NULL),
	(1999, 10106, 'RÍO FRÍO', NULL),
	(2000, 10106, 'CUMBRE ALTA', NULL),
	(2001, 10107, 'COLONIA LOS INDIOS', NULL),
	(2002, 10107, 'LONCOTORO', NULL),
	(2003, 10107, 'COLEGUAL SAN JUAN', NULL),
	(2004, 10108, 'HUICHAMILLA', NULL),
	(2005, 10108, 'PUERTO GODOY', NULL),
	(2006, 10108, 'QUENUIR', NULL),
	(2007, 10108, 'CHANHUÉ', NULL),
	(2008, 10108, 'LA PASADA', NULL),
	(2009, 10108, 'LOLCURA', NULL),
	(2010, 10108, 'EL LLOLLE', NULL),
	(2011, 10108, 'ASTILLEROS', NULL),
	(2012, 10109, 'COLONIA RÍO SUR', NULL),
	(2013, 10109, 'LOS RISCOS', NULL),
	(2014, 10109, 'ENSENADA', NULL),
	(2015, 10109, 'RALÚN', NULL),
	(2016, 10109, 'ROLLIZOS', NULL),
	(2017, 10201, 'PID PID', NULL),
	(2018, 10201, 'PUTEMÚN', NULL),
	(2019, 10201, 'RILÁN', NULL),
	(2020, 10201, 'CHELÍN BAJO', NULL),
	(2021, 10201, 'LOS ÁNGELES', NULL),
	(2022, 10201, 'YUTUY', NULL),
	(2023, 10201, 'PIRUQUINA', NULL),
	(2024, 10202, 'PUPELDE BAJO', NULL),
	(2025, 10202, 'CHACAO', NULL),
	(2026, 10202, 'MANAO', NULL),
	(2027, 10202, 'PULELO', NULL),
	(2028, 10202, 'PUTIQUE', NULL),
	(2029, 10202, 'LECHAGUA', NULL),
	(2030, 10202, 'QUETALMAHUE', NULL),
	(2031, 10203, 'HUICHA', NULL),
	(2032, 10203, 'NOTUCO', NULL),
	(2033, 10203, 'NATRI', NULL),
	(2034, 10203, 'PÚLPITO', NULL),
	(2035, 10203, 'CUCAO', NULL),
	(2036, 10203, 'CHANQUÍN', NULL),
	(2037, 10203, 'NALHUITAD', NULL),
	(2038, 10204, 'LOS PALQUIS', NULL),
	(2039, 10205, 'MOCOPULLI', NULL),
	(2040, 10205, 'ÑIUCHO', NULL),
	(2041, 10205, 'CALÉN', NULL),
	(2042, 10205, 'TENAÚN', NULL),
	(2043, 10205, 'TOCOIHUE', NULL),
	(2044, 10206, 'LINCAY', NULL),
	(2045, 10206, 'PUQUELDÓN', NULL),
	(2046, 10206, 'ALDACHILDO', NULL),
	(2047, 10206, 'ICHUAC', NULL),
	(2048, 10206, 'DETIF', NULL),
	(2049, 10207, 'ISLA ACUY', NULL),
	(2050, 10207, 'DETICO', NULL),
	(2051, 10207, 'LELBÚN', NULL),
	(2052, 10208, 'COINCO', NULL),
	(2053, 10208, 'LAS ANTENAS', NULL),
	(2054, 10208, 'CHAIGUAO', NULL),
	(2055, 10208, 'AUCHAC', NULL),
	(2056, 10208, 'CURAHUE', NULL),
	(2057, 10208, 'CURANUE', NULL),
	(2058, 10208, 'COMPU', NULL),
	(2059, 10208, 'MOLULCO', NULL),
	(2060, 10209, 'LLIUCO', NULL),
	(2061, 10209, 'AUCAR', NULL),
	(2062, 10209, 'MONTEMAR', NULL),
	(2063, 10209, 'QUICAVÍ', NULL),
	(2064, 10209, 'AÑIHUE', NULL),
	(2065, 10209, 'MECHUQUE', NULL),
	(2066, 10209, 'ISLA TAC', NULL),
	(2067, 10210, 'QUENAC', NULL),
	(2068, 10210, 'ISLA CAGUACHE', NULL),
	(2069, 10210, 'CHAULINEC', NULL),
	(2070, 10210, 'QUINCHAO', NULL),
	(2071, 10301, 'MISIÓN DE RAHUE', NULL),
	(2072, 10301, 'ASENTAMIENTO BAQUEDANO', NULL),
	(2073, 10301, 'PICHIL', NULL),
	(2074, 10301, 'MULPULMO', NULL),
	(2075, 10301, 'BARRO BLANCO', NULL),
	(2076, 10301, 'CAÑAL BAJO', NULL),
	(2077, 10301, 'LAS LUMAS', NULL),
	(2078, 10301, 'POLLOICO', NULL),
	(2079, 10301, 'LOS MELÍES', NULL),
	(2080, 10301, 'PUCOIHUE', NULL),
	(2081, 10302, 'CENTINELA', NULL),
	(2082, 10302, 'EL CARRIL', NULL),
	(2083, 10302, 'EL ESCUDO', NULL),
	(2084, 10302, 'LAS CASCADAS', NULL),
	(2085, 10303, 'DOLLINCO', NULL),
	(2086, 10303, 'ESTERO LARGO', NULL),
	(2087, 10303, 'OROMO', NULL),
	(2088, 10303, 'CONCORDIA', NULL),
	(2089, 10303, 'CRUCERO', NULL),
	(2090, 10303, 'RINCÓN CHILENO', NULL),
	(2091, 10303, 'COLIGUAL', NULL),
	(2092, 10303, 'COLONIA ZAGAL', NULL),
	(2093, 10303, 'HUEYUSCA', NULL),
	(2094, 10303, 'LA NARANJA', NULL),
	(2095, 10304, 'PILMAIQUÉN', NULL),
	(2096, 10304, 'AGUAS CALIENTES', NULL),
	(2097, 10304, 'PAJARITOS', NULL),
	(2098, 10304, 'TERMAS DE PUYEHUE', NULL),
	(2099, 10304, 'LOS NEGROS', NULL),
	(2100, 10304, 'PICHIPICHIL', NULL),
	(2101, 10305, 'CHAPACO', NULL),
	(2102, 10305, 'CHIFÍN', NULL),
	(2103, 10305, 'HUILMA', NULL),
	(2104, 10305, 'CASA DE LATA', NULL),
	(2105, 10305, 'CHANCHÁN', NULL),
	(2106, 10305, 'SALCA', NULL),
	(2107, 10305, 'RIACHUELO', NULL),
	(2108, 10306, 'MISIÓN SAN JUAN DE LA COSTA', NULL),
	(2109, 10306, 'PULAMEMO', NULL),
	(2110, 10306, 'BARRA DEL RÍO BUENO', NULL),
	(2111, 10306, 'PUAUCHO', NULL),
	(2112, 10306, 'PUCATRIHUE', NULL),
	(2113, 10307, 'CARACOL', NULL),
	(2114, 10307, 'TRUMAO', NULL),
	(2115, 10307, 'QUILACAHUÍN', NULL),
	(2116, 10401, 'EL AMARILLO', NULL),
	(2117, 10401, 'SANTA BÁRBARA', NULL),
	(2118, 10401, 'AYACARA', NULL),
	(2119, 10401, 'BUILL', NULL),
	(2120, 10401, 'VALLE FRÍO', NULL),
	(2121, 10402, 'EL ESPOLÓN', NULL),
	(2122, 10402, 'LONCONAO', NULL),
	(2123, 10403, 'CONTAO', NULL),
	(2124, 10403, 'MAÑIHUEICO', NULL),
	(2125, 10403, 'QUILDACO', NULL),
	(2126, 10403, 'AULÉN', NULL),
	(2127, 10403, 'CHAUCHIL', NULL),
	(2128, 10403, 'ROLECHA', NULL),
	(2129, 10403, 'HUALAIHUÉ', NULL),
	(2130, 10403, 'ISLA MALOMACÚN', NULL),
	(2131, 10403, 'LLEGUIMÁN', NULL),
	(2132, 10403, 'PICHICOLO', NULL),
	(2133, 10403, 'CHOLGO', NULL),
	(2134, 10403, 'LAGO CABRERA', NULL),
	(2135, 10403, 'RÍO NEGRO', NULL),
	(2136, 10403, 'ISLA LLANCAHUÉ', NULL),
	(2137, 10403, 'HUINAY', NULL),
	(2138, 10403, 'VODUDAHUE', NULL),
	(2139, 10404, 'LAGO PALENA', NULL),
	(2140, 11101, 'VILLA ORTEGA', NULL),
	(2141, 11101, 'BAÑO NUEVO', NULL),
	(2142, 11101, 'EL GATO', NULL),
	(2143, 11101, 'ÑIREGUAO', NULL),
	(2144, 11101, 'BALMACEDA', NULL),
	(2145, 11101, 'EL BLANCO', NULL),
	(2146, 11101, 'ENSENADA VALLE SIMPSON', NULL),
	(2147, 11101, 'LAGO ATRAVESADO', NULL),
	(2148, 11101, 'VALLE SIMPSON', NULL),
	(2149, 11101, 'VILLA FREI', NULL),
	(2150, 11101, 'ALTO BAGUALES', NULL),
	(2151, 11101, 'LAS BANDURRIAS', NULL),
	(2152, 11102, 'LAGO VERDE', NULL),
	(2153, 11102, 'ALTO RÍO CISNES', NULL),
	(2154, 11102, 'LA TAPERA', NULL),
	(2155, 11102, 'CISNES MEDIO', NULL),
	(2156, 11201, 'RÍO DE LOS PALOS', NULL),
	(2157, 11201, 'RÍO PANGAL', NULL),
	(2158, 11201, 'VALLE VERDE', NULL),
	(2159, 11201, 'EL BALSEO', NULL),
	(2160, 11201, 'KILÓMETRO VEINTITRÉS', NULL),
	(2161, 11201, 'VILLA LOS TORREONES', NULL),
	(2162, 11201, 'CAMINO A PUERTO CHACABUCO', NULL),
	(2163, 11201, 'CAMINO EL BLANCO', NULL),
	(2164, 11201, 'CALETA ANDRADE', NULL),
	(2165, 11201, 'ESTERO COPA', NULL),
	(2166, 11201, 'PUERTO AGUIRRE', NULL),
	(2167, 11202, 'ISLA MAGDALENA', NULL),
	(2168, 11202, 'PUYUHUAPI', NULL),
	(2169, 11202, 'MELIMOYU', NULL),
	(2170, 11203, 'REPOLLAL', NULL),
	(2171, 11302, 'LAGO O\'HIGGINS', NULL),
	(2172, 11302, 'VILLA O\'HIGGINS', NULL),
	(2173, 11303, 'RÍO BAKER', NULL),
	(2174, 11303, 'TORTEL', NULL),
	(2175, 11401, 'MALLÍN GRANDE', NULL),
	(2176, 11401, 'PUERTO GUADAL', NULL),
	(2177, 11401, 'PUERTO BERTRAND', NULL),
	(2178, 11402, 'CERRO CASTILLO', NULL),
	(2179, 11402, 'PUERTO IBÁÑEZ', NULL),
	(2180, 11402, 'PUERTO SÁNCHEZ', NULL),
	(2181, 11402, 'PUERTO RÍO TRANQUILO', NULL),
	(2182, 11402, 'BAHÍA MURTA', NULL),
	(2183, 12101, 'BARRANCO AMARILLO', NULL),
	(2184, 12101, 'BARRIO INDUSTRIAL', NULL),
	(2185, 12101, 'KON AIKEN', NULL),
	(2186, 12101, 'OJO BUENO', NULL),
	(2187, 12101, 'PAMPA ALEGRE', NULL),
	(2188, 12101, 'ANDINO', NULL),
	(2189, 12101, 'LYNCH', NULL),
	(2190, 12101, 'PAMPA REDONDA', NULL),
	(2191, 12101, 'RÍO DE LAS MINAS', NULL),
	(2192, 12101, 'RÍO DE LOS CIERVOS', NULL),
	(2193, 12101, 'ISLA DAWSON', NULL),
	(2194, 12102, 'CHORRILLO LAS LATAS', NULL),
	(2195, 12102, 'CHORRILLO MATEO', NULL),
	(2196, 12102, 'EL ZURDO', NULL),
	(2197, 12102, 'ENTRE VIENTOS', NULL),
	(2198, 12102, 'VILLA TEHUELCHES', NULL),
	(2199, 12103, 'PONSOMBY', NULL),
	(2200, 12104, 'CAÑADÓN GRANDE', NULL),
	(2201, 12104, 'TENIENTE MERINO', NULL),
	(2202, 12201, 'PUERTO NAVARINO', NULL),
	(2203, 12201, 'PUERTO TORO', NULL),
	(2204, 12202, 'ISLA ARDLEY', NULL),
	(2205, 12302, 'CERRO SOMBRERO', NULL),
	(2206, 12303, 'CAMERON', NULL),
	(2207, 12303, 'LAGO BLANCO', NULL),
	(2208, 12303, 'LAGO DESEADO', NULL),
	(2209, 12303, 'PAMPA GUANACO', NULL),
	(2210, 12303, 'PARQUE KARUKINKA', NULL),
	(2211, 12303, 'PUERTO YARTOU', NULL),
	(2212, 12303, 'RUSSFIN', NULL),
	(2213, 12303, 'TIMAUKEL', NULL),
	(2214, 12401, 'DOROTEA', NULL),
	(2215, 12401, 'RÍO RUBENS', NULL),
	(2216, 12401, 'SENO OBSTRUCCIÓN', NULL),
	(2217, 12401, 'AEROPUERTO', NULL),
	(2218, 12401, 'PUERTO PRAT', NULL),
	(2219, 12402, 'LAGUNA AMARGA', NULL),
	(2220, 12402, 'PEHOE', NULL),
	(2221, 12402, 'COMPLEJO TORRES DEL PAINE', NULL),
	(2222, 12402, 'ESTANCIA CERRO PAINE', NULL),
	(2223, 12402, 'LAGO TORO', NULL),
	(2224, 12402, 'LOS CUERNOS DEL PAINE', NULL),
	(2225, 13115, 'CAMINO A FARELLONES', NULL),
	(2226, 13115, 'CORRAL QUEMADO', NULL),
	(2227, 13115, 'FARELLONES', NULL),
	(2228, 13115, 'LA PARVA', NULL),
	(2229, 13119, 'LA FARFANA', NULL),
	(2230, 13124, 'NOVICIADO', NULL),
	(2231, 13124, 'CAMINO A NOVICIADO', NULL),
	(2232, 13124, 'CAMPO ALEGRE', NULL),
	(2233, 13124, 'PERALITO', NULL),
	(2234, 13125, 'COLO-COLO', NULL),
	(2235, 13125, 'LO ECHEVERS', NULL),
	(2236, 13125, 'SAN LUIS NORTE', NULL),
	(2237, 13202, 'EL CRUCERAL', NULL),
	(2238, 13202, 'LA CATÓLICA', NULL),
	(2239, 13202, 'LOS SILOS', NULL),
	(2240, 13202, 'LO ARCAYA', NULL),
	(2241, 13203, 'EL GUAYACÁN', NULL),
	(2242, 13203, 'EL ALFALFAL', NULL),
	(2243, 13203, 'SAN GABRIEL', NULL),
	(2244, 13203, 'BAÑOS MORALES', NULL),
	(2245, 13203, 'EL VOLCÁN', NULL),
	(2246, 13203, 'LAS MELOSAS', NULL),
	(2247, 13203, 'EL INGENIO', NULL),
	(2248, 13203, 'EL TOYO', NULL),
	(2249, 13301, 'GENERAL SAN MARTÍN', NULL),
	(2250, 13301, 'LA COPA', NULL),
	(2251, 13301, 'LIRAY', NULL),
	(2252, 13301, 'SANTA SARA', NULL),
	(2253, 13301, 'EL ALBA', NULL),
	(2254, 13301, 'SANTA LUZ', NULL),
	(2255, 13301, 'PELDEHUE', NULL),
	(2256, 13301, 'CHACABUCO', NULL),
	(2257, 13301, 'QUILAPILÚN', NULL),
	(2258, 13301, 'SANTA FILOMENA', NULL),
	(2259, 13302, 'EL RESPLANDOR', NULL),
	(2260, 13302, 'ESFUERZO CAMPESINO', NULL),
	(2261, 13302, 'LO VARGAS', NULL),
	(2262, 13302, 'LOS ESPINOS', NULL),
	(2263, 13302, 'NUEVO PORVENIR', NULL),
	(2264, 13302, 'O\'HIGGINS', NULL),
	(2265, 13302, 'SANTA CAROLINA', NULL),
	(2266, 13302, 'EL TAQUERAL', NULL),
	(2267, 13302, 'LA VILANA', NULL),
	(2268, 13302, 'LA PRIMAVERA', NULL),
	(2269, 13302, 'LIPANGUE', NULL),
	(2270, 13303, 'HUECHÚN', NULL),
	(2271, 13303, 'POLPAICO', NULL),
	(2272, 13303, 'SANTA MATILDE', NULL),
	(2273, 13303, 'MONTENEGRO', NULL),
	(2274, 13303, 'RUNGUE', NULL),
	(2275, 13401, 'EL MARISCAL', NULL),
	(2276, 13401, 'EL BARRANCÓN', NULL),
	(2277, 13401, 'SANTA TERESA DE TANGO', NULL),
	(2278, 13401, 'RINCONADA DE CHENA', NULL),
	(2279, 13401, 'LO INFANTE', NULL),
	(2280, 13402, 'CERVERA', NULL),
	(2281, 13402, 'LINDEROS', NULL),
	(2282, 13402, 'MAIPO SUR', NULL),
	(2283, 13402, 'CAMPUSANO', NULL),
	(2284, 13402, 'EL MONTE', NULL),
	(2285, 13402, 'EL RECURSO', NULL),
	(2286, 13402, 'LOS TILOS', NULL),
	(2287, 13403, 'EL ACACIO', NULL),
	(2288, 13403, 'EL COPIHUE', NULL),
	(2289, 13403, 'LO ERMITA', NULL),
	(2290, 13403, 'SAN JOSÉ DE TANGO', NULL),
	(2291, 13403, 'LO CARVALLO', NULL),
	(2292, 13403, 'CALERA', NULL),
	(2293, 13403, 'EL RECUERDO', NULL),
	(2294, 13403, 'PALERMO', NULL),
	(2295, 13404, 'RANGUE', NULL),
	(2296, 13404, 'CULITRÍN', NULL),
	(2297, 13404, 'EL PAULA', NULL),
	(2298, 13404, 'APARICIÓN', NULL),
	(2299, 13404, 'ÁGUILA NORTE', NULL),
	(2300, 13404, 'ÁGUILA SUR', NULL),
	(2301, 13404, 'ABRANTES', NULL),
	(2302, 13404, 'HUITICALÁN', NULL),
	(2303, 13501, 'EL BAJO', NULL),
	(2304, 13501, 'CARMEN BAJO', NULL),
	(2305, 13501, 'CHOCALÁN', NULL),
	(2306, 13501, 'LA VILUMA', NULL),
	(2307, 13501, 'CHOLQUI', NULL),
	(2308, 13501, 'MANANTIALES', NULL),
	(2309, 13501, 'CULIPRÁN', NULL),
	(2310, 13501, 'MANDINGA', NULL),
	(2311, 13501, 'HUECHÚN BAJO', NULL),
	(2312, 13501, 'PUANGUE', NULL),
	(2313, 13501, 'SANTA ELISA', NULL),
	(2314, 13501, 'CHIÑIHUE', NULL),
	(2315, 13501, 'EL MARCO', NULL),
	(2316, 13501, 'CODIGUA', NULL),
	(2317, 13501, 'MALLARAUCO', NULL),
	(2318, 13501, 'PAHUILMO', NULL),
	(2319, 13501, 'SAN BERNARDO', NULL),
	(2320, 13502, 'COMUNIDAD AGRÍCOLA HISTÓRICA TRADICIONAL DE ALHUÉ', NULL),
	(2321, 13502, 'HACIENDA ALHUÉ', NULL),
	(2322, 13502, 'PICHI', NULL),
	(2323, 13502, 'POLULO', NULL),
	(2324, 13502, 'PINCHA', NULL),
	(2325, 13503, 'EL AJIAL', NULL),
	(2326, 13503, 'LO ALVARADO', NULL),
	(2327, 13503, 'LO PRADO', NULL),
	(2328, 13503, 'SANTA INÉS-PATAGÜILLA', NULL),
	(2329, 13503, 'LO ÁGUILA', NULL),
	(2330, 13503, 'LOS PANGUILES', NULL),
	(2331, 13504, 'BARACALDO', NULL),
	(2332, 13504, 'MALALHUE', NULL),
	(2333, 13504, 'LA ESTRELLA', NULL),
	(2334, 13504, 'LO OVALLE', NULL),
	(2335, 13504, 'RANCHILLO', NULL),
	(2336, 13504, 'CHOROMBO-IBACACHE', NULL),
	(2337, 13504, 'EL PARRÓN', NULL),
	(2338, 13505, 'CAMINO LA MINA', NULL),
	(2339, 13505, 'EL YALI', NULL),
	(2340, 13505, 'LOICA ARRIBA', NULL),
	(2341, 13505, 'EL PRADO', NULL),
	(2342, 13601, 'LUCAS PACHECO', NULL),
	(2343, 13601, 'EL ROTO CHILENO', NULL),
	(2344, 13601, 'EL TRIUNFADOR', NULL),
	(2345, 13601, 'SORRENTO', NULL),
	(2346, 13601, 'EL CORTE', NULL),
	(2347, 13602, 'EL PAICO', NULL),
	(2348, 13602, 'EL PAICO SUR', NULL),
	(2349, 13603, 'CARAMPANGUE', NULL),
	(2350, 13603, 'PUNTILLA DE LONQUÉN', NULL),
	(2351, 13603, 'LA VILLITA', NULL),
	(2352, 13603, 'NALTAGUA', NULL),
	(2353, 13604, 'LOS CORRALES', NULL),
	(2354, 13604, 'SANTA MÓNICA', NULL),
	(2355, 13604, 'EL CURATO', NULL),
	(2356, 13604, 'EL TREBAL', NULL),
	(2357, 13605, 'PELVÍN', NULL),
	(2358, 13605, 'PEÑAFLOR SUR', NULL),
	(2359, 13605, 'EL GUANACO', NULL),
	(2360, 14101, 'CUESTA DE SOTO', NULL),
	(2361, 14101, 'HUELLELHUE', NULL),
	(2362, 14101, 'LLANCAHUE', NULL),
	(2363, 14101, 'ARIQUE', NULL),
	(2364, 14101, 'PUNUCAPA', NULL),
	(2365, 14101, 'AGUA DEL OBISPO', NULL),
	(2366, 14101, 'LA CENTANILLA', NULL),
	(2367, 14101, 'LONCOYÉN', NULL),
	(2368, 14101, 'CURIÑANCO', NULL),
	(2369, 14102, 'ISLA DEL REY', NULL),
	(2370, 14102, 'ISLA MANCERA', NULL),
	(2371, 14102, 'CHAIHUÍN', NULL),
	(2372, 14102, 'GUAPE', NULL),
	(2373, 14103, 'QUILCHE', NULL),
	(2374, 14103, 'AYLIN', NULL),
	(2375, 14103, 'PURULÓN', NULL),
	(2376, 14104, 'ANTILHUE', NULL),
	(2377, 14104, 'HUIDIF', NULL),
	(2378, 14104, 'PIEDRAS MORAS', NULL),
	(2379, 14104, 'RIÑIHUE', NULL),
	(2380, 14104, 'QUILME', NULL),
	(2381, 14104, 'EL TRÉBOL', NULL),
	(2382, 14104, 'LA PELLINADA', NULL),
	(2383, 14104, 'QUECHUMALAL', NULL),
	(2384, 14104, 'FOLILCO', NULL),
	(2385, 14104, 'PUNAHUE', NULL),
	(2386, 14105, 'RUNCA', NULL),
	(2387, 14106, 'PURINGUE POBRE', NULL),
	(2388, 14106, 'CIRUELOS', NULL),
	(2389, 14106, 'PONPÓN', NULL),
	(2390, 14106, 'HUIFCO', NULL),
	(2391, 14106, 'ESTACIÓN MARIQUINA', NULL),
	(2392, 14106, 'LINGUENTO', NULL),
	(2393, 14106, 'PELCHUQUÍN', NULL),
	(2394, 14106, 'RUCACO', NULL),
	(2395, 14106, 'MEHUÍN', NULL),
	(2396, 14106, 'PLAYA CHEUQUE', NULL),
	(2397, 14107, 'PICHIRROPULLI', NULL),
	(2398, 14107, 'EL LLOLLY', NULL),
	(2399, 14107, 'ESTERO DE LA PLATA', NULL),
	(2400, 14107, 'ITROPULLI', NULL),
	(2401, 14108, 'PUYEHUE', NULL),
	(2402, 14108, 'CALAFQUÉN', NULL),
	(2403, 14108, 'HUELLAHUE', NULL),
	(2404, 14108, 'MELEFQUÉN', NULL),
	(2405, 14108, 'PUCURA', NULL),
	(2406, 14108, 'LIQUIÑE', NULL),
	(2407, 14108, 'CHOSHUENCO', NULL),
	(2408, 14108, 'PAILLAHUINTE', NULL),
	(2409, 14108, 'PUERTO FUY', NULL),
	(2410, 14108, 'PIREHUEICO', NULL),
	(2411, 14201, 'COPÍO', NULL),
	(2412, 14201, 'PANGUIMILLA', NULL),
	(2413, 14201, 'RAPACO', NULL),
	(2414, 14201, 'AUQUINCO', NULL),
	(2415, 14201, 'LOS ESTEROS', NULL),
	(2416, 14201, 'PUERTO NUEVO', NULL),
	(2417, 14201, 'LA FLOR', NULL),
	(2418, 14202, 'DIOLÓN', NULL),
	(2419, 14202, 'LOS CHILCOS', NULL),
	(2420, 14202, 'PUERTO LAS ROSAS', NULL),
	(2421, 14202, 'CHOLLINCO', NULL),
	(2422, 14202, 'LLIFÉN', NULL),
	(2423, 14202, 'LONCOPÁN ALTO', NULL),
	(2424, 14202, 'LLASQUENCO', NULL),
	(2425, 14202, 'MARIQUINA', NULL),
	(2426, 14202, 'CHABRANCO', NULL),
	(2427, 14202, 'CURRIÑE', NULL),
	(2428, 14202, 'HUEINAHUE', NULL),
	(2429, 14203, 'TRINGLO A', NULL),
	(2430, 14203, 'TRINGLO B', NULL),
	(2431, 14203, 'IGNAO', NULL),
	(2432, 14204, 'TRAPI', NULL),
	(2433, 14204, 'VIVANCO', NULL),
	(2434, 14204, 'LICÁN', NULL),
	(2435, 14204, 'MANTILHUE', NULL),
	(2436, 14204, 'RALICURA', NULL),
	(2437, 14204, 'TRAFÚN', NULL),
	(2438, 14204, 'CAYURRUCA', NULL),
	(2439, 14204, 'CURRALHUE', NULL),
	(2440, 15101, 'LIVILCAR', NULL),
	(2441, 15101, 'QUEBRADA DE ACHA', NULL),
	(2442, 15101, 'VALLE DE AZAPA', NULL),
	(2443, 15101, 'GALLINAZOS', NULL),
	(2444, 15101, 'PAMPA CONCORDIA', NULL),
	(2445, 15101, 'VALLE DE LLUTA', NULL),
	(2446, 15102, 'COBIJA', NULL),
	(2447, 15102, 'CODPA', NULL),
	(2448, 15102, 'PARCOHAYLLA', NULL),
	(2449, 15102, 'ESQUIÑA', NULL),
	(2450, 15102, 'SAHUARA', NULL),
	(2451, 15102, 'CUYA', NULL),
	(2452, 15201, 'CAQUENA', NULL),
	(2453, 15201, 'CHUNGARÁ', NULL),
	(2454, 15201, 'COPAQUILLA', NULL),
	(2455, 15201, 'MURMUNTANI', NULL),
	(2456, 15201, 'SOCOROMA', NULL),
	(2457, 15201, 'BELÉN', NULL),
	(2458, 15201, 'CHAPIQUIÑA', NULL),
	(2459, 15201, 'CHOQUELIMPIE', NULL),
	(2460, 15201, 'GUALLATIRE', NULL),
	(2461, 15201, 'PAQUISA', NULL),
	(2462, 15201, 'TICNAMAR', NULL),
	(2463, 15201, 'CHILCAYA', NULL),
	(2464, 15202, 'COSAPILLA', NULL),
	(2465, 15202, 'VISVIRI', NULL),
	(2466, 15202, 'CHUJLLUTA', NULL),
	(2467, 15202, 'COLPITAS', NULL),
	(2468, 15202, 'GUACOLLO', NULL),
	(2469, 15202, 'NASAHUENTO', NULL),
	(2470, 15202, 'ALCÉRRECA', NULL),
	(2471, 15202, 'ANCOLACANE', NULL),
	(2472, 15202, 'HUMAPALCA', NULL),
	(2473, 15202, 'TACORA', NULL),
	(2474, 16101, 'COLONIA BERNARDO O\'HIGGINS PONIENTE', NULL),
	(2475, 16101, 'ÑUBLE ALTO', NULL),
	(2476, 16101, 'ORO VERDE', NULL),
	(2477, 16101, 'CAMINO GUAPE', NULL),
	(2478, 16101, 'BARRIALES', NULL),
	(2479, 16101, 'CONFLUENCIA', NULL),
	(2480, 16101, 'HUECHUPÍN', NULL),
	(2481, 16101, 'CATO', NULL),
	(2482, 16101, 'LAS CHILCAS', NULL),
	(2483, 16101, 'LAS COLES', NULL),
	(2484, 16101, 'MONTE RICO', NULL),
	(2485, 16102, 'BULNES PONIENTE', NULL),
	(2486, 16102, 'EL ESPINAR', NULL),
	(2487, 16102, 'EL RETAMO', NULL),
	(2488, 16102, 'LAS PIEDRAS', NULL),
	(2489, 16102, 'EL CARACOL', NULL),
	(2490, 16102, 'COLTÓN QUILLAY', NULL),
	(2491, 16103, 'NEBUCO', NULL),
	(2492, 16103, 'RUCAPEQUÉN', NULL),
	(2493, 16103, 'LLOLLINCO', NULL),
	(2494, 16103, 'QUILMO', NULL),
	(2495, 16104, 'RINCONADA DIGUILLÍN', NULL),
	(2496, 16105, 'CARTAGO', NULL),
	(2497, 16105, 'CULENCO', NULL),
	(2498, 16105, 'GENERAL CRUZ', NULL),
	(2499, 16105, 'EL RELBÚN', NULL),
	(2500, 16106, 'LAS VERTIENTES', NULL),
	(2501, 16106, 'PATAGUAL', NULL),
	(2502, 16106, 'EL CIRUELITO', NULL),
	(2503, 16106, 'EL EMPEDRADO', NULL),
	(2504, 16106, 'LA INVERNADA', NULL),
	(2505, 16106, 'RECINTO', NULL),
	(2506, 16107, 'VILLA LAS MERCEDES', NULL),
	(2507, 16107, 'CANCHILLAS', NULL),
	(2508, 16107, 'EL CASINO', NULL),
	(2509, 16107, 'LIUCURA ALTO', NULL),
	(2510, 16107, 'LIUCURA BAJO', NULL),
	(2511, 16107, 'QUEIME', NULL),
	(2512, 16107, 'QUITRICO', NULL),
	(2513, 16108, 'LA GREDA', NULL),
	(2514, 16108, 'CALLE ALEGRE', NULL),
	(2515, 16108, 'LAS QUILAS', NULL),
	(2516, 16108, 'LOURDES', NULL),
	(2517, 16108, 'VISTA BELLA', NULL),
	(2518, 16108, 'SELVA NEGRA', NULL),
	(2519, 16108, 'SIMÓN BOLIVAR', NULL),
	(2520, 16109, 'SAN JOSÉ UNO', NULL),
	(2521, 16109, 'CHOLGUÁN NORTE', NULL),
	(2522, 16109, 'LOS NOGALES', NULL),
	(2523, 16109, 'RINCONADA DE ITATA', NULL),
	(2524, 16109, 'SAN ANTONIO ALTO', NULL),
	(2525, 16109, 'SANTA LUCÍA BAJO', NULL),
	(2526, 16109, 'CHOLGUÁN', NULL),
	(2527, 16109, 'EL ROBLE', NULL),
	(2528, 16202, 'BUCHUPUREO', NULL),
	(2529, 16202, 'PULLAY', NULL),
	(2530, 16202, 'CAJÓN DEL MOLINO', NULL),
	(2531, 16202, 'PILICURA', NULL),
	(2532, 16202, 'TAUCÚ', NULL),
	(2533, 16202, 'COLMUYAO', NULL),
	(2534, 16203, 'CARAVANCHEL', NULL),
	(2535, 16203, 'GUARILIHUE', NULL),
	(2536, 16203, 'MAGDALENA', NULL),
	(2537, 16203, 'TROPEZÓN', NULL),
	(2538, 16203, 'MEIPO', NULL),
	(2539, 16203, 'PANGUE', NULL),
	(2540, 16203, 'PERALES', NULL),
	(2541, 16203, 'VEGAS DE ITATA', NULL),
	(2542, 16204, 'LONQUÉN', NULL),
	(2543, 16204, 'QUIRAO', NULL),
	(2544, 16204, 'CERRO NINHUE', NULL),
	(2545, 16205, 'TRANCOYÁN', NULL),
	(2546, 16205, 'CHUDAL', NULL),
	(2547, 16205, 'LLAHUÉN', NULL),
	(2548, 16205, 'LOS PLANES', NULL),
	(2549, 16205, 'ORILLA ITATA', NULL),
	(2550, 16206, 'EL CENTRO', NULL),
	(2551, 16206, 'LOMAS COLORADAS', NULL),
	(2552, 16206, 'NAVAS', NULL),
	(2553, 16206, 'NUEVA ALDEA', NULL),
	(2554, 16206, 'PUEBLO VIEJO', NULL),
	(2555, 16206, 'UVAS BLANCAS', NULL),
	(2556, 16206, 'VEGAS DE CONCHA', NULL),
	(2557, 16206, 'CAPILLA DE RÁNQUIL', NULL),
	(2558, 16206, 'RAHUIL BAJO', NULL),
	(2559, 16206, 'SAN IGNACIO DE PALOMARES', NULL),
	(2560, 16206, 'GALPÓN', NULL),
	(2561, 16207, 'HERNÁN BRAÑAS', NULL),
	(2562, 16207, 'MAITENCO', NULL),
	(2563, 16207, 'PURALIHUE', NULL),
	(2564, 16301, 'QUINQUEGUA', NULL),
	(2565, 16301, 'NINQUIHUE', NULL),
	(2566, 16301, 'LA MERCED', NULL),
	(2567, 16301, 'SAN MIGUEL DE ABLEMO', NULL),
	(2568, 16301, 'COCHARCAS', NULL),
	(2569, 16301, 'SAN PEDRO DE LILAHUE', NULL),
	(2570, 16301, 'MENELHUE', NULL),
	(2571, 16301, 'MONTE BLANCO', NULL),
	(2572, 16301, 'QUILELTO', NULL),
	(2573, 16301, 'EL TORREÓN', NULL),
	(2574, 16301, 'LOS NARANJOS', NULL),
	(2575, 16301, 'MUTICURA', NULL),
	(2576, 16301, 'RIBERA DE ÑUBLE', NULL),
	(2577, 16301, 'LLAHUIMÁVIDA', NULL),
	(2578, 16301, 'MUTUPÍN', NULL),
	(2579, 16301, 'POMUYETO', NULL),
	(2580, 16301, 'SAN LUIS DE POMUYETO', NULL),
	(2581, 16301, 'BULI', NULL),
	(2582, 16301, 'EL PEÑÓN', NULL),
	(2583, 16301, 'MILLAUQUÉN', NULL),
	(2584, 16302, 'EL EMBALSE', NULL),
	(2585, 16302, 'LA FLECHA', NULL),
	(2586, 16302, 'NIBLINTO', NULL),
	(2587, 16302, 'EL CHINGUE', NULL),
	(2588, 16302, 'TALQUIPÉN', NULL),
	(2589, 16302, 'CAMINO CHILLÁN A TANILVORO', NULL),
	(2590, 16302, 'GENERAL LAGOS', NULL),
	(2591, 16302, 'COLEAL NORTE', NULL),
	(2592, 16302, 'CULENAR', NULL),
	(2593, 16302, 'HÉROES DE LA CONCEPCIÓN', NULL),
	(2594, 16302, 'TANILVORO', NULL),
	(2595, 16302, 'MINAS DEL PRADO', NULL),
	(2596, 16302, 'BUSTAMANTE', NULL),
	(2597, 16302, 'BUREO ALTO', NULL),
	(2598, 16302, 'COPIHUAL', NULL),
	(2599, 16302, 'EL CARMEN DE CATO', NULL),
	(2600, 16302, 'NAHUELTORO', NULL),
	(2601, 16302, 'CHACAYAL DE CATO', NULL),
	(2602, 16302, 'SAN ANTONIO DE CATO', NULL),
	(2603, 16303, 'SAN ROQUE', NULL),
	(2604, 16303, 'ZEMITA', NULL),
	(2605, 16303, 'CHACAY', NULL),
	(2606, 16303, 'LA GLORIA', NULL),
	(2607, 16303, 'VIRHUÍN', NULL),
	(2608, 16303, 'ÑIQUÉN', NULL),
	(2609, 16304, 'EL MACAL', NULL),
	(2610, 16304, 'LAS GUARDIAS', NULL),
	(2611, 16304, 'PICHINAL', NULL),
	(2612, 16305, 'LAJUELAS', NULL),
	(2613, 16305, 'LAJUELA', NULL),
	(2614, 16305, 'QUILLINCO', NULL),
	(2615, 16305, 'MONTE ATRAVESADO', NULL),
	(2616, 16305, 'GUAMPANGUE', NULL),
	(2617, 16305, 'LILAHUE', NULL),
	(2618, 16305, 'LOS SAUCES', NULL),
	(2619, 16305, 'MONTE LEÓN', NULL),
	(2620, 16305, 'PUYARAL', NULL),
	(2621, 16305, 'SAN PEDRO LILAHUE', NULL),
	(2622, 16305, 'CARRETERA N50', NULL),
	(2623, 16305, 'DADINCO', NULL),
	(2624, 16305, 'LOMAS DE PUYARAL', NULL),
	(2625, 16305, 'PUENTE EL ALA', NULL);
/*!40000 ALTER TABLE `ciudad` ENABLE KEYS */;

-- Volcando estructura para tabla chileworkads.comuna
DROP TABLE IF EXISTS `comuna`;
CREATE TABLE IF NOT EXISTS `comuna` (
  `id_comuna` int NOT NULL AUTO_INCREMENT,
  `nombre_comuna` text,
  `id_region` int DEFAULT NULL,
  `id_provincia` int DEFAULT NULL,
  `borrado` datetime DEFAULT NULL,
  PRIMARY KEY (`id_comuna`)
) ENGINE=InnoDB AUTO_INCREMENT=16306 DEFAULT CHARSET=utf8mb4 COLLATE=utf8mb4_0900_ai_ci;

-- Volcando datos para la tabla chileworkads.comuna: ~345 rows (aproximadamente)
DELETE FROM `comuna`;
/*!40000 ALTER TABLE `comuna` DISABLE KEYS */;
INSERT INTO `comuna` (`id_comuna`, `nombre_comuna`, `id_region`, `id_provincia`, `borrado`) VALUES
	(1101, 'IQUIQUE', 1, 11, NULL),
	(1107, 'ALTO HOSPICIO', 1, 11, NULL),
	(1401, 'POZO ALMONTE', 1, 14, NULL),
	(1402, 'CAMIÑA', 1, 14, NULL),
	(1403, 'COLCHANE', 1, 14, NULL),
	(1404, 'HUARA', 1, 14, NULL),
	(1405, 'PICA', 1, 14, NULL),
	(2101, 'ANTOFAGASTA', 2, 21, NULL),
	(2102, 'MEJILLONES', 2, 21, NULL),
	(2103, 'SIERRA GORDA', 2, 21, NULL),
	(2104, 'TALTAL', 2, 21, NULL),
	(2201, 'CALAMA', 2, 22, NULL),
	(2203, 'SAN PEDRO DE ATACAMA', 2, 22, NULL),
	(2301, 'TOCOPILLA', 2, 23, NULL),
	(2302, 'MARÍA ELENA', 2, 23, NULL),
	(3101, 'COPIAPÓ', 3, 31, NULL),
	(3102, 'CALDERA', 3, 31, NULL),
	(3103, 'TIERRA AMARILLA', 3, 31, NULL),
	(3201, 'CHAÑARAL', 3, 32, NULL),
	(3202, 'DIEGO DE ALMAGRO', 3, 32, NULL),
	(3301, 'VALLENAR', 3, 33, NULL),
	(3302, 'ALTO DEL CARMEN', 3, 33, NULL),
	(3303, 'FREIRINA', 3, 33, NULL),
	(3304, 'HUASCO', 3, 33, NULL),
	(4101, 'LA SERENA', 4, 41, NULL),
	(4102, 'COQUIMBO', 4, 41, NULL),
	(4103, 'ANDACOLLO', 4, 41, NULL),
	(4104, 'LA HIGUERA', 4, 41, NULL),
	(4105, 'PAIGUANO', 4, 41, NULL),
	(4106, 'VICUÑA', 4, 41, NULL),
	(4201, 'ILLAPEL', 4, 42, NULL),
	(4202, 'CANELA', 4, 42, NULL),
	(4203, 'LOS VILOS', 4, 42, NULL),
	(4204, 'SALAMANCA', 4, 42, NULL),
	(4301, 'OVALLE', 4, 43, NULL),
	(4302, 'COMBARBALÁ', 4, 43, NULL),
	(4303, 'MONTE PATRIA', 4, 43, NULL),
	(4304, 'PUNITAQUI', 4, 43, NULL),
	(4305, 'RÍO HURTADO', 4, 43, NULL),
	(5101, 'VALPARAÍSO', 5, 51, NULL),
	(5102, 'CASABLANCA', 5, 51, NULL),
	(5103, 'CONCÓN', 5, 51, NULL),
	(5104, 'JUAN FERNÁNDEZ', 5, 51, NULL),
	(5105, 'PUCHUNCAVÍ', 5, 51, NULL),
	(5107, 'QUINTERO', 5, 51, NULL),
	(5109, 'VIÑA DEL MAR', 5, 51, NULL),
	(5201, 'ISLA DE PASCUA', 5, 52, NULL),
	(5301, 'LOS ANDES', 5, 53, NULL),
	(5302, 'CALLE LARGA', 5, 53, NULL),
	(5303, 'RINCONADA', 5, 53, NULL),
	(5304, 'SAN ESTEBAN', 5, 53, NULL),
	(5401, 'LA LIGUA', 5, 54, NULL),
	(5402, 'CABILDO', 5, 54, NULL),
	(5403, 'PAPUDO', 5, 54, NULL),
	(5404, 'PETORCA', 5, 54, NULL),
	(5405, 'ZAPALLAR', 5, 54, NULL),
	(5501, 'QUILLOTA', 5, 55, NULL),
	(5502, 'CALERA', 5, 55, NULL),
	(5503, 'HIJUELAS', 5, 55, NULL),
	(5504, 'LA CRUZ', 5, 55, NULL),
	(5506, 'NOGALES', 5, 55, NULL),
	(5601, 'SAN ANTONIO', 5, 56, NULL),
	(5602, 'ALGARROBO', 5, 56, NULL),
	(5603, 'CARTAGENA', 5, 56, NULL),
	(5604, 'EL QUISCO', 5, 56, NULL),
	(5605, 'EL TABO', 5, 56, NULL),
	(5606, 'SANTO DOMINGO', 5, 56, NULL),
	(5701, 'SAN FELIPE', 5, 57, NULL),
	(5702, 'CATEMU', 5, 57, NULL),
	(5703, 'LLAILLAY', 5, 57, NULL),
	(5704, 'PANQUEHUE', 5, 57, NULL),
	(5705, 'PUTAENDO', 5, 57, NULL),
	(5706, 'SANTA MARÍA', 5, 57, NULL),
	(5801, 'QUILPUÉ', 5, 58, NULL),
	(5802, 'LIMACHE', 5, 58, NULL),
	(5803, 'OLMUÉ', 5, 58, NULL),
	(5804, 'VILLA ALEMANA', 5, 58, NULL),
	(6101, 'RANCAGUA', 6, 61, NULL),
	(6102, 'CODEGUA', 6, 61, NULL),
	(6103, 'COINCO', 6, 61, NULL),
	(6104, 'COLTAUCO', 6, 61, NULL),
	(6105, 'DOÑIHUE', 6, 61, NULL),
	(6106, 'GRANEROS', 6, 61, NULL),
	(6107, 'LAS CABRAS', 6, 61, NULL),
	(6108, 'MACHALÍ', 6, 61, NULL),
	(6109, 'MALLOA', 6, 61, NULL),
	(6110, 'MOSTAZAL', 6, 61, NULL),
	(6111, 'OLIVAR', 6, 61, NULL),
	(6112, 'PEUMO', 6, 61, NULL),
	(6113, 'PICHIDEGUA', 6, 61, NULL),
	(6114, 'QUINTA DE TILCOCO', 6, 61, NULL),
	(6115, 'RENGO', 6, 61, NULL),
	(6116, 'REQUÍNOA', 6, 61, NULL),
	(6117, 'SAN VICENTE', 6, 61, NULL),
	(6201, 'PICHILEMU', 6, 62, NULL),
	(6202, 'LA ESTRELLA', 6, 62, NULL),
	(6203, 'LITUECHE', 6, 62, NULL),
	(6204, 'MARCHIHUE', 6, 62, NULL),
	(6205, 'NAVIDAD', 6, 62, NULL),
	(6206, 'PAREDONES', 6, 62, NULL),
	(6301, 'SAN FERNANDO', 6, 63, NULL),
	(6302, 'CHÉPICA', 6, 63, NULL),
	(6303, 'CHIMBARONGO', 6, 63, NULL),
	(6304, 'LOLOL', 6, 63, NULL),
	(6305, 'NANCAGUA', 6, 63, NULL),
	(6306, 'PALMILLA', 6, 63, NULL),
	(6307, 'PERALILLO', 6, 63, NULL),
	(6308, 'PLACILLA', 6, 63, NULL),
	(6309, 'PUMANQUE', 6, 63, NULL),
	(6310, 'SANTA CRUZ', 6, 63, NULL),
	(7101, 'TALCA', 7, 71, NULL),
	(7102, 'CONSTITUCIÓN', 7, 71, NULL),
	(7103, 'CUREPTO', 7, 71, NULL),
	(7104, 'EMPEDRADO', 7, 71, NULL),
	(7105, 'MAULE', 7, 71, NULL),
	(7106, 'PELARCO', 7, 71, NULL),
	(7107, 'PENCAHUE', 7, 71, NULL),
	(7108, 'RÍO CLARO', 7, 71, NULL),
	(7109, 'SAN CLEMENTE', 7, 71, NULL),
	(7110, 'SAN RAFAEL', 7, 71, NULL),
	(7201, 'CAUQUENES', 7, 72, NULL),
	(7202, 'CHANCO', 7, 72, NULL),
	(7203, 'PELLUHUE', 7, 72, NULL),
	(7301, 'CURICÓ', 7, 73, NULL),
	(7302, 'HUALAÑÉ', 7, 73, NULL),
	(7303, 'LICANTÉN', 7, 73, NULL),
	(7304, 'MOLINA', 7, 73, NULL),
	(7305, 'RAUCO', 7, 73, NULL),
	(7306, 'ROMERAL', 7, 73, NULL),
	(7307, 'SAGRADA FAMILIA', 7, 73, NULL),
	(7308, 'TENO', 7, 73, NULL),
	(7309, 'VICHUQUÉN', 7, 73, NULL),
	(7401, 'LINARES', 7, 74, NULL),
	(7402, 'COLBÚN', 7, 74, NULL),
	(7403, 'LONGAVÍ', 7, 74, NULL),
	(7404, 'PARRAL', 7, 74, NULL),
	(7405, 'RETIRO', 7, 74, NULL),
	(7406, 'SAN JAVIER', 7, 74, NULL),
	(7407, 'VILLA ALEGRE', 7, 74, NULL),
	(7408, 'YERBAS BUENAS', 7, 74, NULL),
	(8101, 'CONCEPCIÓN', 8, 81, NULL),
	(8102, 'CORONEL', 8, 81, NULL),
	(8103, 'CHIGUAYANTE', 8, 81, NULL),
	(8104, 'FLORIDA', 8, 81, NULL),
	(8105, 'HUALQUI', 8, 81, NULL),
	(8106, 'LOTA', 8, 81, NULL),
	(8107, 'PENCO', 8, 81, NULL),
	(8108, 'SAN PEDRO DE LA PAZ', 8, 81, NULL),
	(8109, 'SANTA JUANA', 8, 81, NULL),
	(8110, 'TALCAHUANO', 8, 81, NULL),
	(8111, 'TOMÉ', 8, 81, NULL),
	(8112, 'HUALPÉN', 8, 81, NULL),
	(8201, 'LEBU', 8, 82, NULL),
	(8202, 'ARAUCO', 8, 82, NULL),
	(8203, 'CAÑETE', 8, 82, NULL),
	(8204, 'CONTULMO', 8, 82, NULL),
	(8205, 'CURANILAHUE', 8, 82, NULL),
	(8206, 'LOS ÁLAMOS', 8, 82, NULL),
	(8207, 'TIRÚA', 8, 82, NULL),
	(8301, 'LOS ÁNGELES', 8, 83, NULL),
	(8302, 'ANTUCO', 8, 83, NULL),
	(8303, 'CABRERO', 8, 83, NULL),
	(8304, 'LAJA', 8, 83, NULL),
	(8305, 'MULCHÉN', 8, 83, NULL),
	(8306, 'NACIMIENTO', 8, 83, NULL),
	(8307, 'NEGRETE', 8, 83, NULL),
	(8308, 'QUILACO', 8, 83, NULL),
	(8309, 'QUILLECO', 8, 83, NULL),
	(8310, 'SAN ROSENDO', 8, 83, NULL),
	(8311, 'SANTA BÁRBARA', 8, 83, NULL),
	(8312, 'TUCAPEL', 8, 83, NULL),
	(8313, 'YUMBEL', 8, 83, NULL),
	(8314, 'ALTO BIOBÍO', 8, 83, NULL),
	(9101, 'TEMUCO', 9, 91, NULL),
	(9102, 'CARAHUE', 9, 91, NULL),
	(9103, 'CUNCO', 9, 91, NULL),
	(9104, 'CURARREHUE', 9, 91, NULL),
	(9105, 'FREIRE', 9, 91, NULL),
	(9106, 'GALVARINO', 9, 91, NULL),
	(9107, 'GORBEA', 9, 91, NULL),
	(9108, 'LAUTARO', 9, 91, NULL),
	(9109, 'LONCOCHE', 9, 91, NULL),
	(9110, 'MELIPEUCO', 9, 91, NULL),
	(9111, 'NUEVA IMPERIAL', 9, 91, NULL),
	(9112, 'PADRE LAS CASAS', 9, 91, NULL),
	(9113, 'PERQUENCO', 9, 91, NULL),
	(9114, 'PITRUFQUÉN', 9, 91, NULL),
	(9115, 'PUCÓN', 9, 91, NULL),
	(9116, 'SAAVEDRA', 9, 91, NULL),
	(9117, 'TEODORO SCHMIDT', 9, 91, NULL),
	(9118, 'TOLTÉN', 9, 91, NULL),
	(9119, 'VILCÚN', 9, 91, NULL),
	(9120, 'VILLARRICA', 9, 91, NULL),
	(9121, 'CHOLCHOL', 9, 91, NULL),
	(9201, 'ANGOL', 9, 92, NULL),
	(9202, 'COLLIPULLI', 9, 92, NULL),
	(9203, 'CURACAUTÍN', 9, 92, NULL),
	(9204, 'ERCILLA', 9, 92, NULL),
	(9205, 'LONQUIMAY', 9, 92, NULL),
	(9206, 'LOS SAUCES', 9, 92, NULL),
	(9207, 'LUMACO', 9, 92, NULL),
	(9208, 'PURÉN', 9, 92, NULL),
	(9209, 'RENAICO', 9, 92, NULL),
	(9210, 'TRAIGUÉN', 9, 92, NULL),
	(9211, 'VICTORIA', 9, 92, NULL),
	(10101, 'PUERTO MONTT', 10, 101, NULL),
	(10102, 'CALBUCO', 10, 101, NULL),
	(10103, 'COCHAMÓ', 10, 101, NULL),
	(10104, 'FRESIA', 10, 101, NULL),
	(10105, 'FRUTILLAR', 10, 101, NULL),
	(10106, 'LOS MUERMOS', 10, 101, NULL),
	(10107, 'LLANQUIHUE', 10, 101, NULL),
	(10108, 'MAULLÍN', 10, 101, NULL),
	(10109, 'PUERTO VARAS', 10, 101, NULL),
	(10201, 'CASTRO', 10, 102, NULL),
	(10202, 'ANCUD', 10, 102, NULL),
	(10203, 'CHONCHI', 10, 102, NULL),
	(10204, 'CURACO DE VÉLEZ', 10, 102, NULL),
	(10205, 'DALCAHUE', 10, 102, NULL),
	(10206, 'PUQUELDÓN', 10, 102, NULL),
	(10207, 'QUEILÉN', 10, 102, NULL),
	(10208, 'QUELLÓN', 10, 102, NULL),
	(10209, 'QUEMCHI', 10, 102, NULL),
	(10210, 'QUINCHAO', 10, 102, NULL),
	(10301, 'OSORNO', 10, 103, NULL),
	(10302, 'PUERTO OCTAY', 10, 103, NULL),
	(10303, 'PURRANQUE', 10, 103, NULL),
	(10304, 'PUYEHUE', 10, 103, NULL),
	(10305, 'RÍO NEGRO', 10, 103, NULL),
	(10306, 'SAN JUAN DE LA COSTA', 10, 103, NULL),
	(10307, 'SAN PABLO', 10, 103, NULL),
	(10401, 'CHAITÉN', 10, 104, NULL),
	(10402, 'FUTALEUFÚ', 10, 104, NULL),
	(10403, 'HUALAIHUÉ', 10, 104, NULL),
	(10404, 'PALENA', 10, 104, NULL),
	(11101, 'COYHAIQUE', 11, 111, NULL),
	(11102, 'LAGO VERDE', 11, 111, NULL),
	(11201, 'AYSÉN', 11, 112, NULL),
	(11202, 'CISNES', 11, 112, NULL),
	(11203, 'GUAITECAS', 11, 112, NULL),
	(11301, 'COCHRANE', 11, 113, NULL),
	(11302, 'O\'HIGGINS', 11, 113, NULL),
	(11303, 'TORTEL', 11, 113, NULL),
	(11401, 'CHILE CHICO', 11, 114, NULL),
	(11402, 'RÍO IBÁÑEZ', 11, 114, NULL),
	(12101, 'PUNTA ARENAS', 12, 121, NULL),
	(12102, 'LAGUNA BLANCA', 12, 121, NULL),
	(12103, 'RÍO VERDE', 12, 121, NULL),
	(12104, 'SAN GREGORIO', 12, 121, NULL),
	(12201, 'CABO DE HORNOS', 12, 122, NULL),
	(12202, 'ANTÁRTICA', 12, 122, NULL),
	(12301, 'PORVENIR', 12, 123, NULL),
	(12302, 'PRIMAVERA', 12, 123, NULL),
	(12303, 'TIMAUKEL', 12, 123, NULL),
	(12401, 'NATALES', 12, 124, NULL),
	(12402, 'TORRES DEL PAINE', 12, 124, NULL),
	(13101, 'SANTIAGO', 13, 131, NULL),
	(13102, 'CERRILLOS', 13, 131, NULL),
	(13103, 'CERRO NAVIA', 13, 131, NULL),
	(13104, 'CONCHALÍ', 13, 131, NULL),
	(13105, 'EL BOSQUE', 13, 131, NULL),
	(13106, 'ESTACIÓN CENTRAL', 13, 131, NULL),
	(13107, 'HUECHURABA', 13, 131, NULL),
	(13108, 'INDEPENDENCIA', 13, 131, NULL),
	(13109, 'LA CISTERNA', 13, 131, NULL),
	(13110, 'LA FLORIDA', 13, 131, NULL),
	(13111, 'LA GRANJA', 13, 131, NULL),
	(13112, 'LA PINTANA', 13, 131, NULL),
	(13113, 'LA REINA', 13, 131, NULL),
	(13114, 'LAS CONDES', 13, 131, NULL),
	(13115, 'LO BARNECHEA', 13, 131, NULL),
	(13116, 'LO ESPEJO', 13, 131, NULL),
	(13117, 'LO PRADO', 13, 131, NULL),
	(13118, 'MACUL', 13, 131, NULL),
	(13119, 'MAIPÚ', 13, 131, NULL),
	(13120, 'ÑUÑOA', 13, 131, NULL),
	(13121, 'PEDRO AGUIRRE CERDA', 13, 131, NULL),
	(13122, 'PEÑALOLÉN', 13, 131, NULL),
	(13123, 'PROVIDENCIA', 13, 131, NULL),
	(13124, 'PUDAHUEL', 13, 131, NULL),
	(13125, 'QUILICURA', 13, 131, NULL),
	(13126, 'QUINTA NORMAL', 13, 131, NULL),
	(13127, 'RECOLETA', 13, 131, NULL),
	(13128, 'RENCA', 13, 131, NULL),
	(13129, 'SAN JOAQUÍN', 13, 131, NULL),
	(13130, 'SAN MIGUEL', 13, 131, NULL),
	(13131, 'SAN RAMÓN', 13, 131, NULL),
	(13132, 'VITACURA', 13, 131, NULL),
	(13201, 'PUENTE ALTO', 13, 132, NULL),
	(13202, 'PIRQUE', 13, 132, NULL),
	(13203, 'SAN JOSÉ DE MAIPO', 13, 132, NULL),
	(13301, 'COLINA', 13, 133, NULL),
	(13302, 'LAMPA', 13, 133, NULL),
	(13303, 'TILTIL', 13, 133, NULL),
	(13401, 'SAN BERNARDO', 13, 134, NULL),
	(13402, 'BUIN', 13, 134, NULL),
	(13403, 'CALERA DE TANGO', 13, 134, NULL),
	(13404, 'PAINE', 13, 134, NULL),
	(13501, 'MELIPILLA', 13, 135, NULL),
	(13502, 'ALHUÉ', 13, 135, NULL),
	(13503, 'CURACAVÍ', 13, 135, NULL),
	(13504, 'MARÍA PINTO', 13, 135, NULL),
	(13505, 'SAN PEDRO', 13, 135, NULL),
	(13601, 'TALAGANTE', 13, 136, NULL),
	(13602, 'EL MONTE', 13, 136, NULL),
	(13603, 'ISLA DE MAIPO', 13, 136, NULL),
	(13604, 'PADRE HURTADO', 13, 136, NULL),
	(13605, 'PEÑAFLOR', 13, 136, NULL),
	(14101, 'VALDIVIA', 14, 141, NULL),
	(14102, 'CORRAL', 14, 141, NULL),
	(14103, 'LANCO', 14, 141, NULL),
	(14104, 'LOS LAGOS', 14, 141, NULL),
	(14105, 'MÁFIL', 14, 141, NULL),
	(14106, 'MARIQUINA', 14, 141, NULL),
	(14107, 'PAILLACO', 14, 141, NULL),
	(14108, 'PANGUIPULLI', 14, 141, NULL),
	(14201, 'LA UNIÓN', 14, 142, NULL),
	(14202, 'FUTRONO', 14, 142, NULL),
	(14203, 'LAGO RANCO', 14, 142, NULL),
	(14204, 'RÍO BUENO', 14, 142, NULL),
	(15101, 'ARICA', 15, 151, NULL),
	(15102, 'CAMARONES', 15, 151, NULL),
	(15201, 'PUTRE', 15, 152, NULL),
	(15202, 'GENERAL LAGOS', 15, 152, NULL),
	(16101, 'CHILLÁN', 16, 161, NULL),
	(16102, 'BULNES', 16, 161, NULL),
	(16103, 'CHILLÁN VIEJO', 16, 161, NULL),
	(16104, 'EL CARMEN', 16, 161, NULL),
	(16105, 'PEMUCO', 16, 161, NULL),
	(16106, 'PINTO', 16, 161, NULL),
	(16107, 'QUILLÓN', 16, 161, NULL),
	(16108, 'SAN IGNACIO', 16, 161, NULL),
	(16109, 'YUNGAY', 16, 161, NULL),
	(16201, 'QUIRIHUE', 16, 162, NULL),
	(16202, 'COBQUECURA', 16, 162, NULL),
	(16203, 'COELEMU', 16, 162, NULL),
	(16204, 'NINHUE', 16, 162, NULL),
	(16205, 'PORTEZUELO', 16, 162, NULL),
	(16206, 'RÁNQUIL', 16, 162, NULL),
	(16207, 'TREGUACO', 16, 162, NULL),
	(16301, 'SAN CARLOS', 16, 163, NULL),
	(16302, 'COIHUECO', 16, 163, NULL),
	(16303, 'ÑIQUÉN', 16, 163, NULL),
	(16304, 'SAN FABIÁN', 16, 163, NULL),
	(16305, 'SAN NICOLÁS', 16, 163, NULL);
/*!40000 ALTER TABLE `comuna` ENABLE KEYS */;

-- Volcando estructura para tabla chileworkads.favorito
DROP TABLE IF EXISTS `favorito`;
CREATE TABLE IF NOT EXISTS `favorito` (
  `id_persona` bigint NOT NULL,
  `id_favorito` bigint NOT NULL,
  PRIMARY KEY (`id_persona`,`id_favorito`)
) ENGINE=InnoDB DEFAULT CHARSET=utf8mb4 COLLATE=utf8mb4_0900_ai_ci;

-- Volcando datos para la tabla chileworkads.favorito: ~2 rows (aproximadamente)
DELETE FROM `favorito`;
/*!40000 ALTER TABLE `favorito` DISABLE KEYS */;
INSERT INTO `favorito` (`id_persona`, `id_favorito`) VALUES
	(3, 4),
	(3, 9);
/*!40000 ALTER TABLE `favorito` ENABLE KEYS */;

-- Volcando estructura para tabla chileworkads.oficio
DROP TABLE IF EXISTS `oficio`;
CREATE TABLE IF NOT EXISTS `oficio` (
  `id` int NOT NULL AUTO_INCREMENT,
  `oficio_nombre` varchar(50) NOT NULL,
  `oficio_icon` text,
  `categoria` varchar(50) DEFAULT NULL,
  `enable` tinyint NOT NULL DEFAULT '1',
  PRIMARY KEY (`id`)
) ENGINE=InnoDB AUTO_INCREMENT=15 DEFAULT CHARSET=utf8mb4 COLLATE=utf8mb4_0900_ai_ci;

-- Volcando datos para la tabla chileworkads.oficio: ~14 rows (aproximadamente)
DELETE FROM `oficio`;
/*!40000 ALTER TABLE `oficio` DISABLE KEYS */;
INSERT INTO `oficio` (`id`, `oficio_nombre`, `oficio_icon`, `categoria`, `enable`) VALUES
	(1, 'Informático', '18537717dfcf0724bd0592e6f7f20b5b1592696599.png', 'IT', 0),
	(2, 'Soporte Ténico', 'soportetecnico.png', 'Reparaciones', 1),
	(3, 'Reparación Bicicletas', 'bicicletas.png', 'Reparaciones', 1),
	(4, 'Mecánico Autos', 'mecanico.png', 'Reparaciones', 1),
	(5, 'MataPaco', '37ab4c4f59b5fb17ae61737730cdaf101592695595.webp', 'paco', 0),
	(6, 'Periodista', '2d280790a3f404367c0ea420017180771593060857.png', 'Informaciones', 1),
	(7, 'Sastre', '62c92c1db6e449697bd9d59017625a7a1593114218.svg', 'Vestir', 1),
	(8, 'Chofer', 'd0d00f67538366bf26b9bb37ccfcd0f01593114234.png', 'Conductor', 1),
	(9, 'Barbero', '9eb494f13513dba088b73f06a66c03041593114246.png', 'Peluqueria', 1),
	(10, 'Albañil', '0da443c0f43cd58835e848fbbc5cedc61593114262.png', 'Construcción', 1),
	(11, 'Cerrajero', '28aa01be8ac6d0d5e5bbe4fe62c0ca501593114277.png', 'Reparación', 1),
	(12, 'Electricista', '62323bde55b2cd7832e0c273ecbe1ed71593114293.png', 'Reparación', 1),
	(13, 'Profesor', 'afc1cdfda33a40b7db482db4741587101593114307.png', 'Enseñanza', 1),
	(14, 'Cocinero', '8b39c1b15d8276b6fd5d21380abf7f191593114319.png', 'Cocina', 1);
/*!40000 ALTER TABLE `oficio` ENABLE KEYS */;

-- Volcando estructura para tabla chileworkads.persona
DROP TABLE IF EXISTS `persona`;
CREATE TABLE IF NOT EXISTS `persona` (
  `id` bigint NOT NULL AUTO_INCREMENT,
  `rut` varchar(10) CHARACTER SET utf8mb4 COLLATE utf8mb4_0900_ai_ci DEFAULT NULL,
  `nombres` varchar(50) NOT NULL,
  `genero` varchar(50) DEFAULT NULL,
  `file_cv` text,
  `foto_file` text,
  `apellidos` varchar(50) CHARACTER SET utf8mb4 COLLATE utf8mb4_0900_ai_ci DEFAULT NULL,
  `fecha_nacimiento` date DEFAULT NULL,
  `correo` varchar(50) NOT NULL,
  `contrasena` varchar(255) CHARACTER SET utf8mb4 COLLATE utf8mb4_0900_ai_ci NOT NULL,
  `tipo_user` enum('1','2','3') NOT NULL DEFAULT '1' COMMENT '1, usuario que puede agregar favoritos y comentar, 2 usuario que ofrece trabajo, 3 admin',
  `enable` enum('0','1','2','3') CHARACTER SET utf8mb4 COLLATE utf8mb4_0900_ai_ci NOT NULL DEFAULT '1' COMMENT '0, usuario no habilitado, 1 usario creado esperando confirmacion email, 2 usuaro habilitado',
  `borrado` datetime DEFAULT NULL,
  `id_poblacion` bigint DEFAULT NULL,
  `cookie` text,
  `admin` enum('0','1') NOT NULL DEFAULT '0',
  `bio` text,
  PRIMARY KEY (`id`)
) ENGINE=InnoDB AUTO_INCREMENT=17 DEFAULT CHARSET=utf8mb4 COLLATE=utf8mb4_0900_ai_ci COMMENT='datos de los usuarios, independiente del tipo';

-- Volcando datos para la tabla chileworkads.persona: ~11 rows (aproximadamente)
DELETE FROM `persona`;
/*!40000 ALTER TABLE `persona` DISABLE KEYS */;
INSERT INTO `persona` (`id`, `rut`, `nombres`, `genero`, `file_cv`, `foto_file`, `apellidos`, `fecha_nacimiento`, `correo`, `contrasena`, `tipo_user`, `enable`, `borrado`, `id_poblacion`, `cookie`, `admin`, `bio`) VALUES
	(3, '', 'Mario', 'Marioneta', NULL, '825892db38c278c38e0204a999c658e01593058389.jpg', 'Hugo', '1955-06-03', 'sergio94mora@gmail.com', '$2y$10$kWKu7s1wIq8l6MuzvhgKt.d/GMg9BgqSwbs9zBKTJTxPUVc5Qanm.', '2', '2', NULL, 3966, NULL, '1', '<p>Mi Bio ql asd</p>'),
	(4, '', 'Juan Carlos', 'Marioneta', NULL, '7adf0139f1c9e6802c08bd80894a38331593060697.jpg', 'Bodoque', NULL, 'rurikk94@gmail.com', '$2y$10$SyJGZSQWK6D6l/pcdqxOkuRrsr603xI7KSgf8aAjoqLf47GEPnaxK', '2', '2', NULL, 2, NULL, '0', NULL),
	(7, NULL, 'Pedro', NULL, NULL, 'user.png', NULL, NULL, 'mail@mail.com', 'qweasdzxc', '2', '2', NULL, 4, NULL, '0', NULL),
	(8, NULL, 'asdqwe', NULL, NULL, 'user.png', NULL, NULL, 'biyih23233@uwuefr.com', '$2y$10$VoBGIkKP4s8p7dtidT/Qd.w1BtftNpGNpefsVijBwhzWURty0CMnO', '2', '2', NULL, NULL, NULL, '1', NULL),
	(9, NULL, 'Mike', NULL, NULL, 'user.png', NULL, NULL, 'miguelandresv14@gmail.com', '$2y$10$gLQ0CCSAxhtmzpy5A0pdUucGl9BBi5RMMQHcF2Bqb1MHRbGnbytrC', '2', '2', NULL, NULL, NULL, '1', NULL),
	(10, NULL, 'wena', NULL, NULL, 'user.png', NULL, NULL, 'los@cabros.xd', '$2y$10$Z5Y8WWGKyMRy87nI/OdAOu.JEJAtftmEvC6l7hYKp0wExw7JbFvbK', '1', '1', NULL, NULL, NULL, '0', NULL),
	(11, NULL, 'Admin', 'Admin', NULL, 'user.png', 'Admin', NULL, 'admin@admin.com', '$2y$10$hYnd0/86rfuHCrOBhJiyju80moHVhXouuZ06uNv2hqL225COcezS.', '1', '2', NULL, NULL, NULL, '1', NULL),
	(12, NULL, '123qweasd', NULL, NULL, 'user.png', NULL, NULL, 'yinefo4311@rbiwc.com', '$2y$10$lmR1kN9NnHlSGT89l.bfg.SrYRIBSdpc50LSwte2i.TktrCQPwvBe', '1', '2', NULL, NULL, NULL, '0', NULL),
	(13, NULL, 'Hernán Astudillo', NULL, NULL, 'user.png', NULL, NULL, 'hernanastudillom@gmail.com', '$2y$10$cKvPxApNqoktPYBGKSqZXeKgpdi4OthaLX6kSJ36DzFsf5coiymtW', '1', '2', NULL, NULL, NULL, '0', NULL),
	(15, NULL, '123qweasd', NULL, NULL, 'user.png', NULL, NULL, 'biyih23233@uwuefr.com', '$2y$10$zMJrmCOsQN1C9b4jOb9J.OuyyOIxltcono/bJGV2dOwzA37A1V6wa', '1', '1', NULL, NULL, NULL, '0', NULL),
	(16, NULL, '123qweasd', NULL, NULL, 'user.png', NULL, NULL, 'daworay304@unknmail.com', '$2y$10$7VjObTx/7S08AoAjeArw2.fHK9exkLn1DqDa7Aa1UbuQg3YftZz3O', '1', '2', NULL, NULL, NULL, '0', NULL);
/*!40000 ALTER TABLE `persona` ENABLE KEYS */;

-- Volcando estructura para tabla chileworkads.persona_contacto
DROP TABLE IF EXISTS `persona_contacto`;
CREATE TABLE IF NOT EXISTS `persona_contacto` (
  `id` bigint NOT NULL AUTO_INCREMENT,
  `persona_id` bigint NOT NULL,
  `red_id` bigint NOT NULL,
  `valor` varchar(50) NOT NULL,
  PRIMARY KEY (`id`)
) ENGINE=InnoDB AUTO_INCREMENT=98 DEFAULT CHARSET=utf8mb4 COLLATE=utf8mb4_0900_ai_ci;

-- Volcando datos para la tabla chileworkads.persona_contacto: ~13 rows (aproximadamente)
DELETE FROM `persona_contacto`;
/*!40000 ALTER TABLE `persona_contacto` DISABLE KEYS */;
INSERT INTO `persona_contacto` (`id`, `persona_id`, `red_id`, `valor`) VALUES
	(61, 4, 2, 'JuanCBodoqueOficial'),
	(86, 3, 2, 'fb'),
	(87, 3, 5, 'weasd'),
	(88, 3, 4, 'mail'),
	(89, 3, 4, 'Jdjdj'),
	(90, 3, 5, 'Kfkkf'),
	(91, 3, 6, 'weasd'),
	(92, 3, 1, '97895577'),
	(93, 3, 10, 'qweasd'),
	(94, 3, 7, 'qweasd'),
	(95, 3, 9, 'qweasd'),
	(96, 3, 8, 'qweasd'),
	(97, 3, 3, 'qweasd');
/*!40000 ALTER TABLE `persona_contacto` ENABLE KEYS */;

-- Volcando estructura para tabla chileworkads.persona_oficio
DROP TABLE IF EXISTS `persona_oficio`;
CREATE TABLE IF NOT EXISTS `persona_oficio` (
  `id` bigint NOT NULL AUTO_INCREMENT,
  `persona_id` bigint NOT NULL,
  `oficio_id` bigint NOT NULL,
  `experiencia` float NOT NULL,
  `detalle` mediumtext CHARACTER SET utf8mb4 COLLATE utf8mb4_0900_ai_ci,
  PRIMARY KEY (`id`)
) ENGINE=InnoDB AUTO_INCREMENT=17 DEFAULT CHARSET=utf8mb4 COLLATE=utf8mb4_0900_ai_ci;

-- Volcando datos para la tabla chileworkads.persona_oficio: ~8 rows (aproximadamente)
DELETE FROM `persona_oficio`;
/*!40000 ALTER TABLE `persona_oficio` DISABLE KEYS */;
INSERT INTO `persona_oficio` (`id`, `persona_id`, `oficio_id`, `experiencia`, `detalle`) VALUES
	(1, 1, 1, 5, 'qweasd asd qwe asd'),
	(2, 1, 1, 2, NULL),
	(3, 2, 2, 5, NULL),
	(6, 4, 3, 1, NULL),
	(7, 4, 2, 1, NULL),
	(8, 4, 6, 10, NULL),
	(15, 3, 4, 5, '   autos'),
	(16, 3, 2, 5, ' Reparo todooo');
/*!40000 ALTER TABLE `persona_oficio` ENABLE KEYS */;

-- Volcando estructura para tabla chileworkads.poblacion
DROP TABLE IF EXISTS `poblacion`;
CREATE TABLE IF NOT EXISTS `poblacion` (
  `id_poblacion` bigint NOT NULL AUTO_INCREMENT,
  `ciudad_id` bigint NOT NULL,
  `nombre_poblacion` varchar(50) NOT NULL,
  PRIMARY KEY (`id_poblacion`)
) ENGINE=InnoDB AUTO_INCREMENT=3967 DEFAULT CHARSET=utf8mb4 COLLATE=utf8mb4_0900_ai_ci;

-- Volcando datos para la tabla chileworkads.poblacion: ~3.966 rows (aproximadamente)
DELETE FROM `poblacion`;
/*!40000 ALTER TABLE `poblacion` DISABLE KEYS */;
INSERT INTO `poblacion` (`id_poblacion`, `ciudad_id`, `nombre_poblacion`) VALUES
	(1, 64, 'Gómez Carreño'),
	(2, 64, 'Mirador de Reñaca'),
	(3, 64, 'Santa Julia'),
	(4, 64, 'Villa Dulce'),
	(5, 64, 'Glorias Navales'),
	(6, 64, 'Recreo'),
	(7, 64, 'Jardín del Mar'),
	(8, 64, 'Santa Inés	'),
	(9, 64, 'Achupallas'),
	(10, 64, 'Miraflores '),
	(11, 64, 'El Salto'),
	(12, 64, 'Chorrillos'),
	(13, 64, 'Forestal'),
	(14, 56, 'Ramaditas'),
	(15, 56, 'Alegre'),
	(16, 56, 'Barón'),
	(17, 56, 'Blanco'),
	(18, 56, 'Bellavista'),
	(19, 56, 'Concepción'),
	(20, 56, 'Cordillera'),
	(21, 56, 'Delicias'),
	(22, 56, 'El Litre'),
	(23, 56, 'El Molino'),
	(24, 56, 'Esperanza'),
	(25, 56, 'Jiménez'),
	(26, 56, 'Larraín'),
	(27, 56, 'La Cruz'),
	(28, 56, 'La Cárcel'),
	(29, 56, 'La Florida'),
	(30, 56, 'La Merced'),
	(31, 56, 'La Virgen'),
	(32, 56, 'Las Cañas'),
	(33, 56, 'Las Jarcias'),
	(34, 56, 'Las Monjas'),
	(35, 56, 'Los Placeres'),
	(36, 56, 'Loceras'),
	(37, 56, 'Lecheros'),
	(38, 56, 'Mariposas'),
	(39, 56, 'Mesilla'),
	(40, 56, 'Miraflores'),
	(41, 56, 'O\'Higgins'),
	(42, 56, 'Pajonal'),
	(43, 56, 'Panteón'),
	(44, 56, 'Playa Ancha'),
	(45, 56, 'Perdices'),
	(46, 56, 'Polanco'),
	(47, 56, 'Ramaditas'),
	(48, 56, 'Reina Victoria'),
	(49, 56, 'Rodelillo'),
	(50, 56, 'Rocuant'),
	(51, 56, 'San Juan de Dios'),
	(52, 56, 'Santo Domingo'),
	(53, 56, 'San Francisco'),
	(54, 56, 'Toro'),
	(55, 56, 'Yungay'),
	(56, 542, 'CARAMUCHO'),
	(57, 543, 'CHANAVAYITA'),
	(58, 544, 'CALETA CHIPANA'),
	(59, 545, 'ALTO LOS VERDES'),
	(60, 546, 'PLAYA QUINTEROS'),
	(61, 547, 'POZO TOYO SUR'),
	(62, 548, 'ALTOS DE RÍO SECO'),
	(63, 548, 'RÍO SECO'),
	(64, 549, 'EX BALLENERA'),
	(65, 550, 'PLAYA BLANCA'),
	(66, 551, 'ESTANQUE DIEZ MIL'),
	(67, 552, 'HUANTAJAYA'),
	(68, 553, 'BAQUEDANO'),
	(69, 553, 'EL BOSQUE'),
	(70, 554, 'NUEVA CALIFORNIA'),
	(71, 555, 'IQUIUCA'),
	(72, 556, 'ILPA'),
	(73, 556, 'MAMIÑA'),
	(74, 557, 'TANQUINZA'),
	(75, 558, 'LOS ANDES'),
	(76, 559, 'LA HUAYCA'),
	(77, 560, 'LA TIRANA'),
	(78, 560, 'LA TIRANA NORTE'),
	(79, 560, 'SANTA EMILIA SUR'),
	(80, 560, 'SANTA ROSA'),
	(81, 561, 'HUATACONDO'),
	(82, 562, 'COLONIA PINTADOS'),
	(83, 563, 'EX OFICINA VICTORIA'),
	(84, 564, 'CAMIÑA'),
	(85, 564, 'SAN ANTONIO'),
	(86, 565, 'BELLAVISTA'),
	(87, 565, 'CALARRANCHO'),
	(88, 565, 'CUCHULLAPO'),
	(89, 566, 'FRANCIA'),
	(90, 566, 'PACAGUA'),
	(91, 567, 'CHILLAYZA'),
	(92, 567, 'MOQUELLA'),
	(93, 568, 'NAMA'),
	(94, 569, 'QUISTAGAMA'),
	(95, 570, 'SAIÑA'),
	(96, 571, 'YALA YALA'),
	(97, 572, 'TAIPIGUANO'),
	(98, 573, 'COLCHANE'),
	(99, 574, 'CARIGUANI'),
	(100, 575, 'COSCAYA'),
	(101, 576, 'PACHICA'),
	(102, 577, 'CUNINA'),
	(103, 578, 'EL MOLINO'),
	(104, 578, 'HUARASIÑA'),
	(105, 578, 'QUILLAGUASA'),
	(106, 578, 'TARAPACÁ'),
	(107, 579, 'CHUSMIZA PONIENTE'),
	(108, 580, 'HUAVIÑA'),
	(109, 581, 'LIMAXIÑA'),
	(110, 582, 'MOCHA'),
	(111, 583, 'ACHACAGUA'),
	(112, 583, 'SIBAYA'),
	(113, 584, 'SIPIZA'),
	(114, 585, 'USMAGAMA'),
	(115, 586, 'CHAMPAJA'),
	(116, 587, 'ALTO CHIZA'),
	(117, 588, 'CUANALLA'),
	(118, 589, 'MIÑITA'),
	(119, 590, 'QUEBRADA DE CUTIJMAYA'),
	(120, 591, 'JAIÑA'),
	(121, 592, 'AROMA'),
	(122, 593, 'SOTOCA'),
	(123, 594, 'BAJO MATILLA'),
	(124, 594, 'MATILLA'),
	(125, 5, 'BAJO COMIÑA'),
	(126, 5, 'COMIÑA'),
	(127, 595, 'VALLE QUISMA'),
	(128, 596, 'COLLACAGUA'),
	(129, 597, 'CONSTITUCIÓN'),
	(130, 598, 'COLOSO'),
	(131, 599, 'LA NEGRA'),
	(132, 600, 'LAS PALMERAS'),
	(133, 601, 'BONANZA'),
	(134, 602, 'MICHILLA BAJO'),
	(135, 603, 'HORNITOS'),
	(136, 604, 'ITATA'),
	(137, 605, 'SIERRA GORDA'),
	(138, 606, 'CACHINALES'),
	(139, 607, 'LA RINCONADA ALTO'),
	(140, 607, 'PAPOSO'),
	(141, 607, 'QUEBRADA AGUA BUENA'),
	(142, 10, 'CHUNCHURI ALTO'),
	(143, 10, 'QUETENA'),
	(144, 608, 'OJO DE OPACHE'),
	(145, 10, 'QUEBRADA SECA'),
	(146, 10, 'ENAEX'),
	(147, 11, 'VILLA SOLOR'),
	(148, 609, 'TOCONAO'),
	(149, 610, 'CALETA URCO'),
	(150, 611, 'QUEBRADA HONDA'),
	(151, 612, 'PUNTA AMPA'),
	(152, 613, 'QUILLAGUA'),
	(153, 614, 'SIERRA JESÚS MARÍA'),
	(154, 615, 'TOLEDO'),
	(155, 616, 'CUESTA CARDONES'),
	(156, 616, 'CUESTA CARDONES NORTE'),
	(157, 617, 'SAN JUAN'),
	(158, 88, 'SAN PEDRO'),
	(159, 619, 'VILLA EL MIRADOR'),
	(160, 620, 'LA GAVIOTA'),
	(161, 620, 'TOTORAL'),
	(162, 621, 'LAGUNA'),
	(163, 621, 'LAS TORRES'),
	(164, 621, 'SAN PEDRO'),
	(165, 622, 'BAHÍA INGLESA'),
	(166, 622, 'PLAYA LOS PATOS'),
	(167, 622, 'ROCAS NEGRAS'),
	(168, 15, 'CALDERA'),
	(169, 623, 'PLAYA EL MORADO'),
	(170, 623, 'PLAYA LAS LISAS'),
	(171, 623, 'PULPITO'),
	(172, 623, 'PULPO'),
	(173, 623, 'PUNTA SALINAS'),
	(174, 623, 'RODILLO'),
	(175, 623, 'SANTUARIO DE LA NATURALEZA'),
	(176, 624, 'CALETA BARRANQUILLA'),
	(177, 624, 'PLAYA LOS TURCOS'),
	(178, 625, 'PLAYA LA VIRGEN'),
	(179, 625, 'PUERTO VIEJO'),
	(180, 626, 'NANTOCO'),
	(181, 627, 'VIZCACHAS'),
	(182, 96, 'SAN ANTONIO'),
	(183, 629, 'LOS LOROS'),
	(184, 630, 'PLANTA ELISA DE BORDOS'),
	(185, 17, 'EL REFUGIO'),
	(186, 631, 'HIPPIE'),
	(187, 632, 'EL SALADO'),
	(188, 633, 'CONCHILLAS'),
	(189, 634, 'FLAMENCO'),
	(190, 635, 'LAS PISCINAS'),
	(191, 636, 'PUNTA SALINAS'),
	(192, 636, 'TORRES DEL INCA'),
	(193, 637, 'INCA DE ORO'),
	(194, 638, 'EL JILGUERO'),
	(195, 638, 'QUEBRADA EL JILGUERO'),
	(196, 639, 'CARRETERA PANAMERICANA'),
	(197, 639, 'QUEBRADA VALPARAÍSO'),
	(198, 640, 'BUENA ESPERANZA'),
	(199, 122, 'LA COMPAÑÍA'),
	(200, 642, 'DOMEYKO'),
	(201, 643, 'PUNTA DE MARAÑÓN'),
	(202, 644, 'CAMARONES'),
	(203, 645, 'CHAÑAR BLANCO'),
	(204, 646, 'LA POSADA'),
	(205, 647, 'LAS POROTAS'),
	(206, 648, 'INCAHUASI'),
	(207, 649, 'ESTACIÓN ROMERO'),
	(208, 650, 'QUEBRADA CAMARONES'),
	(209, 651, 'ALTO DEL CARMEN'),
	(210, 652, 'LA VEGA'),
	(211, 653, 'LAS MARQUESAS'),
	(212, 653, 'LAS PIRCAS'),
	(213, 653, 'PUNTA NEGRA'),
	(214, 653, 'LA ARENA ALTA'),
	(215, 653, 'LA ARENA BAJA'),
	(216, 653, 'PERALES SUR'),
	(217, 469, 'EL TRÁNSITO'),
	(218, 653, 'CHOLLAY'),
	(219, 653, 'JUNTA DE VALERIANO'),
	(220, 653, 'LA ANGOSTURA'),
	(221, 653, 'LOS TAMBOS'),
	(222, 655, 'CERRO ALEGRE'),
	(223, 656, 'LOS CANALES'),
	(224, 657, 'CRUCECITA ALTA'),
	(225, 658, 'RETAMO'),
	(226, 659, 'EL CORRAL'),
	(227, 660, 'EL SOMBRÍO'),
	(228, 21, 'RIBERA SUR'),
	(229, 661, 'LAS TABLAS'),
	(230, 661, 'QUEBRADA EL NEGRO'),
	(231, 60, 'LA PUNTILLA'),
	(232, 60, 'MAITENCILLO'),
	(233, 663, 'AGUA DEL MEDIO'),
	(234, 663, 'ESTACIÓN NICOLASA'),
	(235, 663, 'HACIENDA ATACAMA'),
	(236, 663, 'NICOLASA'),
	(237, 663, 'QUEBRADA AGUA DEL MEDIO'),
	(238, 663, 'SANTA TERESA'),
	(239, 664, 'TATARA'),
	(240, 665, 'CALETA LOS BRONCES'),
	(241, 666, 'EL ROMERO'),
	(242, 667, 'CARRIZALILLO'),
	(243, 667, 'QUEBRADA EL MORADO'),
	(244, 668, 'BAHÍA CARRIZALILLO'),
	(245, 668, 'CALETA ARDILES'),
	(246, 668, 'LA REINA'),
	(247, 668, 'PUNTA BASCUÑÁN'),
	(248, 24, 'LA ARENA'),
	(249, 669, 'LOS TOYOS'),
	(250, 670, 'VILLA GUACOLDA'),
	(251, 671, 'CANTO DE AGUA'),
	(252, 672, 'CARRIZAL BAJO'),
	(253, 673, 'LLANOS DEL LAGARTO'),
	(254, 674, 'CÁRCEL DE HUACHALALUME'),
	(255, 674, 'HUACHALALUME'),
	(256, 675, 'SAN VALENTÍN'),
	(257, 676, 'EL ROSARIO'),
	(258, 677, 'GABRIELA MISTRAL'),
	(259, 677, 'LOS ARTESANOS'),
	(260, 677, 'VALLE DE LOS ÁNGELES'),
	(261, 678, 'QUEBRADA DE TALCA'),
	(262, 27, 'ALTOVALSOL'),
	(263, 27, 'LOURDES'),
	(264, 679, 'CUTÚN ALTO'),
	(265, 680, 'LAS ROJAS'),
	(266, 681, 'PELÍCANA'),
	(267, 682, 'PUNTA DE PIEDRA'),
	(268, 683, 'EL ROMERO'),
	(269, 683, 'NUEVA ESPERANZA'),
	(270, 683, 'NUEVO RENACER'),
	(271, 683, 'SAN ANTONIO'),
	(272, 683, 'SAN ROQUE'),
	(273, 683, 'SANTA ELISA NORTE'),
	(274, 683, 'SANTA ELISA SUR'),
	(275, 683, 'VILLA SANTA ANA'),
	(276, 684, 'CONDORIACO'),
	(277, 684, 'AGUA GRANDE'),
	(278, 684, 'ALMIRANTE LATORRE'),
	(279, 685, 'ISLÓN'),
	(280, 686, 'LAMBERT'),
	(281, 687, 'CHACAY ALTO'),
	(282, 688, 'COMUNIDAD SANTA ELVIRA'),
	(283, 689, 'LOMAS DEL ARRAYÁN'),
	(284, 690, 'EL ROMERAL'),
	(285, 690, 'EL ROMERAL ALTO'),
	(286, 690, 'LAS PUNTILLAS DEL SICILIANO'),
	(287, 691, 'BARRIO GOLF ORIENTE'),
	(288, 691, 'BARRIO GOLF PONIENTE'),
	(289, 691, 'SERENA GOLF'),
	(290, 25, 'QUEBRADA DESIERTO FLORIDO'),
	(291, 692, 'CRUZ DE CAÑA'),
	(292, 693, 'EL CARMEN'),
	(293, 693, 'EL ESCORIAL'),
	(294, 693, 'PADRE HURTADO'),
	(295, 693, 'PERLA DEL NORTE CHICO'),
	(296, 693, 'SANTA AMALIA'),
	(297, 693, 'TRES VILLAS'),
	(298, 693, 'TRIUNFO CAMPESINO - SAN RAFAEL'),
	(299, 693, 'VENUS'),
	(300, 694, 'MAJADA BLANCA'),
	(301, 695, 'NUEVA VIDA'),
	(302, 693, 'CERRILLOS'),
	(303, 693, 'ESFUERZO CAMPESINO'),
	(304, 696, 'ALTOS LA HERRADURA'),
	(305, 696, 'ENSENADA DEL PANUL'),
	(306, 697, 'LAS TACAS'),
	(307, 623, 'TOTORALILLO'),
	(308, 698, 'QUEBRADA MARTÍNEZ'),
	(309, 699, 'QUITALLACO'),
	(310, 700, 'TAMBILLOS'),
	(311, 701, 'EL PANGUE'),
	(312, 701, 'LA HACIENDA'),
	(313, 701, 'LAS CARDAS'),
	(314, 702, 'PUERTO ALDEA'),
	(315, 30, 'PLAYA GRANDE'),
	(316, 29, 'CAMPING PLAYA BLANCA'),
	(317, 29, 'PUERTO VELERO'),
	(318, 696, 'LA RINCONADA'),
	(319, 698, 'EL MANZANO'),
	(320, 698, 'MAITENCILLO'),
	(321, 698, 'VILLA PADRE FLORENCIO FERNÁNDEZ'),
	(322, 34, 'LA PUNTILLA'),
	(323, 703, 'CALETA HORNOS'),
	(324, 704, 'QUEBRADA HONDA'),
	(325, 705, 'AGUA LOS BURROS'),
	(326, 705, 'LA LAGUNA'),
	(327, 705, 'LAS PUNTILLAS'),
	(328, 706, 'CHUNGUNGO'),
	(329, 707, 'TOTORALILLO NORTE'),
	(330, 708, 'EL NÁUFRAGO'),
	(331, 708, 'PUNTA DE CHOROS'),
	(332, 709, 'LOS CHOROS'),
	(333, 710, 'PUNTA DE CHOROS'),
	(334, 711, 'LOS MORROS'),
	(335, 711, 'LOS MORROS PONIENTE'),
	(336, 711, 'LOS OJITOS'),
	(337, 712, 'PUNTA COLORADA'),
	(338, 713, 'EL TRAPICHE'),
	(339, 714, 'CHANCHOQUÍ'),
	(340, 715, 'CHAÑAR BLANCO'),
	(341, 715, 'PAIHUANO'),
	(342, 716, 'EL LLANO ALTO'),
	(343, 716, 'EL LLANO BAJO'),
	(344, 716, 'EL PACAL'),
	(345, 716, 'LA PERALTINA'),
	(346, 716, 'LAS PLACETAS'),
	(347, 716, 'VARILLAR'),
	(348, 715, 'CALLEJÓN AGUIRRE'),
	(349, 715, 'LA BAJADA'),
	(350, 715, 'LA CONCHINA'),
	(351, 715, 'TRES CRUCES'),
	(352, 717, 'PUEBLO HUNDIDO'),
	(353, 717, 'QUEBRADA DE PINTO'),
	(354, 718, 'EL COLORADO'),
	(355, 719, 'MONTEGABRIELA'),
	(356, 720, 'CRUCE COCHIHUÁZ'),
	(357, 720, 'MONTEGRANDE'),
	(358, 721, 'ALCOHUÁZ'),
	(359, 722, 'EL RETIRO NORTE'),
	(360, 722, 'LA ORTIGA'),
	(361, 722, 'LADERA CHICA'),
	(362, 723, 'LADERA GRANDE'),
	(363, 724, 'LA JARILLA'),
	(364, 725, 'CASA BLANCA'),
	(365, 726, 'EL CEBOLLÍN'),
	(366, 727, 'EL ARENAL'),
	(367, 727, 'EL MORRO'),
	(368, 728, 'CALICHE'),
	(369, 729, 'PULLAYE'),
	(370, 726, 'DIAGUITAS'),
	(371, 730, 'ANDACOLLITO'),
	(372, 729, 'LA CAMPANA'),
	(373, 731, 'LA CAMPANA'),
	(374, 180, 'ASENTAMIENTO'),
	(375, 180, 'EL DURAZNO'),
	(376, 180, 'LOURDES'),
	(377, 180, 'PERALILLO'),
	(378, 180, 'PERALILLO ORIENTE'),
	(379, 180, 'VILLASECA'),
	(380, 44, 'EL CALVARIO'),
	(381, 44, 'EL TAMBO'),
	(382, 44, 'PUEBLO HUNDIDO'),
	(383, 734, 'CERRO TOLOLO'),
	(384, 689, 'VILLA EL ARRAYÁN'),
	(385, 412, 'PLANTA ALMENDRAL'),
	(386, 89, 'LA CALERA'),
	(387, 89, 'LA CALERA BAJA'),
	(388, 89, 'PELÍCANA'),
	(389, 737, 'POLLA ALTA'),
	(390, 738, 'EL MOLLE'),
	(391, 738, 'POBLACIÓN NUEVA EL MOLLE'),
	(392, 739, 'DOS PINOS'),
	(393, 739, 'MARQUESA'),
	(394, 740, 'VIÑITA ALTA'),
	(395, 741, 'GUALLIGUAICA'),
	(396, 742, 'GUALLIGUAICA'),
	(397, 743, 'RIVADAVIA'),
	(398, 744, 'CHAPILCA'),
	(399, 744, 'VARILLAR'),
	(400, 745, 'GUANTA'),
	(401, 746, 'ASIENTO VIEJO'),
	(402, 747, 'CÁRCAMO'),
	(403, 748, 'VILLA PADRE ALBERTO HURTADO'),
	(404, 749, 'SOCAVÓN CENTRO'),
	(405, 749, 'VILLA NUEVO MILENIO'),
	(406, 750, 'CANELILLO BAJO'),
	(407, 751, 'CHOAPA'),
	(408, 751, 'POBLACIÓN EL MOLINO'),
	(409, 752, 'EL MAURO'),
	(410, 752, 'LAS CAÑAS'),
	(411, 752, 'LAS CAÑAS ORIENTE'),
	(412, 752, 'LAS CAÑAS PONIENTE'),
	(413, 753, 'PINTACURA'),
	(414, 754, 'CUZ CUZ'),
	(415, 754, 'SUBIDA EL PERAL'),
	(416, 755, 'MATANCILLA'),
	(417, 756, 'VILLA SANTA VIRGINIA'),
	(418, 757, 'MINCHA NORTE'),
	(419, 758, 'LOS POZOS'),
	(420, 759, 'MINCHA SUR'),
	(421, 760, 'HUENTELAUQUÉN SUR'),
	(422, 761, 'HUENTELAUQUÉN NORTE'),
	(423, 762, 'PUERTO OSCURO'),
	(424, 758, 'LOS RULOS'),
	(425, 763, 'CANELA ALTA'),
	(426, 758, 'RIBERA NORTE'),
	(427, 764, 'CANELA ALTA'),
	(428, 764, 'MANGA'),
	(429, 765, 'NUEVO AMANECER'),
	(430, 764, 'EL LLANO'),
	(431, 764, 'LAS PIRCAS'),
	(432, 396, 'CONCHALÍ'),
	(433, 767, 'LA HIGUERA'),
	(434, 768, 'CAIMANES'),
	(435, 769, 'TILAMA'),
	(436, 770, 'LOS CÓNDORES'),
	(437, 771, 'GUANGUALÍ'),
	(438, 770, 'EL LLANO'),
	(439, 42, 'EL CONSUELO'),
	(440, 772, 'CANCHA BRAVA'),
	(441, 773, 'ARBOLEDA GRANDE'),
	(442, 773, 'POBLACIÓN COYHAIQUE'),
	(443, 773, 'POBLACIÓN LA FLORIDA'),
	(444, 774, 'SAN AGUSTÍN'),
	(445, 775, 'LLIMPO'),
	(446, 775, 'POBLACIÓN CAÑAHUAL'),
	(447, 776, 'CUNCUMÉN'),
	(448, 444, 'BATUCO'),
	(449, 778, 'TRANQUILLA'),
	(450, 779, 'COIRÓN'),
	(451, 780, 'PUNTA NUEVA'),
	(452, 781, 'POBLACIÓN NUEVO BARRIO ALTO'),
	(453, 781, 'QUELÉN ALTO'),
	(454, 781, 'QUELÉN ALTO SUR'),
	(455, 782, 'EL ARRAYÁN'),
	(456, 44, 'VILLA EL FARO'),
	(457, 783, 'TAHUINCO'),
	(458, 784, 'EL MANZANO'),
	(459, 785, 'EL QUEÑE'),
	(460, 786, 'PANGUECILLO'),
	(461, 46, 'LA SILLETA'),
	(462, 787, 'NUEVA AURORA'),
	(463, 788, 'LOS ACACIOS'),
	(464, 788, 'SANTA MARTA'),
	(465, 49, 'VEGAS DE LIMARÍ'),
	(466, 789, 'TRAPICHE'),
	(467, 790, 'EL LLANO DE LIMARÍ'),
	(468, 790, 'LAS LECHUZAS'),
	(469, 790, 'TALHUÉN'),
	(470, 790, 'VILLORRIO DE TALHUÉN'),
	(471, 791, 'GALLEGUILLOS'),
	(472, 792, 'LAGUNILLAS'),
	(473, 425, 'RECOLETA'),
	(474, 794, 'CUMBRE DEL OLIVO'),
	(475, 795, 'BARRANCAS'),
	(476, 796, 'SAMO BAJO'),
	(477, 795, 'PUNTILLA BARRANCAS'),
	(478, 797, 'CARACHILLA'),
	(479, 797, 'LA PALOMA'),
	(480, 797, 'SIFÓN DE PALOMA'),
	(481, 798, 'GUALLILLINGA'),
	(482, 798, 'LA CANOA'),
	(483, 799, 'SANTA CATALINA'),
	(484, 800, 'LA PLACA'),
	(485, 801, 'LA TORRE'),
	(486, 802, 'LAS SOSSAS'),
	(487, 803, 'CERRILLOS DE TAMAYA'),
	(488, 804, 'LOS OLIVOS'),
	(489, 805, 'QUEBRADA SECA'),
	(490, 806, 'EL RUMAI'),
	(491, 806, 'SANTA CRISTINA'),
	(492, 806, 'SANTA CRISTINA CENTRO'),
	(493, 806, 'SANTA CRISTINA PARTE ALTA'),
	(494, 98, 'ALGARROBO BAJO'),
	(495, 808, 'CERRILLOS POBRES'),
	(496, 809, 'ORURO ALTO'),
	(497, 809, 'ORURO BAJO'),
	(498, 810, 'VALDIVIA DE PUNILLA'),
	(499, 811, 'PARQUE NACIONAL FRAY JORGE'),
	(500, 812, 'TALCARUCA'),
	(501, 813, 'CAMPO LINDO CAMARICO'),
	(502, 813, 'CAMPO LINDO LA VILLA'),
	(503, 813, 'LOS AROMOS'),
	(504, 813, 'QUEBRADA DE CACHACO'),
	(505, 814, 'BARRAZA BAJO'),
	(506, 815, 'EL DURAZNO'),
	(507, 816, 'SALALA'),
	(508, 817, 'ALTOS LA GLORIA'),
	(509, 817, 'ALTOS LA GLORIA ORIENTE'),
	(510, 817, 'SAN JULIÁN'),
	(511, 818, 'SERÓN DE SAN JULIÁN'),
	(512, 819, 'LOS AROMOS'),
	(513, 819, 'TABALÍ'),
	(514, 819, 'TABALÍ BAJO'),
	(515, 820, 'CAMARICO VIEJO'),
	(516, 820, 'EL PORVENIR'),
	(517, 820, 'LOS NOGALES'),
	(518, 820, 'LOURDES'),
	(519, 820, 'UNIÓN CAMPESINA'),
	(520, 820, 'UNIÓN CAMPESINA ORIENTE'),
	(521, 820, 'VILLA SAN MIGUEL'),
	(522, 821, 'VILLA SAN CARLOS'),
	(523, 821, 'VILLA SAN FRANCISCO'),
	(524, 822, 'CHALINGA'),
	(525, 822, 'LA CALERA'),
	(526, 823, 'CERRO BLANCO'),
	(527, 824, 'LOS CANELOS'),
	(528, 824, 'QUEBRADA DE LOS NEGROS'),
	(529, 825, 'EL TRÉBOL'),
	(530, 826, 'EL TENIENTE BAJO'),
	(531, 826, 'MINA BLANCA'),
	(532, 826, 'TRANQUILLA'),
	(533, 826, 'TRANQUILLA NORTE'),
	(534, 827, 'MANTOS DE HORNILLOS'),
	(535, 827, 'MANTOS DE HORNILLOS NORTE'),
	(536, 826, 'EL TENIENTE'),
	(537, 826, 'LA CEBADA'),
	(538, 826, 'MAITENCILLO'),
	(539, 826, 'MAITENCILLO SUR'),
	(540, 828, 'ALCONES BAJO'),
	(541, 828, 'CUESTA ZAPATO ROTO'),
	(542, 814, 'BARRAZA ALTO'),
	(543, 814, 'BARRAZA ALTO SOCOS'),
	(544, 829, 'PUEBLO HUNDIDO'),
	(545, 830, 'LA CAPILLA'),
	(546, 831, 'EL SORUCO'),
	(547, 831, 'CHIPEL'),
	(548, 831, 'QUILITAPIA'),
	(549, 831, 'EL HUACHO'),
	(550, 831, 'EL SAUCE'),
	(551, 831, 'LA COLORADA'),
	(552, 74, 'LA LIGUA'),
	(553, 833, 'BARRANCA'),
	(554, 833, 'COGOTÍ'),
	(555, 833, 'EL CHINEO'),
	(556, 833, 'EL CODITO'),
	(557, 833, 'LA CUADRA'),
	(558, 834, 'LOS LLANOS DE COGOTÍ'),
	(559, 834, 'LOS PUQUIOS'),
	(560, 834, 'PORTEZUELO ALTO'),
	(561, 834, 'TINAJA'),
	(562, 835, 'LA CRUCITA'),
	(563, 836, 'VALLE HERMOSO PONIENTE'),
	(564, 837, 'MANQUEHUA'),
	(565, 838, 'SAN MARCOS'),
	(566, 839, 'LAS LAJAS'),
	(567, 837, 'AGUA AMARILLA'),
	(568, 840, 'PERALITO ANTIGUO'),
	(569, 841, 'FLOR DEL VALLE BAJO'),
	(570, 842, 'AGUA CHICA'),
	(571, 843, 'CERRILLOS DE RAPEL'),
	(572, 841, 'FLOR DEL VALLE ALTO'),
	(573, 844, 'JUNTAS'),
	(574, 843, 'VILLA EL BOSQUE'),
	(575, 845, 'NUEVO MILENIO'),
	(576, 846, 'LOS ÁNGELES DE RAPEL'),
	(577, 847, 'BARRANCONES'),
	(578, 847, 'PEDREGAL DE RAPEL'),
	(579, 847, 'RAPEL'),
	(580, 848, 'LAS MOLLACAS'),
	(581, 298, 'CENTRAL LOS MOLLES'),
	(582, 850, 'LOS MOLLES'),
	(583, 412, 'EL MAITÉN'),
	(584, 851, 'EL MAQUI'),
	(585, 852, 'PAMPA GRANDE'),
	(586, 853, 'LA TRANQUITA'),
	(587, 854, 'MOSTAZAL'),
	(588, 855, 'PEDREGAL'),
	(589, 856, 'LAS RAMADAS'),
	(590, 857, 'EL MACANO'),
	(591, 858, 'EL MACANO'),
	(592, 858, 'EL PERAL'),
	(593, 858, 'EL TAYÁN'),
	(594, 858, 'LA CISTERNA'),
	(595, 858, 'TULAHUÉN'),
	(596, 859, 'CARÉN'),
	(597, 859, 'CHAÑARAL DE CARÉN'),
	(598, 860, 'CHAGUARAL ALTO'),
	(599, 861, 'CHAÑARAL DE CARÉN'),
	(600, 862, 'CHAÑARAL DE CARÉN'),
	(601, 863, 'BELLAVISTA DE CARÉN'),
	(602, 864, 'SEMITA'),
	(603, 865, 'CHILECITO'),
	(604, 866, 'EL COIPO'),
	(605, 867, 'CARRETONES'),
	(606, 868, 'MIALQUI'),
	(607, 869, 'TAMELCURA'),
	(608, 52, 'EL PEÑÓN BAJO'),
	(609, 52, 'LAS SIETE CASAS'),
	(610, 52, 'VILLA LAS REPRESAS'),
	(611, 870, 'HUATULAME'),
	(612, 871, 'EL TOMÉ ALTO'),
	(613, 53, 'CERRO ALEGRE'),
	(614, 872, 'CERRO ALEGRE'),
	(615, 873, 'LOS TAPIA'),
	(616, 874, 'LOS MORALES'),
	(617, 875, 'CANCHA LA HIGUERA'),
	(618, 875, 'EL PERAL'),
	(619, 875, 'EL TORO'),
	(620, 875, 'LA HIGUERA'),
	(621, 875, 'LAS ÑIPAS'),
	(622, 875, 'LOS SUPILOCOS'),
	(623, 875, 'PUEBLO NUEVO'),
	(624, 876, 'ALTAR BAJO'),
	(625, 129, 'GRANEROS'),
	(626, 878, 'GRANJITAS NORTE'),
	(627, 878, 'GRANJITAS SUR'),
	(628, 879, 'ESPERANZA JUVENIL'),
	(629, 879, 'LAS BREAS'),
	(630, 879, 'VILLORRIO SAN ANTONIO'),
	(631, 880, 'HUAMPULLA'),
	(632, 881, 'LOS MAITENES'),
	(633, 882, 'PARRAL VIEJO'),
	(634, 882, 'QUEBRADA SANTANDER'),
	(635, 882, 'VILLORRIO NUEVO AMANECER'),
	(636, 883, 'HUAMPULLA'),
	(637, 884, 'LOS CARACOLES'),
	(638, 885, 'EL ESPINAL'),
	(639, 885, 'LA AGUADA'),
	(640, 886, 'EL ESPINAL'),
	(641, 887, 'BELLAVISTA'),
	(642, 887, 'LA PUNTILLA'),
	(643, 887, 'PICHASCA'),
	(644, 88, 'LA AGUADA'),
	(645, 88, 'SAN PEDRO SUR'),
	(646, 888, 'FUNDINA SUR PONIENTE'),
	(647, 889, 'EL PUERTO'),
	(648, 889, 'FUNDINA SUR PONIENTE'),
	(649, 890, 'POBLACIÓN LA PLANTA'),
	(650, 891, 'SERÓN'),
	(651, 892, 'MORRILLOS'),
	(652, 892, 'VADO DE MORRILLOS'),
	(653, 893, 'HURTADO'),
	(654, 894, 'LOS LAVADEROS'),
	(655, 895, 'TAHUINCO'),
	(656, 895, 'VILLORRIO MIRADOR'),
	(657, 896, 'EL ROMERAL'),
	(658, 55, 'CALETA GRANDE'),
	(659, 55, 'CURAUMILLA CENTRAL'),
	(660, 897, 'POZA OSCURA NORTE'),
	(661, 898, 'TAPIHUE'),
	(662, 899, 'LA VINILLA NORTE'),
	(663, 899, 'LA VINILLA SUR'),
	(664, 900, 'LOS MAITENES'),
	(665, 901, 'VALLE HERMOSO ABAJO'),
	(666, 902, 'LAS DICHAS'),
	(667, 903, 'PLAYA GRANDE DE QUINTAY'),
	(668, 903, 'QUINTAY'),
	(669, 904, 'PASO HONDO'),
	(670, 905, 'LA PLAYA'),
	(671, 906, 'LO VÁSQUEZ'),
	(672, 59, 'ALTO LA CANTERA'),
	(673, 59, 'CUMBRES DE CONCÓN'),
	(674, 59, 'FUERTE AGUAYO'),
	(675, 59, 'LA HIGUERA'),
	(676, 59, 'LOMAS DE CONCÓN'),
	(677, 59, 'LOS ESPINOS'),
	(678, 59, 'LOS PINOS'),
	(679, 59, 'NUEVO MILENIO'),
	(680, 59, 'OJOS DE AGUA DE DOÑA CLARA'),
	(681, 59, 'VILLA INDEPENDENCIA'),
	(682, 59, 'VILLA INDEPENDENCIA SUR'),
	(683, 907, 'RADA LA COLONIA'),
	(684, 908, 'SAN JUAN BAUTISTA'),
	(685, 61, 'LAS CATITAS'),
	(686, 909, 'EL RINCÓN'),
	(687, 910, 'LOS MAQUIS'),
	(688, 910, 'PUCALÁN'),
	(689, 911, 'CAMPICHE'),
	(690, 912, 'LONCURA BAJO'),
	(691, 913, 'COSTA DE RITOQUE'),
	(692, 913, 'ROCAS DE RITOQUE'),
	(693, 914, 'SANTA JULIA'),
	(694, 915, 'LORD COCHRANE'),
	(695, 915, 'LORD COCHRANE NORTE'),
	(696, 915, 'VALLE ALEGRE'),
	(697, 916, 'MIRADOR SANTA LUISA'),
	(698, 917, 'LAS GAVIOTAS'),
	(699, 917, 'LAS GAVIOTAS ORIENTE'),
	(700, 918, 'MANTAGUA'),
	(701, 312, 'SAN RAMÓN'),
	(702, 920, 'SANTA ADELA'),
	(703, 921, 'SANTA ROSA DE COLMO'),
	(704, 65, 'ORITO'),
	(705, 922, 'LA PEROUSSE'),
	(706, 923, 'LOS VILLARES'),
	(707, 923, 'PLAZA VIEJA'),
	(708, 924, 'EL SAUCE'),
	(709, 925, 'LAS VIZCACHAS'),
	(710, 926, 'LOS CHACAYES'),
	(711, 927, 'LOS QUILOS'),
	(712, 928, 'PORTILLO'),
	(713, 929, 'GUARDIA VIEJA'),
	(714, 930, 'BOCATOMA'),
	(715, 930, 'RÍO BLANCO CARRETERA'),
	(716, 931, 'SALADILLO'),
	(717, 932, 'ALTO PUERTO-SAN FRANCISCO'),
	(718, 933, 'LOS FAROLES'),
	(719, 915, 'O\'NELL'),
	(720, 934, 'EL PATAGUAL SUR'),
	(721, 935, 'PASCUAL BABURIZZA'),
	(722, 935, 'EL ESTERO'),
	(723, 935, 'EL PEDRERO'),
	(724, 935, 'EL PIMIENTO'),
	(725, 935, 'LAS LOMAS'),
	(726, 935, 'LOS ROSALES'),
	(727, 935, 'SANTA ROSA'),
	(728, 936, 'CUMBRES DE AUCO'),
	(729, 937, 'EL CASTILLO'),
	(730, 938, 'LOS GUINDOS'),
	(731, 939, 'MINA CARACOLES'),
	(732, 940, 'TIERRAS BLANCAS'),
	(733, 936, 'AUCO'),
	(734, 936, 'SANTUARIO SANTA TERESA DE LOS ANDES'),
	(735, 941, 'LA FALDA'),
	(736, 72, 'LOS LLANOS ALTOS'),
	(737, 942, 'AVENIDA SANTA TERESA'),
	(738, 943, 'LAS GOLONDRINAS'),
	(739, 944, 'EL COBRE'),
	(740, 944, 'LO CALVO'),
	(741, 944, 'LOS LILLOS'),
	(742, 944, 'LAS BANDURRIAS'),
	(743, 945, 'LOS QUELTEHUES'),
	(744, 946, 'EL VILLORRIO'),
	(745, 929, 'LOS ESPINOS'),
	(746, 947, 'PRIMERA QUEBRADA CARRETERA'),
	(747, 947, 'PRIMERA QUEBRADA RÍO'),
	(748, 947, 'VILLA SUEÑO DORADO'),
	(749, 927, 'CARRETERA ANTIGUA'),
	(750, 927, 'RÍO COLORADO'),
	(751, 941, 'CALLEJÓN LOS JIMÉNEZ'),
	(752, 941, 'CARIÑO BOTADO'),
	(753, 941, 'LLANOS SUR'),
	(754, 941, 'ROMA'),
	(755, 948, 'EL CARRIZO'),
	(756, 949, 'EL ALGARROBO'),
	(757, 428, 'SAN MIGUEL'),
	(758, 402, 'PAIDAHUÉN'),
	(759, 952, 'FONCEA'),
	(760, 953, 'LAS JUNTAS'),
	(761, 953, 'LOS OLMOS'),
	(762, 954, 'TOCORNAL'),
	(763, 955, 'LOS MAITENES'),
	(764, 955, 'QUEBRADILLA'),
	(765, 956, 'EL BOSQUE'),
	(766, 957, 'QUINQUIMO'),
	(767, 958, 'ILLALOLÉN'),
	(768, 958, 'QUEBRADA EL POBRE'),
	(769, 958, 'VALLE HERMOSO'),
	(770, 73, 'ILLALOLÉN'),
	(771, 959, 'CASAS VIEJAS'),
	(772, 959, 'EL GUINDO CHICO'),
	(773, 959, 'LA ESTACIÓN'),
	(774, 959, 'LAS PARCELAS DE LONGOTOMA'),
	(775, 959, 'MARIANO ALFONSO'),
	(776, 959, 'SAN MANUEL'),
	(777, 960, 'HUAQUÉN PONIENTE'),
	(778, 961, 'LOS QUINQUELLES'),
	(779, 962, 'PICHICUY'),
	(780, 850, 'ESTACIÓN SANTA MARÍA'),
	(781, 850, 'LAS MESETAS DEL CHIVATO'),
	(782, 959, 'EL TRAPICHE'),
	(783, 959, 'LA CANELA'),
	(784, 959, 'PICHILEMU'),
	(785, 959, 'PUYANCON'),
	(786, 959, 'SANTA MARTA'),
	(787, 77, 'ARTIFICIO'),
	(788, 963, 'MONTE GRANDE'),
	(789, 475, 'SAN JOSÉ'),
	(790, 475, 'VILLA SAN JOSÉ'),
	(791, 965, 'LOS MOLINOS'),
	(792, 965, 'SANTA LAURA'),
	(793, 652, 'LA VEGA BAJA'),
	(794, 652, 'LA VEGA BAJA PONIENTE'),
	(795, 966, 'SAN LORENZO'),
	(796, 966, 'SAN LORENZO ORIENTE'),
	(797, 966, 'USILLAR'),
	(798, 967, 'LAS PUERTAS'),
	(799, 968, 'EL ESCORIAL'),
	(800, 968, 'LA VIÑA'),
	(801, 969, 'PAIHUÉN'),
	(802, 970, 'BARTOLILLO'),
	(803, 970, 'PILILÉN'),
	(804, 970, 'POBLACIÓN EL ESFUERZO'),
	(805, 971, 'ALICAHUE'),
	(806, 972, 'LOS PERALES'),
	(807, 973, 'GUAYACÁN'),
	(808, 974, 'AIRE MAR'),
	(809, 974, 'CAMPO MAR'),
	(810, 974, 'EL PEUMO'),
	(811, 974, 'LOS BOLDOS'),
	(812, 975, 'CALLE LARGA'),
	(813, 975, 'CHALACO'),
	(814, 976, 'EL VALLE'),
	(815, 977, 'EL SOBRANTE'),
	(816, 81, 'CHINCOLCO NORTE'),
	(817, 81, 'EL BAJO'),
	(818, 978, 'LA POLCURA'),
	(819, 979, 'LOS COMUNES'),
	(820, 980, 'LA ÑIPA'),
	(821, 981, 'HIERRO VIEJO'),
	(822, 982, 'MANUEL MONTT'),
	(823, 982, 'PARAÍSO PERDIDO'),
	(824, 982, 'PARAÍSO PERDIDO SUR'),
	(825, 983, 'PEDEGUA'),
	(826, 312, 'EL FRANCÉS PONIENTE'),
	(827, 83, 'BERANDA'),
	(828, 84, 'CERRO LA CRUZ'),
	(829, 84, 'EX HACIENDA CAMINO LAS TORRES'),
	(830, 84, 'EX HACIENDA DE CATAPILCO'),
	(831, 84, 'LA MANCERA'),
	(832, 84, 'LOS AROMOS'),
	(833, 984, 'EL BLANQUILLO'),
	(834, 985, 'EL CÓNDOR'),
	(835, 985, 'EX-CORA'),
	(836, 985, 'LAS PATAGUAS'),
	(837, 985, 'LAS PATAGUAS NORTE'),
	(838, 986, 'LOS ALMENDROS'),
	(839, 987, 'ESCUELA DE CABALLERÍA'),
	(840, 987, 'PUEBLO DE INDIOS'),
	(841, 988, 'EL HUERTO'),
	(842, 988, 'LA HORNILLA'),
	(843, 988, 'LOS MOLLES'),
	(844, 988, 'LOS MORRILLOS'),
	(845, 88, 'CAJÓN DE SAN PEDRO'),
	(846, 989, 'MANZANAR'),
	(847, 989, 'MAUCO'),
	(848, 990, 'CAROLMO'),
	(849, 991, 'BOCO CENTRO'),
	(850, 991, 'BOCO NORTE'),
	(851, 992, 'PACHACAMA'),
	(852, 993, 'PACHACAMITA'),
	(853, 993, 'PACHACAMITA NORTE'),
	(854, 169, 'CALLE CHÉPICA'),
	(855, 995, 'CUATRO ESQUINAS'),
	(856, 996, 'BARRACITA ALTO'),
	(857, 997, 'EL RETIRO-LOS PINOS'),
	(858, 998, 'LA SOMBRA'),
	(859, 999, 'BARRIO ALTO'),
	(860, 999, 'CALLE CHÉPICA'),
	(861, 999, 'ESTACIÓN OCOA'),
	(862, 999, 'LA FEBRE'),
	(863, 1000, 'LOS CASTAÑOS'),
	(864, 1001, 'LA PALMILLA'),
	(865, 1001, 'SANTOS MOLINA'),
	(866, 1002, 'PEDRO AGUIRRE CERDA'),
	(867, 1002, 'SAN JORGE'),
	(868, 1002, 'SANTA ANA'),
	(869, 1003, 'LA PEÑA'),
	(870, 1004, 'AGUAS BUENAS'),
	(871, 96, 'VILLA EL SOL'),
	(872, 1005, 'LEYDA'),
	(873, 776, 'VALLE ARRIBA'),
	(874, 1006, 'EL ASILO'),
	(875, 1007, 'QUEBRADA DE LA IGLESIA'),
	(876, 1007, 'VALLE ABAJO'),
	(877, 131, 'EL MANZANO'),
	(878, 475, 'LOS MOLLES'),
	(879, 1009, 'LO ABARCA'),
	(880, 1010, 'CUESTA LO ZÁRATE'),
	(881, 1011, 'EL TURCO'),
	(882, 1010, 'LO ZÁRATE'),
	(883, 1012, 'LOS LUNES'),
	(884, 1013, 'CAJÓN DE LA MAGDALENA'),
	(885, 1014, 'EL CARDONAL'),
	(886, 1014, 'FLORES DEL MAR'),
	(887, 1014, 'ISLA NEGRA'),
	(888, 1014, 'LOS QUILOS'),
	(889, 1014, 'SAN JOSÉ'),
	(890, 1014, 'SANTA FE'),
	(891, 1014, 'VILLA LAS HORTENSIAS'),
	(892, 1015, 'EL MEMBRILLO'),
	(893, 1016, 'EL PÚQUIO'),
	(894, 101, 'VILLA LAS MERCEDES'),
	(895, 1017, 'QUILLAICILLO'),
	(896, 1018, 'LAS BRISAS'),
	(897, 1019, 'MOSTAZAL'),
	(898, 1020, 'SAN ENRIQUE'),
	(899, 1021, 'TRES CANCHAS'),
	(900, 1022, 'BUCALEMU'),
	(901, 1022, 'EL RINCÓN'),
	(902, 66, 'CALLEJÓN EL BOSQUE'),
	(903, 1024, 'LOS CAMPOS'),
	(904, 1025, 'BELLAVISTA'),
	(905, 1026, 'COSTANERA BARRANCAS'),
	(906, 1027, 'EL ASIENTO'),
	(907, 1028, 'CALLE VERGARA'),
	(908, 1028, 'QUEBRADA DE HERRERA'),
	(909, 1029, 'CALLE EL RÍO'),
	(910, 1029, 'CALLE HERRERA'),
	(911, 1029, 'CALLE HERRERA SUR'),
	(912, 1029, 'CALLE QUIÑONES'),
	(913, 1029, 'EL BOSQUE'),
	(914, 1029, 'VEINTIUNO DE MAYO'),
	(915, 1030, 'EL CARMELO'),
	(916, 1031, 'EL COBRE'),
	(917, 1032, 'EL SECO'),
	(918, 1032, 'EL SECO ALTO'),
	(919, 1033, 'LA COLONIA'),
	(920, 1033, 'LAS COMPUERTAS'),
	(921, 1034, 'EL PIMIENTO'),
	(922, 1034, 'LAS VARILLAS'),
	(923, 1035, 'LOS CERRILLOS'),
	(924, 1036, 'EL ÑILHUE'),
	(925, 1037, 'LAS MERCEDES'),
	(926, 1038, 'LAS COMPUERTAS'),
	(927, 1039, 'REINOSO'),
	(928, 1040, 'SANTA ISABEL'),
	(929, 1041, 'SANTA MARGARITA'),
	(930, 1042, 'LA ESTANCILLA'),
	(931, 1043, 'LA COLONIA'),
	(932, 1043, 'LAS PALMAS'),
	(933, 1044, 'LOS MOLINOS'),
	(934, 1044, 'RECINTO ESTACIÓN'),
	(935, 1045, 'EL PORVENIR - SANTA ROSA'),
	(936, 1045, 'EL ROBLE - LAS MAZAS'),
	(937, 1045, 'VICHICULÉN'),
	(938, 1046, 'LAS PEÑAS'),
	(939, 1047, 'SANTA TERESA SUR'),
	(940, 1048, 'ENRIQUE MEIGGS'),
	(941, 1047, 'SANTA TERESA'),
	(942, 1047, 'SANTA TERESA NORTE'),
	(943, 1049, 'LO CAMPO'),
	(944, 916, 'EL MIRADOR'),
	(945, 1050, 'EL ESCORIAL'),
	(946, 110, 'CALLE BRASIL'),
	(947, 1051, 'CALLE BRASIL'),
	(948, 1051, 'DIECIOCHO DE SEPTIEMBRE'),
	(949, 1051, 'EJERCITO LIBERTADOR'),
	(950, 1051, 'LA ORILLA'),
	(951, 1051, 'TABOLANGO PONIENTE'),
	(952, 1052, 'CALLE LARGA'),
	(953, 1052, 'CALLE VIEJA'),
	(954, 1052, 'LA CANCHA-MANANTIALES'),
	(955, 1052, 'LA PALMA'),
	(956, 1052, 'LAS CABRITAS'),
	(957, 1053, 'GRANALLA NORTE'),
	(958, 1028, 'CALLE BRUNA'),
	(959, 1028, 'CALLE ORTIZ'),
	(960, 1028, 'CALLEJÓN LO ARANDA'),
	(961, 1028, 'EL ARENAL'),
	(962, 1028, 'LAS COMPUERTAS'),
	(963, 1054, 'NOGALADA'),
	(964, 1054, 'POBLACIÓN HIDALGO'),
	(965, 1054, 'SAN JOSÉ DE PIGUCHÉN'),
	(966, 58, 'CASABLANCA'),
	(967, 1056, 'EL TÁRTARO'),
	(968, 1056, 'EL TÁRTARO SUR'),
	(969, 1057, 'LA ORILLA-CALLE NUEVA'),
	(970, 1058, 'LO VICUÑA'),
	(971, 1059, 'LOS PATOS'),
	(972, 1060, 'EL ZAINO'),
	(973, 1060, 'JAHUELITO'),
	(974, 1060, 'LO GALDÁMEZ-LA HIGUERA'),
	(975, 1060, 'SANTA FILOMENA-EL LLANO'),
	(976, 1060, 'TABOLANGO'),
	(977, 1061, 'CALLE DEL MEDIO'),
	(978, 130, 'LAS CABRAS'),
	(979, 1063, 'TOCORNAL'),
	(980, 1063, 'TOCORNAL ORIENTE'),
	(981, 111, 'EL TAMBO'),
	(982, 1064, 'LA RETUCA'),
	(983, 1065, 'EL MOLINO'),
	(984, 1065, 'EL PARRAO'),
	(985, 1065, 'LA JARILLA'),
	(986, 1065, 'LAS CANALES'),
	(987, 1065, 'LAS TRANCAS'),
	(988, 1065, 'LOS POZOS'),
	(989, 1065, 'QUEBRADA OLIVARES'),
	(990, 397, 'EL BOSQUE'),
	(991, 1067, 'LLIULLÍU'),
	(992, 1067, 'LLIULLÍU NORTE'),
	(993, 1067, 'LLIULLÍU SUR'),
	(994, 1068, 'LOS LEONES'),
	(995, 254, 'SANTA ROSA'),
	(996, 101, 'LAS CRUCES'),
	(997, 101, 'LAS CRUCES PONIENTE'),
	(998, 1070, 'LO GAMBOA'),
	(999, 298, 'LOS LAURELES'),
	(1000, 298, 'LOS LAURELES SUR'),
	(1001, 1071, 'LA VICTORIA'),
	(1002, 933, 'EMBALSE AROMOS'),
	(1003, 933, 'TABOLANGO'),
	(1004, 116, 'EL ROMERAL'),
	(1005, 116, 'LOS MANANTIALES'),
	(1006, 1043, 'LA LAJA'),
	(1007, 1043, 'LA PLANTA'),
	(1008, 1072, 'EL VENADO'),
	(1009, 1072, 'LO CORTÉS'),
	(1010, 1072, 'QUEBRADA ALVARADO'),
	(1011, 1073, 'EL ALMENDRAL'),
	(1012, 1073, 'JARILLA'),
	(1013, 1073, 'LA GRUTA'),
	(1014, 1073, 'MEDIA LUNA'),
	(1015, 1072, 'CAMPO DE DEPORTE'),
	(1016, 1072, 'EL MAQUI'),
	(1017, 1072, 'VENADO ALTO'),
	(1018, 1074, 'CHILE NUEVO'),
	(1019, 1075, 'LOS BOLDOS'),
	(1020, 934, 'EL PATAGUAL'),
	(1021, 1076, 'CAMINO LA COMPAÑÍA'),
	(1022, 1076, 'MOLINOS QUEMADOS'),
	(1023, 985, 'LA PALMA CHICA'),
	(1024, 985, 'LA PALMA GRANDE'),
	(1025, 985, 'VILLA GEOFRUT'),
	(1026, 1077, 'CAMINO LA COMPAÑÍA'),
	(1027, 1078, 'LOS MARCOS'),
	(1028, 1078, 'TUNICHE'),
	(1029, 518, 'EL CARMEN'),
	(1030, 1080, 'LA RAMIRANA'),
	(1031, 1081, 'LA GONZALINA'),
	(1032, 312, 'EL BOSQUE'),
	(1033, 312, 'MOLINO VIEJO'),
	(1034, 312, 'SAN RAMÓN-FLOR DEL VALLE'),
	(1035, 440, 'LA GLORIA'),
	(1036, 440, 'LOS MAITENES'),
	(1037, 440, 'VILLA DON SERGIO'),
	(1038, 1083, 'LAS CUATRO CASAS'),
	(1039, 119, 'LA GRANJA'),
	(1040, 119, 'LA LLAVERÍA'),
	(1041, 1084, 'BARRIO ALTO'),
	(1042, 1084, 'CALLEJÓN LOS CARRERA'),
	(1043, 1084, 'EL CERRILLO'),
	(1044, 1084, 'EL VILLORRIO'),
	(1045, 1084, 'LA CHICA'),
	(1046, 1084, 'LAS ROSAS'),
	(1047, 1084, 'SANTA AMELIA'),
	(1048, 1084, 'VILLA ÓSCAR CASTRO'),
	(1049, 518, 'HUILMAY'),
	(1050, 1081, 'VILLA LOS LAURELES'),
	(1051, 1078, 'TUNICHE NORTE'),
	(1052, 1078, 'TUNICHE SUR'),
	(1053, 1085, 'CALLEJONES'),
	(1054, 1085, 'CALLEJONES NORTE'),
	(1055, 1085, 'CALLEJONES SUR'),
	(1056, 1086, 'EL ARRAYÁN'),
	(1057, 1086, 'ISLA NORTE'),
	(1058, 1087, 'LA CANDELARIA'),
	(1059, 1088, 'LA BLANQUINA'),
	(1060, 1089, 'LA MORERA'),
	(1061, 1090, 'LAS DELICIAS'),
	(1062, 1091, 'CAMPO BUENO'),
	(1063, 1091, 'MEDIALUNA'),
	(1064, 1092, 'MIRAFLORES'),
	(1065, 1092, 'VILLA LOS ANDES'),
	(1066, 1093, 'SANTA TERESA DE TUNCA'),
	(1067, 1094, 'LA LEONERA BAJO'),
	(1068, 1094, 'SAN JOAQUÍN'),
	(1069, 1095, 'COPEQUÉN'),
	(1070, 1095, 'LA PUNTILLA'),
	(1071, 1096, 'CHIÑIHUE'),
	(1072, 1096, 'EL CAJÓN'),
	(1073, 1096, 'LA VEGA'),
	(1074, 1097, 'EL CRISTO'),
	(1075, 1097, 'LOS AJOS'),
	(1076, 457, 'EL RULO'),
	(1077, 457, 'EL RULO ORIENTE'),
	(1078, 457, 'EL RULO PONIENTE'),
	(1079, 457, 'MILLAHUE'),
	(1080, 126, 'COLTAUCO'),
	(1081, 1099, 'CAMINO VIEJO IDAHUE'),
	(1082, 1099, 'IDAHUE CARRETERA'),
	(1083, 1099, 'CUESTA IDAHUE'),
	(1084, 1099, 'CUESTA IDAHUE SUR'),
	(1085, 1099, 'IDAHUE SUR'),
	(1086, 1099, 'LA PAMPA'),
	(1087, 1099, 'IDAHUE'),
	(1088, 1099, 'IDAHUILLO'),
	(1089, 1099, 'RINCONADA DE IDAHUE'),
	(1090, 1100, 'LO ULLOA'),
	(1091, 339, 'PURÉN'),
	(1092, 1102, 'HIJUELA DEL MEDIO'),
	(1093, 1102, 'HIJUELA DEL MEDIO PONIENTE'),
	(1094, 1102, 'HIJUELA DEL MEDIO SUR'),
	(1095, 1102, 'VISTA HERMOSA'),
	(1096, 1103, 'CAMARICO'),
	(1097, 1103, 'LO DE CUEVAS'),
	(1098, 665, 'LOS BRONCES'),
	(1099, 1104, 'VIÑA LA CRUZ'),
	(1100, 963, 'MONTE GRANDE ARRIBA'),
	(1101, 963, 'MONTE GRANDE BAJO'),
	(1102, 963, 'MONTE GRANDE BAJO PONIENTE'),
	(1103, 1105, 'CANCHA EL ALMENDRO'),
	(1104, 125, 'CALIFORNIA'),
	(1105, 125, 'CALIFORNIA ORIENTE'),
	(1106, 125, 'CHUCHUNCO'),
	(1107, 1107, 'RINCONADA DE DOÑIHUE'),
	(1108, 128, 'JOSÉ ABELARDO NÚÑEZ'),
	(1109, 128, 'LO MIRANDA'),
	(1110, 128, 'PLAZUELA'),
	(1111, 128, 'VILLA EL ESFUERZO'),
	(1112, 128, 'LOS MARTÍNEZ'),
	(1113, 128, 'LOS PEUMOS'),
	(1114, 128, 'PEDRO DE MIRANDA'),
	(1115, 129, 'LA CABAÑA'),
	(1116, 412, 'SANTA MARGARITA'),
	(1117, 412, 'SANTA MARGARITA SUR'),
	(1118, 1108, 'NUEVOS CAMPOS'),
	(1119, 1109, 'CALLEJONES'),
	(1120, 1110, 'LOS ROMEROS'),
	(1121, 914, 'LA BALLICA'),
	(1122, 914, 'LOS GRANEROS'),
	(1123, 1111, 'CUARTA HIJUELA'),
	(1124, 1112, 'EL ARROZAL'),
	(1125, 1037, 'LOS CHINOS'),
	(1126, 1113, 'CABAÑA BLANCA'),
	(1127, 914, 'SANTA JULIA ARRIBA'),
	(1128, 518, 'CALLEJÓN SAN LUIS'),
	(1129, 518, 'VILLA EL FUTURO'),
	(1130, 1114, 'LAS BALSAS'),
	(1131, 1115, 'CAPELLANÍA'),
	(1132, 1115, 'LA GUAÑANGA'),
	(1133, 1115, 'LA LOMA'),
	(1134, 1115, 'LAS ÁNIMAS'),
	(1135, 1115, 'LLALLAUQUÉN'),
	(1136, 1116, 'CARDALILLO'),
	(1137, 1116, 'EL ÁLAMO LAGO'),
	(1138, 1116, 'EL ESTERO'),
	(1139, 1116, 'EL ESTERO ALTO'),
	(1140, 1116, 'EL ESTERO CENTRO'),
	(1141, 1116, 'EL ESTERO ORIENTE'),
	(1142, 1116, 'LA PUNTILLA'),
	(1143, 1116, 'LA PUNTILLA PONIENTE'),
	(1144, 1116, 'MARINA GOLF'),
	(1145, 131, 'EL DIVISADERO'),
	(1146, 131, 'PUNTA ARENAS'),
	(1147, 1117, 'COCALÁN'),
	(1148, 1118, 'LOS SILOS'),
	(1149, 1118, 'QUILICURA'),
	(1150, 1118, 'RABICANA'),
	(1151, 1118, 'SANTA REBECA'),
	(1152, 1119, 'LA CEBADA'),
	(1153, 1120, 'EL PINO'),
	(1154, 1120, 'SANTA CLARISA'),
	(1155, 1121, 'EL PARRAL'),
	(1156, 1121, 'EL PARRAL SUR'),
	(1157, 1121, 'SANTA INÉS-SANTA CLARISA'),
	(1158, 1122, 'QUILAMUTA'),
	(1159, 1123, 'LOS RUMBOS'),
	(1160, 1123, 'VALDEBENITO ARRIBA'),
	(1161, 1123, 'VALDEVENITO ABAJO'),
	(1162, 1124, 'LOS QUILLAYES'),
	(1163, 1125, 'LAS QUISCAS'),
	(1164, 1126, 'EL DURAZNO CHICO'),
	(1165, 131, 'LAS LOMITAS'),
	(1166, 1127, 'CALLEJÓN SAN LUIS'),
	(1167, 1127, 'LLAVERÍA'),
	(1168, 1127, 'PUENTE ALTO'),
	(1169, 1128, 'BARRANCAS'),
	(1170, 1129, 'LOS AROMOS'),
	(1171, 1117, 'SAN JOSÉ DE COCALÁN'),
	(1172, 427, 'SAN JOAQUÍN DE LOS MAYOS'),
	(1173, 1131, 'CHAPA VERDE'),
	(1174, 1132, 'PANGAL'),
	(1175, 1133, 'SIFÓN DEL GRINGO'),
	(1176, 1133, 'TERMAS DE CAUQUENES'),
	(1177, 1134, 'SAL SI PUEDES'),
	(1178, 532, 'PORTEZUELO'),
	(1179, 1136, 'SAN LUIS'),
	(1180, 134, 'LA ENSENADA'),
	(1181, 134, 'SANTA INÉS'),
	(1182, 1137, 'PUNTILLA DE PANQUEHUE'),
	(1183, 1138, 'CARACOLES'),
	(1184, 109, 'PANQUEHUE'),
	(1185, 88, 'EL ATAJO'),
	(1186, 88, 'PUNTILLA SAN PEDRO'),
	(1187, 1140, 'CANTARRANA'),
	(1188, 1141, 'CORCOLÉN'),
	(1189, 1140, 'CANTARRANA NORTE'),
	(1190, 1142, 'CUENCA'),
	(1191, 1143, 'LOS MAQUIS'),
	(1192, 1144, 'CALLEJÓN EL PERAL'),
	(1193, 1144, 'LA CAPILLA'),
	(1194, 1144, 'LIMAHUE'),
	(1195, 1144, 'LIMAHUE PUENTE NORTE'),
	(1196, 1144, 'LIMAHUE PUENTE ORIENTE'),
	(1197, 1144, 'LIMAHUE PUENTE SUR'),
	(1198, 1145, 'PELEQUÉN VIEJO'),
	(1199, 1146, 'LONGITUDINAL ANTIGUO'),
	(1200, 138, 'RÍO PEUCO'),
	(1201, 689, 'EL ARRAYÁN'),
	(1202, 1147, 'EL ROBLE'),
	(1203, 137, 'LA PUNTA'),
	(1204, 1148, 'CUESTA CHADA'),
	(1205, 1148, 'O\'HIGGINS DE PILAI'),
	(1206, 1149, 'PEUCO'),
	(1207, 1150, 'PICARQUÍN'),
	(1208, 1151, 'PILAICITO'),
	(1209, 1047, 'CAMINO A SANTA TERESA'),
	(1210, 139, 'CAMINO A TERMAS'),
	(1211, 139, 'SIETE PUENTES'),
	(1212, 140, 'EL MOLINO'),
	(1213, 140, 'LA ISLA'),
	(1214, 140, 'CUREPTO'),
	(1215, 140, 'EL BAJO'),
	(1216, 140, 'LA HACIENDA'),
	(1217, 141, 'CALLE ANGOSTA'),
	(1218, 141, 'LOS CRUCEROS'),
	(1219, 141, 'OLIVAR BAJO'),
	(1220, 143, 'CEMENTERIO'),
	(1221, 1152, 'CACHAPOAL'),
	(1222, 1152, 'CONCHA Y TORO'),
	(1223, 144, 'CODAO CERRO'),
	(1224, 144, 'EL ESFUERZO'),
	(1225, 144, 'ROSARIO CERRO'),
	(1226, 144, 'SANTA ELENA'),
	(1227, 1153, 'EL MIRADOR'),
	(1228, 1154, 'LA TORINA'),
	(1229, 1155, 'LOS ROMOS'),
	(1230, 1156, 'PADRE HURTADO'),
	(1231, 1157, 'LARMAHUE'),
	(1232, 1158, 'LO ARGENTINA'),
	(1233, 1156, 'CALLEJÓN ALAMIRO LAGOS'),
	(1234, 1156, 'MAL PASO DE LARMAHUE'),
	(1235, 1159, 'LO AHUMADA'),
	(1236, 1159, 'PORTEZUELO DE LARMAHUE'),
	(1237, 1160, 'CASAS VIEJAS'),
	(1238, 1161, 'CAMINO AL CERRO'),
	(1239, 1161, 'EL SALTO'),
	(1240, 1161, 'LA PUNTILLA'),
	(1241, 1162, 'LA CAPILLA'),
	(1242, 1162, 'SANTA AMELIA'),
	(1243, 1163, 'EL TOCO'),
	(1244, 1163, 'EL TOCO NORTE'),
	(1245, 1164, 'SAN LUIS'),
	(1246, 1165, 'LAS JUNTAS'),
	(1247, 1166, 'SAN JOSÉ DE MARCHIHUE'),
	(1248, 631, 'EL CALEUCHE'),
	(1249, 1167, 'CAMARONES'),
	(1250, 1167, 'EL ASTA NORTE'),
	(1251, 1167, 'EL ASTA SUR'),
	(1252, 1167, 'SAN ROBERTO'),
	(1253, 968, 'MONTE CHICO'),
	(1254, 149, 'MILLARAY'),
	(1255, 1168, 'GUACARHUE'),
	(1256, 1168, 'LAS PALMAS DE ADENTRO'),
	(1257, 1168, 'LAS PALMAS DE ARRIBA'),
	(1258, 1169, 'LA ESTACADA'),
	(1259, 70, 'EL CERRITO DE RINCONADA'),
	(1260, 1171, 'ALTO DEL RÍO'),
	(1261, 1172, 'EL PANTEÓN DE LOS VIVOS'),
	(1262, 1172, 'PUENTE ALTA'),
	(1263, 1171, 'UVA BLANCA'),
	(1264, 672, 'CARRIZAL'),
	(1265, 672, 'CARRIZAL NORTE'),
	(1266, 672, 'CARRIZAL ORIENTE'),
	(1267, 672, 'CARRIZAL SUR'),
	(1268, 1173, 'LA ESTACADA DE ABAJO'),
	(1269, 1174, 'CÓBIL ABAJO'),
	(1270, 1174, 'VILLA DEL CÓBIL'),
	(1271, 1175, 'EL BOSQUE'),
	(1272, 1175, 'POBLACIÓN LAS ROSAS'),
	(1273, 1176, 'LO CARTAGENA'),
	(1274, 1177, 'VILLA LAS HOJAS'),
	(1275, 48, 'LA CHIMBA'),
	(1276, 1179, 'RINCONADA DE MALAMBO'),
	(1277, 1180, 'EL PERUANO'),
	(1278, 1181, 'EL MOLINO'),
	(1279, 1182, 'POBLACIÓN LAS NIEVES'),
	(1280, 1183, 'POPETA'),
	(1281, 1183, 'POPETA ABAJO'),
	(1282, 1183, 'POPETA PUENTE NEGRO'),
	(1283, 394, 'CERRILLOS'),
	(1284, 394, 'RINCONADA CERRILLOS ABAJO'),
	(1285, 1185, 'CALLEJÓN VITAL'),
	(1286, 1185, 'CHANQUEAHUE'),
	(1287, 1186, 'EL TREBAL HUILQUÍO'),
	(1288, 113, 'EL LLANO'),
	(1289, 924, 'PORTEZUELO'),
	(1290, 1188, 'CALLEJÓN LA GLORIA'),
	(1291, 1188, 'CALLEJÓN LA GLORIA NORTE'),
	(1292, 1188, 'CHUCHUNCO'),
	(1293, 1188, 'LO DE LOBO'),
	(1294, 1188, 'NARANJO AGRIO'),
	(1295, 1188, 'PATRIA JOVEN'),
	(1296, 1189, 'EL DELIRIO'),
	(1297, 1190, 'SAN JORGE'),
	(1298, 997, 'EL RETIRO'),
	(1299, 1191, 'LOS CHOAPINOS'),
	(1300, 1192, 'LOS GOMEROS'),
	(1301, 1192, 'NUEVOS CAMPOS'),
	(1302, 1193, 'PUEBLO HUNDIDO'),
	(1303, 152, 'ESMERALDA NORTE'),
	(1304, 1194, 'SAL SI PUEDES ORIENTE'),
	(1305, 1175, 'LAS ROSAS'),
	(1306, 154, 'EL ABRA'),
	(1307, 1195, 'SANTA LUCILA'),
	(1308, 1196, 'EL ABRA'),
	(1309, 909, 'VILLA MARÍA'),
	(1310, 412, 'SANTA LEONOR'),
	(1311, 1197, 'EL VATICANO'),
	(1312, 153, 'LA GLORIA'),
	(1313, 153, 'LOS LIRIOS'),
	(1314, 1198, 'EL MOLINO VIEJO'),
	(1315, 1198, 'SAN JOSÉ'),
	(1316, 1199, 'LA TURBINA'),
	(1317, 1199, 'LAS HORMIGAS'),
	(1318, 1199, 'TOTIHUE ORIENTE'),
	(1319, 1200, 'EL QUILLAY'),
	(1320, 1201, 'LO HERMÓGENES'),
	(1321, 1075, 'LOS CASTAÑOS'),
	(1322, 1202, 'HALCONES DE PIMPINELA'),
	(1323, 1202, 'LAS CUATRO CASAS'),
	(1324, 1202, 'PIMPINELA'),
	(1325, 899, 'CANTARRANA'),
	(1326, 899, 'CARRIZAL'),
	(1327, 156, 'EL TOPE'),
	(1328, 156, 'GERMÁN RIESCO ABAJO'),
	(1329, 158, 'LOS ALTILLOS DE REQUEGUA'),
	(1330, 1203, 'EL CARDAL'),
	(1331, 1203, 'LAS PALMAS'),
	(1332, 1204, 'BELLAVISTA'),
	(1333, 1204, 'CAMINO AL NARANJAL'),
	(1334, 1204, 'EL NARANJAL NORTE'),
	(1335, 1204, 'EL NARANJAL SUR'),
	(1336, 44, 'LA PATAGUA'),
	(1337, 44, 'LA PLATINA'),
	(1338, 156, 'SAN JOSÉ DE PUMAITÉN'),
	(1339, 156, 'SANTA TERESA'),
	(1340, 1205, 'CUCHIPUY'),
	(1341, 1205, 'CUCHIPUY PONIENTE'),
	(1342, 1206, 'LOS MAYOS'),
	(1343, 1206, 'LOS MAYOS ARRIBA'),
	(1344, 70, 'EL LLANO'),
	(1345, 70, 'RINCONADA'),
	(1346, 1207, 'SAN JOSÉ DE PATAGUAS'),
	(1347, 1207, 'SAN JOSÉ DE PATAGUAS ORIENTE'),
	(1348, 1208, 'EL INCA'),
	(1349, 900, 'CAMINO AL CERRO'),
	(1350, 1209, 'SAN GERARDO'),
	(1351, 1210, 'LAS VIÑAS'),
	(1352, 1210, 'TAGUA TAGUA'),
	(1353, 1211, 'EL NICHE ABAJO'),
	(1354, 1099, 'IDAHUE NORTE'),
	(1355, 1212, 'LA LAGUNA'),
	(1356, 1212, 'SANTA INÉS'),
	(1357, 1213, 'MILLAHUE'),
	(1358, 1213, 'MILLAHUE PONIENTE'),
	(1359, 1214, 'LA ORILLA DE PENCAHUE'),
	(1360, 1215, 'PENCAHUE ABAJO'),
	(1361, 1216, 'CALLE MENA'),
	(1362, 1216, 'CALLE NUEVA'),
	(1363, 1217, 'TUNCA ABAJO'),
	(1364, 1218, 'TUNCA EL CRISTO'),
	(1365, 1219, 'TUNCA ARRIBA'),
	(1366, 1220, 'TUNCA EL MEDIO'),
	(1367, 1221, 'TUNCA EL MOLINO'),
	(1368, 1222, 'CERRO TOQUIGUA'),
	(1369, 1222, 'LAS PIEDRAS'),
	(1370, 1222, 'TOQUIGUA'),
	(1371, 1223, 'CAMPO DE DEPORTES'),
	(1372, 1223, 'LAS PIEDRAS'),
	(1373, 131, 'EL MANZANO DE ZÚÑIGA'),
	(1374, 131, 'VILLA EL ESFUERZO'),
	(1375, 1169, 'LA ESTACADA ABAJO'),
	(1376, 1169, 'LA ESTACADA CERRO'),
	(1377, 211, 'PUNTA DEL VIENTO'),
	(1378, 211, 'ROMERAL'),
	(1379, 211, 'ROMERAL DE ZÚÑIGA'),
	(1380, 1225, 'BUENOS AIRES'),
	(1381, 1226, 'CÁHUIL'),
	(1382, 1227, 'LA VILLA'),
	(1383, 159, 'CATRIANCA'),
	(1384, 159, 'LOS CURICANOS'),
	(1385, 159, 'PUNTA DE LOBOS'),
	(1386, 1228, 'EL CAJÓN'),
	(1387, 1229, 'ESTERO SECO'),
	(1388, 1230, 'LOS PASILLOS'),
	(1389, 1231, 'PATAGÜILLA'),
	(1390, 1232, 'QUEBRADA LA VIRGEN'),
	(1391, 1233, 'COIPUÉ'),
	(1392, 1234, 'GUADALAO'),
	(1393, 1235, 'LAS CHACRAS'),
	(1394, 66, 'SAN RAFAEL'),
	(1395, 1236, 'LOS GUINDOS'),
	(1396, 1237, 'SAN MIGUEL DE LOS LLANOS'),
	(1397, 1238, 'LAS DAMAS'),
	(1398, 1239, 'TRIGO VIEJO'),
	(1399, 1240, 'RANQUILCO'),
	(1400, 1241, 'VILLA PASO DEL SOLDADO'),
	(1401, 1242, 'PUERTECILLO'),
	(1402, 1243, 'CENTRAL RAPEL ALTO'),
	(1403, 1244, 'EL NARANJO'),
	(1404, 1244, 'EL SAUCE'),
	(1405, 1244, 'PADRE HURTADO'),
	(1406, 162, 'MARCHANT'),
	(1407, 162, 'YERBAS BUENAS'),
	(1408, 1245, 'VILUCO'),
	(1409, 1246, 'TRINIDAD'),
	(1410, 1247, 'LAS GARZAS'),
	(1411, 1247, 'LAS GARZAS PONIENTE'),
	(1412, 1247, 'PAILIMO NORTE'),
	(1413, 163, 'ALCONES'),
	(1414, 163, 'LAS PILASTRAS'),
	(1415, 1248, 'LA PITRA'),
	(1416, 1248, 'LA QUEBRADA'),
	(1417, 899, 'LA VIÑILLA'),
	(1418, 847, 'EL PERAL'),
	(1419, 847, 'LA PULPERÍA'),
	(1420, 847, 'PIUCHÉN'),
	(1421, 1249, 'RISCO COLORADO'),
	(1422, 1250, 'SAN VICENTE DE PUCALÁN'),
	(1423, 1251, 'LA AGUADA'),
	(1424, 1252, 'LICANCHEU ABAJO'),
	(1425, 1252, 'LICANCHEU ALTO'),
	(1426, 1252, 'LICANCHEU ARRIBA'),
	(1427, 1252, 'LOS MOTORES'),
	(1428, 1252, 'VISTA HERMOSA'),
	(1429, 1253, 'EL BAJÍO'),
	(1430, 1254, 'LA BOCA'),
	(1431, 1255, 'CENTINELA DE MATANZAS'),
	(1432, 1256, 'LAS BRISAS'),
	(1433, 1256, 'NAVIDAD'),
	(1434, 1257, 'LA VEGA DE PUPUYA'),
	(1435, 1255, 'MATANZAS'),
	(1436, 1258, 'PUPUYA SUR'),
	(1437, 1259, 'VALLE NEGRO'),
	(1438, 1260, 'CHORRILLO'),
	(1439, 1261, 'TUMÁN'),
	(1440, 1262, 'ALTO LOS URZÚA'),
	(1441, 1262, 'EL CASUTO'),
	(1442, 1262, 'EL CASUTO ALTO'),
	(1443, 1262, 'LA POBLACIÓN'),
	(1444, 1262, 'QUEBRADA LOS GUINDOS'),
	(1445, 1262, 'QUEBRADA LOS VALENZUELA'),
	(1446, 1262, 'VILLA SAN MARTÍN'),
	(1447, 1263, 'LA QUESERÍA'),
	(1448, 1264, 'PANILONGO'),
	(1449, 1265, 'SAN FRANCISCO DE LA PALMA'),
	(1450, 1266, 'EL PERAL'),
	(1451, 1267, 'RINCÓN DE BOYERUCA'),
	(1452, 1268, 'EL CALVARIO'),
	(1453, 1269, 'EL POTRERO'),
	(1454, 1269, 'RINCÓN DEL POTRERO SUR'),
	(1455, 1270, 'QUERELEMA'),
	(1456, 1271, 'CUTEMU'),
	(1457, 1271, 'QUEBRADA DE LOS POBLETE'),
	(1458, 1272, 'LAS PAPAS'),
	(1459, 1273, 'CALLEJÓN DE LOS ROMEROS'),
	(1460, 1273, 'QUEBRADA LOS CARO'),
	(1461, 1273, 'QUEBRADA LOS ORTIZ'),
	(1462, 1274, 'QUEBRADA DE LOS BARROS'),
	(1463, 1274, 'SAN PEDRO DE ALCÁNTARA'),
	(1464, 1275, 'MIRAFLORES'),
	(1465, 1276, 'EL CARMEN'),
	(1466, 1276, 'SAN ERNESTO NORTE'),
	(1467, 1276, 'SAN ERNESTO SUR'),
	(1468, 1277, 'ROMA DE SAN JOSÉ DE LOS LINGUES'),
	(1469, 1277, 'SAN JOSÉ DE LOS LINGUES'),
	(1470, 1278, 'LAS ROSAS DE ANTIVERO'),
	(1471, 1279, 'ARBOLEDA DE PEDEHUE'),
	(1472, 1279, 'POBLACIÓN PEDEHUE'),
	(1473, 1280, 'TALCAREHUE'),
	(1474, 1280, 'TALCAREHUE SUR'),
	(1475, 167, 'PUEBLO HUNDIDO'),
	(1476, 1281, 'SIERRAS DE BELLAVISTA'),
	(1477, 165, 'LA RAMADA'),
	(1478, 165, 'LOS HUERTOS'),
	(1479, 1282, 'EL CUADRO'),
	(1480, 1282, 'SAN RAMÓN'),
	(1481, 1283, 'LA MINA'),
	(1482, 985, 'LA PALMA'),
	(1483, 1284, 'EL ALBA'),
	(1484, 1284, 'LAS ARAÑAS'),
	(1485, 1284, 'LAS CHIRIGUAS'),
	(1486, 1285, 'LIMA'),
	(1487, 1286, 'UVA BLANCA NORTE'),
	(1488, 1286, 'UVA BLANCA PONIENTE'),
	(1489, 1286, 'UVA BLANCA SUR'),
	(1490, 1037, 'BOLDOMAHUIDA'),
	(1491, 1287, 'PAREDONES DE AUQUINCO'),
	(1492, 1288, 'EL ALMENDRAL'),
	(1493, 1289, 'LA RUDA'),
	(1494, 1290, 'LAS ALAMEDAS'),
	(1495, 1291, 'EL ZAPAL'),
	(1496, 1292, 'RINCONADA DE JÁUREGUI'),
	(1497, 1292, 'RINCONADA DE MENESES NORTE'),
	(1498, 1292, 'RINCONADA DE NAVARRO'),
	(1499, 1293, 'CASA AZUL'),
	(1500, 1294, 'LOS PRETILES'),
	(1501, 1020, 'SAN ENRIQUE DE ROMERAL'),
	(1502, 1295, 'SAN JUAN DE LA SIERRA-SAN ANTONIO'),
	(1503, 1296, 'EL CEDRONAL'),
	(1504, 1296, 'SANTA VALENTINA'),
	(1505, 1296, 'VILLA DOS MIL'),
	(1506, 1296, 'VILLA SANTA ISABEL'),
	(1507, 1297, 'TIERRA BLANCA'),
	(1508, 121, 'CODEGUA'),
	(1509, 121, 'LA PUNTILLA'),
	(1510, 1299, 'AITUE'),
	(1511, 1300, 'EL RINCÓN'),
	(1512, 1300, 'LA PLATINA'),
	(1513, 1300, 'PEOR ES NADA'),
	(1514, 1300, 'PORVENIR LA PLATINA'),
	(1515, 1300, 'PUENTE LA CABRA'),
	(1516, 1300, 'VILLA ALBORADA'),
	(1517, 1301, 'LA LUCANA'),
	(1518, 1301, 'VILLA NUEVO MILENIO'),
	(1519, 1302, 'SANTA MARTA'),
	(1520, 1303, 'LOS PARRONES'),
	(1521, 1304, 'SAN JOSÉ DE LO TORO'),
	(1522, 228, 'SAN JAVIER'),
	(1523, 1295, 'LA CARLINA'),
	(1524, 1295, 'VILLA EL CARMEN'),
	(1525, 171, 'LOS ARENEROS'),
	(1526, 171, 'SAN ALEJANDRO'),
	(1527, 1306, 'QUICHARCO'),
	(1528, 1295, 'VILLA LA ESTRELLA'),
	(1529, 1307, 'LA CHIPANA HUEMUL'),
	(1530, 1307, 'LA GATERA'),
	(1531, 652, 'LA VEGA PONIENTE'),
	(1532, 1308, 'EL ESFUERZO'),
	(1533, 1308, 'NILAHUE ALTO'),
	(1534, 1308, 'NILAHUE ALTO SUR'),
	(1535, 1308, 'NILAHUE ARRIBA'),
	(1536, 1309, 'LOS HORNOS'),
	(1537, 1309, 'PUNTA DE LA PIEDRA'),
	(1538, 1310, 'RINCONADA DE QUIAHUE'),
	(1539, 1311, 'VILLA MANUEL LARRAÍN'),
	(1540, 1312, 'EL BUCHE ORIENTE'),
	(1541, 1312, 'EL BUCHE PONIENTE'),
	(1542, 1312, 'NERQUIHUE ORIENTE'),
	(1543, 1312, 'NERQUIHUE PONIENTE'),
	(1544, 1309, 'LA PRADERA'),
	(1545, 1015, 'EL MEMBRILLO SUR'),
	(1546, 705, 'LA PUNTILLA'),
	(1547, 1313, 'LOS TRICAHUES NORTE'),
	(1548, 1313, 'LOS TRICAHUES SUR'),
	(1549, 1314, 'LOS YUYOS'),
	(1550, 1315, 'LOS MONTECILLOS'),
	(1551, 1316, 'RÁNGUIL'),
	(1552, 1317, 'SANTA TERESA DE QUIAHUE'),
	(1553, 1317, 'SANTA TERESA DE QUIAHUE NORTE'),
	(1554, 1318, 'LA ORILLA'),
	(1555, 1319, 'PUCUDEGUA'),
	(1556, 1320, 'YÁQUIL CENTRO'),
	(1557, 1321, 'CHACARILLA'),
	(1558, 1321, 'LA CARRETERA'),
	(1559, 1322, 'CALLEJONES DEL RÍO'),
	(1560, 1323, 'LAS CANTERAS'),
	(1561, 1323, 'PUQUILLAY ALTO'),
	(1562, 1324, 'EL LLANO'),
	(1563, 1325, 'PUQUILLAY BAJO'),
	(1564, 1325, 'PURÍSIMA'),
	(1565, 176, 'ANA LUISA'),
	(1566, 1326, 'LO MALDONADO'),
	(1567, 538, 'SAN GREGORIO'),
	(1568, 1328, 'SANTA ELVIRA'),
	(1569, 1329, 'TIERRA CHILENA'),
	(1570, 1330, 'TODOS LOS SANTOS'),
	(1571, 177, 'CANTARRANA'),
	(1572, 177, 'VILLA NUEVO AMANECER'),
	(1573, 1331, 'EL TAMBO'),
	(1574, 1332, 'COLCHAGUA ORIENTE'),
	(1575, 1332, 'COLCHAGUA PONIENTE'),
	(1576, 1333, 'LA ENGORDA'),
	(1577, 1334, 'LIHUEIMO'),
	(1578, 1335, 'NENQUÉN'),
	(1579, 1336, 'PUPILLA'),
	(1580, 1337, 'AGUA SANTA'),
	(1581, 1338, 'EL CRUCERO'),
	(1582, 1338, 'VILLA EL CRUCERO'),
	(1583, 1339, 'ARBOLEDA'),
	(1584, 73, 'VALLE HERMOSO'),
	(1585, 1340, 'LAS GARZAS'),
	(1586, 1341, 'LAS MAJADAS'),
	(1587, 1336, 'EL MILÁN PUPILLA'),
	(1588, 1342, 'RINCONADA DE PALMILLA'),
	(1589, 1343, 'LOS OLMOS'),
	(1590, 1344, 'SAN FRANCISCO DEL HUIQUE'),
	(1591, 1345, 'SANTA IRENE-SANTA MATILDE'),
	(1592, 1346, 'TALHUÉN'),
	(1593, 1347, 'CALLEUQUE'),
	(1594, 1334, 'SAN JAVIER DE LIHUEIMO'),
	(1595, 1348, 'VEINTIUNO DE MAYO'),
	(1596, 180, 'EL OLIVAR'),
	(1597, 1349, 'RINCONADA DE PERALILLO'),
	(1598, 1350, 'LA BOMBA'),
	(1599, 179, 'EL CORTIJO'),
	(1600, 179, 'VILLA EL CORTIJO'),
	(1601, 1351, 'LOS LEONES'),
	(1602, 1351, 'LOS VASCOS'),
	(1603, 1351, 'SAN DIEGO'),
	(1604, 1347, 'SANTA BLANCA'),
	(1605, 1352, 'EL BARCO'),
	(1606, 1353, 'LA VIROCA'),
	(1607, 1353, 'LOS CARDOS'),
	(1608, 1354, 'VILLA HABITAT PARA LA HUMANIDAD'),
	(1609, 1355, 'RINCÓN LOS CÁCERES'),
	(1610, 1355, 'RINCÓN LOS MAYOS'),
	(1611, 1355, 'RINCONADA DE MOLINEROS'),
	(1612, 1355, 'VILLA AMANECER'),
	(1613, 509, 'ARICA'),
	(1614, 191, 'CHACARILLAS'),
	(1615, 1358, 'EL CASTAÑO'),
	(1616, 1358, 'TAULEMU'),
	(1617, 230, 'VILLA ALEGRE'),
	(1618, 1360, 'LO MOSCOSO'),
	(1619, 1360, 'LO MOSCOSO PONIENTE'),
	(1620, 1360, 'VILLA SAN IGNACIO'),
	(1621, 1361, 'CAMINO A LA MINA'),
	(1622, 1361, 'LA TUNA'),
	(1623, 1361, 'LA TUNA ORIENTE'),
	(1624, 1362, 'RINCONADA DE MANANTIALES'),
	(1625, 1362, 'SAN PEDRO'),
	(1626, 1363, 'SAN JOSÉ DE PEÑUELAS'),
	(1627, 1363, 'SAN JOSÉ DE PEÑUELAS PONIENTE'),
	(1628, 1364, 'LA DEHESA ABAJO'),
	(1629, 1364, 'LAS CANCHILLAS'),
	(1630, 1358, 'EL PORVENIR'),
	(1631, 909, 'RINCÓN LOS PERALES'),
	(1632, 1365, 'LA POBLACIÓN'),
	(1633, 1365, 'PUMANQUE'),
	(1634, 1366, 'MATA REDONDA'),
	(1635, 1354, 'MOLINEROS'),
	(1636, 1367, 'NILAHUE CORNEJO'),
	(1637, 1368, 'PEÑA BLANCA'),
	(1638, 1369, 'CHOMEDAHUE'),
	(1639, 1369, 'LA GRANJA'),
	(1640, 1370, 'LA GRANJA'),
	(1641, 1370, 'QUINAHUE'),
	(1642, 1371, 'CAPELLANÍA'),
	(1643, 1372, 'CAMINO A CUNACO'),
	(1644, 1373, 'ISLA DEL GUINDO'),
	(1645, 1374, 'EL BOLDAL'),
	(1646, 1375, 'CUESTA DE LA LAJUELA'),
	(1647, 1375, 'LA LAJUELA ORIENTE'),
	(1648, 1375, 'LA LAJUELA PONIENTE'),
	(1649, 1375, 'LA MINA'),
	(1650, 1376, 'LA FUENTE'),
	(1651, 1376, 'LA PATAGUA'),
	(1652, 1377, 'LA PATAGÜILLA'),
	(1653, 1377, 'POBLACIÓN SAN VICENTE DE PAUL'),
	(1654, 1375, 'CRUCE DE PANAMÁ'),
	(1655, 900, 'EL PERAL ORIENTE'),
	(1656, 900, 'VILLA NUEVO HORIZONTE'),
	(1657, 1378, 'CRUCE DE PANAMÁ'),
	(1658, 1378, 'LAGUNILLAS'),
	(1659, 1378, 'RINCÓN PANAMÁ'),
	(1660, 1379, 'QUEBRADA DE YÁQUIL'),
	(1661, 1379, 'RINCÓN DE YÁQUIL'),
	(1662, 1320, 'ASENTAMIENTO YÁQUIL'),
	(1663, 1320, 'CAMINO A LA MINA'),
	(1664, 1320, 'LOS CORRALONES'),
	(1665, 1320, 'SALTO DE AGUA'),
	(1666, 1320, 'VILLA PADRE HURTADO'),
	(1667, 1380, 'ISLA DE YÁQUIL-LA VILLA'),
	(1668, 1380, 'LA FINCA'),
	(1669, 1075, 'CALLEJÓN LAS ROSAS NORTE'),
	(1670, 1075, 'CALLEJÓN LAS ROSAS SUR'),
	(1671, 1381, 'LAS VIRGINIAS'),
	(1672, 1326, 'CALLEJÓN LO MALDONADO'),
	(1673, 1326, 'SANTA ELVIRA'),
	(1674, 1382, 'EL CÓNDOR'),
	(1675, 1382, 'MILLAHUE'),
	(1676, 1382, 'SAN JOSÉ DE APALTA'),
	(1677, 1382, 'VILLA EL CÓNDOR'),
	(1678, 1382, 'VIÑA APALTA'),
	(1679, 1372, 'CAMINO AL GUINDO'),
	(1680, 1383, 'BUENA VISTA'),
	(1681, 1383, 'BUENA VISTA SUR'),
	(1682, 182, 'SANTA CORINA'),
	(1683, 182, 'VILLA ILLINOIS'),
	(1684, 1384, 'ALTO LIRCAY'),
	(1685, 1385, 'RAMADILLA DE LIRCAY'),
	(1686, 1385, 'SAN ANTONIO ORIENTE'),
	(1687, 1385, 'SAN ANTONIO PONIENTE'),
	(1688, 1045, 'EL PORVENIR'),
	(1689, 183, 'HUILQUILEMU'),
	(1690, 1386, 'PALMIRA ALTO'),
	(1691, 1387, 'VICTORIA ORIENTE'),
	(1692, 1388, 'EL ORIENTE'),
	(1693, 1389, 'PURÍSIMA'),
	(1694, 1389, 'PURÍSIMA ORIENTE'),
	(1695, 1389, 'PURÍSIMA SUR'),
	(1696, 1389, 'RANQUIMILI'),
	(1697, 1390, 'PANGALILLO'),
	(1698, 1390, 'PANGALILLO SUR'),
	(1699, 1391, 'VIÑALES'),
	(1700, 1392, 'LOS CASTAÑOS'),
	(1701, 1390, 'VILLA LAS BRISAS'),
	(1702, 1393, 'EL CIPRÉS'),
	(1703, 1393, 'LA RUEDA'),
	(1704, 1393, 'LOS CULENES'),
	(1705, 1393, 'LOS TREGUILES'),
	(1706, 1393, 'PUERTAS VERDES'),
	(1707, 312, 'LAS PITRAS'),
	(1708, 312, 'LO VERGARA'),
	(1709, 312, 'SAN RAMÓN SUR'),
	(1710, 312, 'VILLA ADORACIÓN'),
	(1711, 312, 'VILLA LAS RAÍCES'),
	(1712, 1394, 'CHANQUIUQUE'),
	(1713, 1395, 'DOLLIMO'),
	(1714, 1396, 'JUNQUILLAR'),
	(1715, 1397, 'MAROMILLAS'),
	(1716, 260, 'CAÑETE'),
	(1717, 1399, 'CARRIZALILLO'),
	(1718, 1400, 'CORRALES'),
	(1719, 1401, 'LOS PEUMOS'),
	(1720, 1402, 'EL HUILLÍN'),
	(1721, 1402, 'PASO OSCURO'),
	(1722, 1403, 'LAS CORRIENTES'),
	(1723, 70, 'ALTO EL TORO'),
	(1724, 70, 'ALTO LA VIÑA'),
	(1725, 70, 'BAJO LA VIÑA'),
	(1726, 70, 'EL PEDREGAL'),
	(1727, 70, 'MURO BLANCO'),
	(1728, 1404, 'SANTA OLGA'),
	(1729, 752, 'EL LITRE'),
	(1730, 752, 'LAS ARENITAS'),
	(1731, 611, 'ALTO QUEBRADA HONDA'),
	(1732, 611, 'VUELTA LOS GALAZ'),
	(1733, 88, 'CALABOZO'),
	(1734, 1405, 'CALPÚN'),
	(1735, 1405, 'RINCÓN DE CALPÚN'),
	(1736, 1406, 'EL RODEO'),
	(1737, 1407, 'GUALLECO'),
	(1738, 1408, 'DEUCA'),
	(1739, 960, 'HUAQUÉN'),
	(1740, 1409, 'LIMÁVIDA'),
	(1741, 1410, 'LOS LAURELES'),
	(1742, 1410, 'LOS PELLINES DOS'),
	(1743, 1318, 'VILLA EMANUEL'),
	(1744, 1411, 'PUEBLECILLO'),
	(1745, 1412, 'POBLACIÓN LAS BRISAS DEL MAULE'),
	(1746, 1413, 'CAMINO A QUERQUEL'),
	(1747, 1413, 'COLÍN'),
	(1748, 1413, 'LOS MAITENES'),
	(1749, 1413, 'SANTA CLARA'),
	(1750, 1413, 'VILLA LA GRANJA'),
	(1751, 1414, 'VILLA NUMPAY'),
	(1752, 1415, 'LA PRIMERA DE UNIHUE'),
	(1753, 1415, 'CALLEJÓN UNIHUE'),
	(1754, 1416, 'LAS MERCEDES'),
	(1755, 1416, 'POBLACIÓN LA ESTRELLA'),
	(1756, 1416, 'VILLA DUAO'),
	(1757, 1416, 'VILLA LOS DIECISIETE'),
	(1758, 1417, 'EL FUERTE'),
	(1759, 1417, 'EL GUINDO'),
	(1760, 1418, 'TRES ESQUINAS'),
	(1761, 1419, 'EL CANELO'),
	(1762, 1420, 'NUEVO AMANECER'),
	(1763, 1420, 'VILLA PRIMAVERA'),
	(1764, 1421, 'VILLA DOS MIL'),
	(1765, 1422, 'PEDRO NOLASCO'),
	(1766, 1423, 'QUESERÍA'),
	(1767, 792, 'LA BATALLA'),
	(1768, 792, 'LOS GOMEROS'),
	(1769, 792, 'SAN GUILLERMO'),
	(1770, 792, 'SANTA MARGARITA'),
	(1771, 1424, 'LO PATRICIO'),
	(1772, 1425, 'SANTA RITA'),
	(1773, 1426, 'VILLA LAS TIZAS'),
	(1774, 194, 'EL ALMENDRO'),
	(1775, 1427, 'CORINTO'),
	(1776, 1428, 'VILLA PORVENIR'),
	(1777, 1429, 'GONZÁLEZ BASTÍAS'),
	(1778, 1430, 'LAS PALMAS DE TOCONEY'),
	(1779, 1430, 'TOCONEY'),
	(1780, 444, 'BATUCO CENTRO'),
	(1781, 444, 'LA AGUADA'),
	(1782, 444, 'LOS ÁLAMOS'),
	(1783, 444, 'VILLA BATUCO'),
	(1784, 444, 'VILLA LOS NARANJOS'),
	(1785, 1431, 'EL CERRILLO'),
	(1786, 1432, 'ODESSA'),
	(1787, 1433, 'CERRO SANTA LUCÍA'),
	(1788, 1433, 'LA VEGA'),
	(1789, 1434, 'EL AROMO'),
	(1790, 1434, 'EL AROMO ABAJO'),
	(1791, 1372, 'SANTA MARGARITA'),
	(1792, 1435, 'LOS MONTES'),
	(1793, 1435, 'SAN RAMÓN'),
	(1794, 1432, 'BAJO LOS PONCE'),
	(1795, 1436, 'SANTA AGUEDA'),
	(1796, 1436, 'SANTA ELENA'),
	(1797, 820, 'CAMARICO'),
	(1798, 820, 'EL HUMBRA'),
	(1799, 1437, 'ESCUDO DE CHILE'),
	(1800, 1437, 'VILLA LOS ROBLES'),
	(1801, 1025, 'CALLE LOS PERROS'),
	(1802, 820, 'ALTO CAMARICO'),
	(1803, 1438, 'PASO ANCHO'),
	(1804, 391, 'PORVENIR'),
	(1805, 1440, 'EL COLORADO'),
	(1806, 1441, 'PEÑAFLOR NUEVO'),
	(1807, 1442, 'PEÑAFLOR VIEJO'),
	(1808, 391, 'SANTA ESTER'),
	(1809, 1209, 'SANTA MATILDE'),
	(1810, 1443, 'EL BOLSICO'),
	(1811, 1444, 'LA VEGA'),
	(1812, 1445, 'CASA DE TABLA'),
	(1813, 1445, 'MAITENES'),
	(1814, 1446, 'VILLA SANTA GLORIA'),
	(1815, 1447, 'MARÍA FRANCISCA'),
	(1816, 1448, 'SAN DIEGO NORTE'),
	(1817, 1387, 'AURORA'),
	(1818, 1387, 'SAN JORGE NORTE'),
	(1819, 1449, 'FLOR DEL LLANO'),
	(1820, 1387, 'SAN AGUSTÍN'),
	(1821, 1450, 'QUEBRADA DE AGUA'),
	(1822, 1450, 'SANTA DELIA'),
	(1823, 440, 'CASAS VIEJAS'),
	(1824, 440, 'SANTA ELENA'),
	(1825, 1451, 'VILLA SAN JOSÉ'),
	(1826, 946, 'LOS LARGOS'),
	(1827, 1452, 'EL ARRAYÁN'),
	(1828, 1452, 'USERAS'),
	(1829, 142, 'VILLA EL DIAMANTE'),
	(1830, 1454, 'LAS LOMAS'),
	(1831, 1437, 'LOS ROBLES'),
	(1832, 1455, 'EL MÉDANO'),
	(1833, 1456, 'LAS PARCELAS'),
	(1834, 1457, 'LOS ÁLAMOS'),
	(1835, 1458, 'ALTOS DE VILCHES'),
	(1836, 1458, 'EL AVELLANO'),
	(1837, 1458, 'EL MORRILLO'),
	(1838, 1458, 'LA CAPILLA'),
	(1839, 1459, 'EL PAISAJE'),
	(1840, 1459, 'VILCHES BAJO'),
	(1841, 1459, 'VILLA LOS JARDINES'),
	(1842, 1460, 'LA CAMPANA'),
	(1843, 1460, 'LA CRUZ'),
	(1844, 1460, 'SEMINARIO'),
	(1845, 1461, 'BRAMADERO'),
	(1846, 443, 'CAMINO A LA CORTINA'),
	(1847, 443, 'EL COLORADO'),
	(1848, 1463, 'ARMERILLO PONIENTE'),
	(1849, 1463, 'PASO NEVADO'),
	(1850, 900, 'BUENOS AIRES'),
	(1851, 900, 'SAN DARÍO'),
	(1852, 900, 'SAN FRANCISCO'),
	(1853, 1464, 'ARTURO PRAT'),
	(1854, 1464, 'CHEQUÉN'),
	(1855, 1464, 'ESMERALDA'),
	(1856, 1443, 'SAN JOSÉ'),
	(1857, 1448, 'SAN DIEGO SUR-MARTA BUCHI'),
	(1858, 1465, 'LOS CASTAÑOS'),
	(1859, 1465, 'NUEVO AMANECER'),
	(1860, 1418, 'CALLEJÓN TRES ESQUINAS'),
	(1861, 1418, 'EL OLIVAR'),
	(1862, 1466, 'EX ESTACIÓN'),
	(1863, 1467, 'LOS NOGALES'),
	(1864, 1467, 'VILLA LA ESPERANZA'),
	(1865, 1447, 'MARIPOSAS'),
	(1866, 1466, 'BAJOS DE PERQUÍN'),
	(1867, 1467, 'CORRALONES'),
	(1868, 1467, 'EL AMANECER'),
	(1869, 1435, 'LOS MONTES NORTE'),
	(1870, 1468, 'ALTO PANGUE'),
	(1871, 1469, 'PANGUILEMITO'),
	(1872, 66, 'PALO BLANCO'),
	(1873, 66, 'SAN RAFAEL DEL BAJO'),
	(1874, 1470, 'EL MILAGRO'),
	(1875, 1471, 'LOS CUNCOS'),
	(1876, 1472, 'PANGUE ABAJO'),
	(1877, 1473, 'PANGUE ARRIBA'),
	(1878, 1474, 'PELARCO VIEJO'),
	(1879, 1353, 'SANTA VICTORIA'),
	(1880, 1475, 'POBLACIÓN LOYOLA'),
	(1881, 1476, 'CRUCE SAUZAL'),
	(1882, 1477, 'SAUZAL'),
	(1883, 1478, 'QUELLA'),
	(1884, 1479, 'POCILLAS'),
	(1885, 1480, 'CORONEL DE MAULE'),
	(1886, 1481, 'ESQUINA MOCHA'),
	(1887, 1481, 'SAN MIGUEL'),
	(1888, 1482, 'SANTA SOFÍA'),
	(1889, 1483, 'LA PUNTIAGUDA'),
	(1890, 1483, 'SANTOS DEL MAR'),
	(1891, 1483, 'TRES ESQUINAS'),
	(1892, 1484, 'PAHUIL'),
	(1893, 202, 'CURANIPE'),
	(1894, 652, 'JUNQUILLAR'),
	(1895, 1485, 'LAS PETACAS'),
	(1896, 1486, 'CERROS PELADOS'),
	(1897, 1487, 'PEUÑO'),
	(1898, 1487, 'PEUÑO NORTE'),
	(1899, 1488, 'QUINTA CHILE'),
	(1900, 1489, 'CHOVELLÉN'),
	(1901, 1118, 'QUILICURA NORTE'),
	(1902, 1490, 'SALTO DE AGUA'),
	(1903, 1491, 'CONVENTO VIEJO'),
	(1904, 1491, 'VILLA EL ROSARIO'),
	(1905, 1492, 'ISLA DE MARCHANT'),
	(1906, 1493, 'EL MAITENAL'),
	(1907, 1493, 'EL MAITENAL ORIENTE'),
	(1908, 1493, 'TUTUQUÉN ALTO'),
	(1909, 1493, 'VILLA EL MEMBRILLO'),
	(1910, 1494, 'EL DURAZNITO'),
	(1911, 1494, 'TUTUQUÉN BAJO'),
	(1912, 1495, 'TUTUQUÉN CENTRO'),
	(1913, 1496, 'BARROS NEGROS'),
	(1914, 1493, 'EL PASILLO'),
	(1915, 1492, 'CAMINO A RAUCO'),
	(1916, 1492, 'SANTA FILOMENA'),
	(1917, 1497, 'CALLEJÓN SANTA ISABEL'),
	(1918, 1497, 'LOS GUINDOS'),
	(1919, 1497, 'LOS GUINDOS ORIENTE'),
	(1920, 1497, 'LOS GUINDOS SUR'),
	(1921, 1497, 'VILLA LOS GUINDOS'),
	(1922, 1497, 'VILLA SAN VICENTE'),
	(1923, 1498, 'RINCÓN DE SARMIENTO'),
	(1924, 1499, 'SAN ALFONSO'),
	(1925, 1499, 'VILLA NUEVA ESPERANZA'),
	(1926, 1499, 'VISTA HERMOSA'),
	(1927, 1045, 'JULIÁN LOZANO'),
	(1928, 909, 'RINCÓN DE ZAPALLAR'),
	(1929, 1500, 'HUAÑUÑE'),
	(1930, 1153, 'CAMINO A ZAPALLAR'),
	(1931, 223, 'CASA VIEJA'),
	(1932, 223, 'VILLORRIO PUENTE COLORADO'),
	(1933, 1502, 'LOS CRISTALES - EL PRADO'),
	(1934, 1503, 'CRUCE LA OBRA'),
	(1935, 1503, 'SANTO DOMINGO'),
	(1936, 1504, 'SANTA CRISTINA'),
	(1937, 1392, 'EL MAITÉN'),
	(1938, 1505, 'EL PROGRESO'),
	(1939, 1505, 'LA PACKING'),
	(1940, 1505, 'LA TRONCAL'),
	(1941, 1505, 'LAS PIEDRAS'),
	(1942, 1505, 'VILLA SAN MARTÍN'),
	(1943, 1506, 'CORRAL DE PÉREZ'),
	(1944, 1506, 'LA VEGA'),
	(1945, 1507, 'LOS HÉROES'),
	(1946, 1507, 'MONTE GRANDE'),
	(1947, 1507, 'POBLACIÓN SANTA MARTA'),
	(1948, 1508, 'LA PALMERA'),
	(1949, 1507, 'POTRERO GRANDE'),
	(1950, 1507, 'VILLA CORDILLERA'),
	(1951, 1506, 'LOMAS DE UPEO'),
	(1952, 1503, 'EL ZINC'),
	(1953, 1503, 'LA COPEC'),
	(1954, 1503, 'SANTA ROSA'),
	(1955, 1509, 'BARANDICA'),
	(1956, 1510, 'MIRA RÍO'),
	(1957, 1511, 'QUILICO'),
	(1958, 1512, 'BARBA RUBIA'),
	(1959, 1512, 'CAMARICO'),
	(1960, 1513, 'LA HUERTA'),
	(1961, 1514, 'PARRONAL'),
	(1962, 1514, 'REMOLINO'),
	(1963, 34, 'LA HIGUERA'),
	(1964, 208, 'SUBIDA CEMENTERIO'),
	(1965, 75, 'PLACILLA'),
	(1966, 1516, 'HUAPI'),
	(1967, 1517, 'LORA'),
	(1968, 1517, 'LORA SUR'),
	(1969, 1518, 'QUELMÉN'),
	(1970, 1519, 'ITAHUE UNO'),
	(1971, 209, 'MICAELA'),
	(1972, 1520, 'ENTRE RÍOS'),
	(1973, 1521, 'LOS CANALES'),
	(1974, 1522, 'BAJO LOS ROMEROS'),
	(1975, 1522, 'LOS HELECHOS'),
	(1976, 1523, 'BUENA UNIÓN'),
	(1977, 1524, 'PICHINGAL'),
	(1978, 1525, 'BUENA FÉ'),
	(1979, 1523, 'LA SERENA'),
	(1980, 1526, 'DOS ESQUINAS'),
	(1981, 1527, 'CAMINO A RÍO CLARO'),
	(1982, 1527, 'EL CÓNDOR'),
	(1983, 1528, 'BUENA PAZ'),
	(1984, 1529, 'LOMA BLANCA'),
	(1985, 1530, 'SAN JORGE DE ROMERAL'),
	(1986, 1418, 'EL PEDREGOSO'),
	(1987, 1531, 'ALUPENHUE'),
	(1988, 1532, 'EL YACAL'),
	(1989, 1533, 'EL RADAL'),
	(1990, 1533, 'PARQUE INGLÉS'),
	(1991, 1534, 'CUATRO BOCAS'),
	(1992, 1534, 'EL PLUMERO'),
	(1993, 1534, 'QUICHARCO'),
	(1994, 1534, 'SAN JOSÉ'),
	(1995, 210, 'LOS ZORROS'),
	(1996, 210, 'RAUCO'),
	(1997, 1535, 'QUILPOCO CENTRO'),
	(1998, 1536, 'TRICAO'),
	(1999, 1537, 'COOPERATIVA EL CORAZÓN'),
	(2000, 1537, 'EL CORAZÓN'),
	(2001, 1537, 'NUEVO AMANECER'),
	(2002, 1538, 'MAJADILLA'),
	(2003, 1539, 'EL CRISTO'),
	(2004, 1539, 'PALQUIBUDI CENTRO'),
	(2005, 1540, 'AMPURDÁN'),
	(2006, 1540, 'LAS LILAS'),
	(2007, 1541, 'EL PROGRESO'),
	(2008, 1541, 'LA QUINTA'),
	(2009, 1541, 'LOS LEONES'),
	(2010, 1541, 'ROMERAL BAJO'),
	(2011, 1541, 'ZAPATA'),
	(2012, 1418, 'LUXEMBURGO'),
	(2013, 1542, 'ESPERANZA REAL'),
	(2014, 1542, 'VILLA TRES PUENTES'),
	(2015, 1543, 'GUAICO DOS'),
	(2016, 1544, 'CALLEJÓN ORTÚZAR'),
	(2017, 1545, 'GUAICO TRES'),
	(2018, 1545, 'PUNTA BLANCA'),
	(2019, 1545, 'SANTA BÁRBARA'),
	(2020, 1545, 'SOCAVÓN'),
	(2021, 1546, 'GUAICO UNO-LOS FRANCOS'),
	(2022, 1547, 'LA YESCA'),
	(2023, 376, 'ROMERAL'),
	(2024, 1542, 'EL BOLDAL'),
	(2025, 1542, 'PATAGÜILLA'),
	(2026, 1549, 'LA PARROQUIA'),
	(2027, 1550, 'EL PEUMAL'),
	(2028, 1551, 'LOS QUEÑES'),
	(2029, 212, 'SANTA LEONOR'),
	(2030, 212, 'VILLA LA ESTRELLA'),
	(2031, 214, 'LA CRUZ'),
	(2032, 789, 'SANTA ADRIANA'),
	(2033, 1552, 'INDUS'),
	(2034, 214, 'CALLEJÓN AQUILES'),
	(2035, 214, 'VILLA EL CRUCERO'),
	(2036, 1553, 'CORRAL DE PIEDRA'),
	(2037, 1553, 'LO VALDIVIA'),
	(2038, 1553, 'LO VALDIVIA VIEJO'),
	(2039, 1554, 'LA HIGUERILLA'),
	(2040, 1554, 'PARRONCILLO'),
	(2041, 1555, 'SANATORIO'),
	(2042, 1294, 'EL CARRIZAL'),
	(2043, 1124, 'LA VICTORIA'),
	(2044, 1124, 'SANTA MARÍA'),
	(2045, 1413, 'BUEN AMIGO'),
	(2046, 1413, 'TRINIDAD'),
	(2047, 1124, 'VILLA SAN JOSÉ'),
	(2048, 66, 'LOUIS LETSCH'),
	(2049, 459, 'VILUCO'),
	(2050, 254, 'VILLA AMANECER'),
	(2051, 1307, 'LA ESTRELLA'),
	(2052, 1307, 'LA VIÑA DE HUEMUL'),
	(2053, 1307, 'VILLA EL RECREO'),
	(2054, 1307, 'VILLA ESPERANZA'),
	(2055, 1307, 'VILLA LA ESTRELLA'),
	(2056, 1212, 'SAN JOSÉ'),
	(2057, 1212, 'SANTA ADELA'),
	(2058, 1212, 'SANTA EUGENIA'),
	(2059, 1212, 'SANTA EUGENIA SUR'),
	(2060, 83, 'YONCAVÉN'),
	(2061, 96, 'TRES ESQUINAS'),
	(2062, 514, 'EL EMBOQUE'),
	(2063, 1445, 'LOS MEDELES'),
	(2064, 177, 'PALMILLA'),
	(2065, 177, 'PALMILLA BAJO'),
	(2066, 218, 'CAMINO LAS VEGAS'),
	(2067, 430, 'PUENTE ALTO'),
	(2068, 646, 'CAMINO LA POSADA'),
	(2069, 218, 'LA TORRE'),
	(2070, 219, 'EL PATO'),
	(2071, 220, 'CANAL MACHICURA'),
	(2072, 221, 'SANTA ESTER'),
	(2073, 540, 'SAN NICOLÁS'),
	(2074, 540, 'SAN NICOLÁS ORIENTE'),
	(2075, 66, 'SAN SEBASTIÁN'),
	(2076, 440, 'VILLA SANTA ELENA'),
	(2077, 924, 'CALLEJÓN OSCURO'),
	(2078, 1018, 'VILLA WILBUR DAVIS'),
	(2079, 465, 'PAINE'),
	(2080, 403, 'CAMINO A CERRILLOS'),
	(2081, 1092, 'CALLEJÓN COPA DE AGUA'),
	(2082, 1092, 'CAMINO A LA GRANJA'),
	(2083, 1092, 'CAMINO PRINCIPAL MIRAFLORES'),
	(2084, 1153, 'CALLEJÓN VECINAL SUR'),
	(2085, 1153, 'LA SILVANA'),
	(2086, 197, 'SAN CLEMENTE'),
	(2087, 987, 'SAN ISIDRO'),
	(2088, 1054, 'PIGUCHÉN'),
	(2089, 1437, 'SANTA ISABEL'),
	(2090, 462, 'SAN IGNACIO ARRIBA'),
	(2091, 228, 'EL NARANJAL'),
	(2092, 228, 'LOMAS DEL MAQUI'),
	(2093, 228, 'SAN PATRICIO'),
	(2094, 68, 'CALLE LARGA'),
	(2095, 68, 'EL SAUCE'),
	(2096, 68, 'SANTA AMALIA'),
	(2097, 1465, 'SAN MANUEL'),
	(2098, 672, 'COMAVIDA'),
	(2099, 672, 'LAS CUATRO ESQUINAS'),
	(2100, 693, 'CRUCE HUERTA DE MAULE'),
	(2101, 254, 'POBLACIÓN LOS NARANJOS'),
	(2102, 233, 'LA FAJA'),
	(2103, 1418, 'VILLA LISONJERA'),
	(2104, 60, 'MAITENCILLO AFUERA'),
	(2105, 60, 'JUVENTUD DE CHILE'),
	(2106, 60, 'MAITENCILLO ADENTRO'),
	(2107, 1063, 'EL PINO'),
	(2108, 597, 'PUERTO SUR'),
	(2109, 1415, 'UNIHUE'),
	(2110, 245, 'PUMAPO'),
	(2111, 711, 'ALTO RARI'),
	(2112, 711, 'CALETA DEL MEDIO'),
	(2113, 711, 'LOS CEREZOS'),
	(2114, 711, 'VISTA HERMOSA'),
	(2115, 249, 'AGUA TENDIDA'),
	(2116, 249, 'LA ESPERANZA'),
	(2117, 946, 'EL MAITÉN'),
	(2118, 1025, 'LOS TRES PINOS'),
	(2119, 251, 'BELLO HORIZONTE'),
	(2120, 251, 'MIRAMAR'),
	(2121, 259, 'CONUMO'),
	(2122, 216, 'LLICO'),
	(2123, 216, 'LOS MARTÍNEZ'),
	(2124, 216, 'LOS ROJAS'),
	(2125, 403, 'PEDRO DE VALDIVIA'),
	(2126, 262, 'CURANILAHUE'),
	(2127, 271, 'LAS QUILAS'),
	(2128, 271, 'VICTORIA DE LA CANDELARIA'),
	(2129, 271, 'VICTORIA DE LA CANDELARIA NORTE'),
	(2130, 271, 'VICTORIA DE LA CANDELARIA SUR'),
	(2131, 271, 'VIRQUENCO NORTE'),
	(2132, 855, 'CALIBORO'),
	(2133, 855, 'HUAQUI'),
	(2134, 1209, 'SAN GERARDO ORIENTE'),
	(2135, 475, 'DIUTO'),
	(2136, 516, 'RARINCO CENTRO ALTO'),
	(2137, 1266, 'EL PERAL SUR'),
	(2138, 1266, 'SAN LUIS'),
	(2139, 214, 'LA ISLA'),
	(2140, 267, 'SOL DE RARINCO'),
	(2141, 267, 'TIERRAS NOBLES'),
	(2142, 269, 'ALAMEDA SUR'),
	(2143, 269, 'LA MONTAÑA'),
	(2144, 245, 'SANTA JUANA'),
	(2145, 935, 'ARENAS MUERTAS'),
	(2146, 1153, 'LA ESPERANZA'),
	(2147, 282, 'VILLA LAS FLORES'),
	(2148, 490, 'LA QUEBRADA'),
	(2149, 293, 'APUMANQUE'),
	(2150, 293, 'VILLA ALTOS DE APUMANQUE'),
	(2151, 293, 'VILLA LA ISLA'),
	(2152, 293, 'VILLA LOS ROBLES'),
	(2153, 537, 'EUGENIO REIDEL'),
	(2154, 307, 'OCTAVA FAJA'),
	(2155, 190, 'MAULE'),
	(2156, 321, 'SAN PATRICIO'),
	(2157, 1497, 'LOS CEREZOS'),
	(2158, 326, 'VILLA EL CARMEN'),
	(2159, 326, 'PUTABLA'),
	(2160, 325, 'SAN ANDRÉS'),
	(2161, 325, 'VILLA LOS CASTAÑOS'),
	(2162, 1425, 'DIRECCIÓN DE RIEGO'),
	(2163, 330, 'COLLIPULLI'),
	(2164, 403, 'MI GRAN SUEÑO'),
	(2165, 335, 'ESTACIÓN'),
	(2166, 348, 'COIHUÍN BAJO'),
	(2167, 346, 'LA VARA NORTE'),
	(2168, 349, 'TEPUAL'),
	(2169, 214, 'COLONIA LA ISLA'),
	(2170, 353, 'LOS ÁLAMOS'),
	(2171, 233, 'PUEBLO HUNDIDO'),
	(2172, 621, 'TOTORAL'),
	(2173, 621, 'TOTORAL NORTE'),
	(2174, 357, 'ALDEA INFANTIL SOS'),
	(2175, 357, 'CAMINO VIEJO'),
	(2176, 268, 'LOS ÁNGELES'),
	(2177, 617, 'SAN JUAN BAJO'),
	(2178, 123, 'COINCO ALTO'),
	(2179, 366, 'PASAJE SAN MANUEL'),
	(2180, 366, 'PASAJE VARGAS'),
	(2181, 96, 'BARRIO COSTERO'),
	(2182, 96, 'ESTERO CHETER'),
	(2183, 123, 'COINCO BAJO'),
	(2184, 1004, 'LA FLORIDA'),
	(2185, 930, 'SAN SEBASTIÁN'),
	(2186, 286, 'SANTA BÁRBARA'),
	(2187, 131, 'EL MANZANO SUR'),
	(2188, 131, 'PUNTILLA QUILLÓN'),
	(2189, 374, 'RÍO NEGRO PONIENTE'),
	(2190, 379, 'AEROPUERTO'),
	(2191, 385, 'LAGO NEGRO'),
	(2192, 385, 'PUENTE ROSSELOT'),
	(2193, 386, 'MELINKA'),
	(2194, 987, 'VILLA SAN ISIDRO'),
	(2195, 538, 'TEHUELCHES'),
	(2196, 538, 'VILLA PUNTA DELGADA'),
	(2197, 391, 'BAHÍA CHILOTA'),
	(2198, 392, 'PUERTO BORIES'),
	(2199, 1499, 'VILICIC'),
	(2200, 942, 'LA ERMITA'),
	(2201, 70, 'CAMINO RINCONADA'),
	(2202, 70, 'JOAQUÍN OLIVARES'),
	(2203, 70, 'LOS NOGALES'),
	(2204, 70, 'SANTA MARGARITA'),
	(2205, 417, 'LO AGUIRRE'),
	(2206, 113, 'EL LLANO NORTE'),
	(2207, 113, 'EL LLANO SUR'),
	(2208, 113, 'VILLORIO EL LLANO'),
	(2209, 1425, 'LOS MAITENES'),
	(2210, 1425, 'PATRICIO GANA LYON'),
	(2211, 432, 'ORILLA DEL RÍO ORIENTE'),
	(2212, 432, 'ORILLA DEL RÍO PONIENTE'),
	(2213, 935, 'EL CERRILLO'),
	(2214, 935, 'LOS QUILLAYES NORTE'),
	(2215, 935, 'LOS QUILLAYES SUR'),
	(2216, 935, 'SAN VICENTE'),
	(2217, 935, 'SAN VICENTE SUR'),
	(2218, 792, 'COMUNIDAD ECOLÓGICA LA COLMENA'),
	(2219, 433, 'LAS ARAÑAS'),
	(2220, 433, 'LOS RULOS'),
	(2221, 433, 'SAN JOSÉ ALTO'),
	(2222, 443, 'RÍO COLORADO'),
	(2223, 434, 'ESTERO SAN ALFONSO'),
	(2224, 434, 'TÚNEL TINOCO'),
	(2225, 428, 'SANTA ELENA DE LIRCAY'),
	(2226, 438, 'CHICUREO'),
	(2227, 282, 'INMACULADA CONCEPCIÓN'),
	(2228, 442, 'SANTA LUISA'),
	(2229, 475, 'CARRETERA SAN MARTÍN'),
	(2230, 475, 'CARRETERA SAN MARTÍN SUR'),
	(2231, 475, 'LO PINTO'),
	(2232, 475, 'SANTA CECILIA'),
	(2233, 475, 'SANTA INÉS'),
	(2234, 1074, 'LAS HIGUERAS'),
	(2235, 449, 'SOL DE SEPTIEMBRE'),
	(2236, 448, 'CHICAUMA'),
	(2237, 444, 'LA MINA'),
	(2238, 444, 'LAS CALERÍAS'),
	(2239, 444, 'LOS CORTIJOS'),
	(2240, 254, 'LO SOLAR'),
	(2241, 445, 'LA ALAMEDA'),
	(2242, 180, 'EL CRUCERO'),
	(2243, 180, 'LAS TURBINAS'),
	(2244, 451, 'EL SAUCE ORIENTE'),
	(2245, 451, 'LOS LITRES'),
	(2246, 451, 'TAPIHUE'),
	(2247, 452, 'LOS LINGUES'),
	(2248, 997, 'CARBOMET'),
	(2249, 711, 'CENTRAL HIDROELÉCTRICA LOS MORROS'),
	(2250, 690, 'LA VARA'),
	(2251, 1042, 'PAKERAY NORTE'),
	(2252, 1042, 'PAKERAY SUR'),
	(2253, 1042, 'RIVERA NORTE PUENTE LOS MORROS'),
	(2254, 455, 'EL NARANJAL SUR'),
	(2255, 460, 'LOS GUINDOS'),
	(2256, 460, 'PUENTE MAIPO'),
	(2257, 460, 'PUENTE MAIPO ORIENTE'),
	(2258, 458, 'EL PARRÓN'),
	(2259, 458, 'LAS CAMELIAS'),
	(2260, 458, 'PADRE HURTADO'),
	(2261, 460, 'QUINTA DE MAIPO NORTE'),
	(2262, 461, 'LA ALBORADA'),
	(2263, 461, 'LA ALBORADA SUR'),
	(2264, 461, 'LA CORTADA DEL RÍO'),
	(2265, 459, 'LA TUNA'),
	(2266, 459, 'LAS ACACIAS'),
	(2267, 459, 'LAS VERTIENTES'),
	(2268, 459, 'LAS VERTIENTES NORTE'),
	(2269, 459, 'LOS AROMOS'),
	(2270, 459, 'SANTA ELENA DE VILUCO'),
	(2271, 459, 'SANTA FILOMENA'),
	(2272, 485, 'BOCATOMA EL CLARILLO'),
	(2273, 1121, 'LAS ASTURIAS'),
	(2274, 1121, 'LAS GUARACAS'),
	(2275, 1121, 'NUEVA INDEPENDENCIA'),
	(2276, 1121, 'SANTA ANA'),
	(2277, 1121, 'SANTA INÉS'),
	(2278, 1121, 'SANTO DOMINGO'),
	(2279, 428, 'EL PILÓN'),
	(2280, 428, 'LONQUÉN SUR'),
	(2281, 428, 'VILLORRIO AGRÍCOLA'),
	(2282, 465, 'SAN MIGUEL'),
	(2283, 465, 'NUEVO SENDERO'),
	(2284, 467, 'LAS MULAS'),
	(2285, 470, 'LA TURBINA'),
	(2286, 469, 'VEINTICUATRO DE ABRIL'),
	(2287, 180, 'PUEBLO HUNDIDO'),
	(2288, 474, 'PABELLÓN NORTE'),
	(2289, 1183, 'SAN JUAN'),
	(2290, 152, 'ESMERALDA'),
	(2291, 152, 'SANTA ROSA'),
	(2292, 475, 'CASA DE SAN JOSÉ NORTE'),
	(2293, 475, 'SANTA FILOMENA'),
	(2294, 475, 'SARGENTO CANDELARIA'),
	(2295, 469, 'VILLA EL TRÁNSITO'),
	(2296, 471, 'SAN RAMÓN'),
	(2297, 456, 'SAN BERNARDO'),
	(2298, 516, 'SANTA CLARA'),
	(2299, 1027, 'EL ASIENTO ORIENTE'),
	(2300, 409, 'LO PRADO'),
	(2301, 394, 'SAN JOAQUÍN'),
	(2302, 397, 'EL TALHUÉN'),
	(2303, 495, 'MALALHUE'),
	(2304, 160, 'LA ESTRELLA'),
	(2305, 479, 'LOS RULOS PONIENTE'),
	(2306, 481, 'LO ÁLVAREZ'),
	(2307, 464, 'EL ROTO CHILENO'),
	(2308, 485, 'ANÍBAL PINTO'),
	(2309, 485, 'EL ROSARIO'),
	(2310, 485, 'LA MACARENA'),
	(2311, 485, 'LOS OLMOS'),
	(2312, 258, 'EL CASTILLO'),
	(2313, 1037, 'MONTE LAS MERCEDES'),
	(2314, 488, 'SAN ANTONIO'),
	(2315, 488, 'SAN ANTONIO DE NALTAGUA NORTE'),
	(2316, 1045, 'EL PORVENIR OESTE'),
	(2317, 1045, 'LA PUNTILLA DE PORVENIR'),
	(2318, 1153, 'SANTA LUCÍA'),
	(2319, 1129, 'LOS AROMOS SURESTE'),
	(2320, 1153, 'LA ESPERANZA NORTE'),
	(2321, 1153, 'LA ESPERANZA SUR'),
	(2322, 1392, 'VILLA CAYUMAPU'),
	(2323, 462, 'EL PALOMAR'),
	(2324, 325, 'ÑANCUL'),
	(2325, 501, 'VILLA PUELCHE'),
	(2326, 501, 'VILLA REUCAN'),
	(2327, 170, 'AUQUINCO ORIENTE'),
	(2328, 170, 'LOS CIERVOS'),
	(2329, 644, 'PAMPANUNE'),
	(2330, 644, 'TALTAPE'),
	(2331, 134, 'MALLOA SUR'),
	(2332, 134, 'VILLA LOS AROMOS'),
	(2333, 1065, 'COLLIGUAY'),
	(2334, 540, 'MERCEDES BAJA'),
	(2335, 540, 'SANDY POINT'),
	(2336, 254, 'LAS ESQUINAS'),
	(2337, 886, 'EL ESPINAR'),
	(2338, 886, 'RANCHO LINDO'),
	(2339, 1164, 'CERRILLOS'),
	(2340, 1164, 'LOS MARCOS'),
	(2341, 1182, 'LAS NIEVES'),
	(2342, 515, 'BULNES CHICO'),
	(2343, 88, 'SAN PEDRO ORIENTE'),
	(2344, 428, 'SAN MIGUEL ALTO'),
	(2345, 428, 'SAN MIGUEL DE DIGUILLÍN'),
	(2346, 245, 'SANTA JUANA BAJO'),
	(2347, 524, 'BARRIO ALTO'),
	(2348, 1437, 'LOS MAITENES'),
	(2349, 727, 'VUELTA LA RAMA'),
	(2350, 939, 'RECREO'),
	(2351, 528, 'CUARTOS VERDES'),
	(2352, 530, 'CRUCE DE RANGUELMO'),
	(2353, 484, 'LONQUÉN'),
	(2354, 774, 'AGUA FRÍA'),
	(2355, 774, 'LA POSTA'),
	(2356, 1418, 'TRES ESQUINAS SUR'),
	(2357, 32, 'EL PEÑÓN'),
	(2358, 1194, 'LAS PATAGUAS'),
	(2359, 192, 'CULENAR'),
	(2360, 312, 'VILLA SAN RAMÓN'),
	(2361, 909, 'EL RINCÓN GRANDE'),
	(2362, 88, 'ALINE'),
	(2363, 1438, 'LOS TORONJILES'),
	(2364, 131, 'EL PARRÓN'),
	(2365, 131, 'ROBLE VIEJO'),
	(2366, 1129, 'VILLA LOS ALAMOS'),
	(2367, 336, 'LOS SAUCES'),
	(2368, 1556, 'LA CAMPANA'),
	(2369, 1556, 'LA CAMPANA-LAS DELICIAS'),
	(2370, 1556, 'SAN JUAN'),
	(2371, 1556, 'SANTA ANA'),
	(2372, 1556, 'SANTA CARMEN'),
	(2373, 1557, 'POBLACIÓN SANTA EMILIA'),
	(2374, 1557, 'RINCÓN DE MELLADO'),
	(2375, 1557, 'VILLA JERUSALÉN'),
	(2376, 1558, 'EL QUELMÉN'),
	(2377, 1559, 'LAS ARBOLEDAS'),
	(2378, 1559, 'LAS ARBOLEDAS SUR'),
	(2379, 1560, 'EL PLUMERO'),
	(2380, 1560, 'HACIENDA TENO'),
	(2381, 1560, 'SAN ISIDRO'),
	(2382, 1561, 'LOS ALISOS'),
	(2383, 1562, 'PIEDRA BLANCA'),
	(2384, 1563, 'SANTA BERTA'),
	(2385, 1565, 'COMALLE'),
	(2386, 1565, 'RINCÓN DE MORALES'),
	(2387, 1565, 'SAN FRANCISCO'),
	(2388, 1565, 'SAN ISIDRO'),
	(2389, 1565, 'VILLA EL SAUCE'),
	(2390, 1566, 'EL GUINDO'),
	(2391, 1566, 'LA VIZCAYA'),
	(2392, 1566, 'LAS MORERAS'),
	(2393, 1567, 'DOMINGO MANSILLA'),
	(2394, 1568, 'SAN JOSÉ'),
	(2395, 1569, 'SANTA ADELA'),
	(2396, 1569, 'SANTA SUSANA'),
	(2397, 1570, 'EL CERRILLO'),
	(2398, 1570, 'LAS PARCELAS'),
	(2399, 1570, 'VILLA TENIENTE CRUZ'),
	(2400, 1571, 'VENTANA DEL BAJO'),
	(2401, 1572, 'EL CISNE'),
	(2402, 1573, 'LAS LIRAS'),
	(2403, 1574, 'EL EUCALIPTO'),
	(2404, 1574, 'LA ESMERALDA'),
	(2405, 1575, 'LOS ALMENDROS'),
	(2406, 1575, 'MORZA'),
	(2407, 1575, 'MORZA NORTE'),
	(2408, 1575, 'MORZA SUR'),
	(2409, 1576, 'SAN CARLOS'),
	(2410, 1577, 'SAN LEÓN'),
	(2411, 1578, 'SANTA LAURA'),
	(2412, 1579, 'SANTA REBECA'),
	(2413, 1580, 'VENTANA DEL ALTO'),
	(2414, 1581, 'LA BALLICA'),
	(2415, 1582, 'POBLACIÓN EL ESCUDO'),
	(2416, 1582, 'VILLA EL HERALDO'),
	(2417, 1583, 'TRILAHUE'),
	(2418, 1584, 'AQUELARRE'),
	(2419, 1585, 'TALQUITA'),
	(2420, 1585, 'VICHUQUÉN'),
	(2421, 1585, 'VICHUQUÉN ORIENTE'),
	(2422, 1586, 'LAGO VICHUQUÉN'),
	(2423, 1587, 'LIPIMÁVIDA'),
	(2424, 1587, 'PICHIBUDI'),
	(2425, 1586, 'LA MADERA'),
	(2426, 1586, 'LA PUNTA'),
	(2427, 1586, 'LOS PALITOS'),
	(2428, 1588, 'LOS CARDOS'),
	(2429, 1589, 'LLANCANAO'),
	(2430, 1589, 'LOS PINOS'),
	(2431, 1590, 'MAITENES'),
	(2432, 1591, 'GUAPI ALTO'),
	(2433, 1591, 'GUAPI ALTO SUR'),
	(2434, 1591, 'GUAPI BAJO'),
	(2435, 1594, 'BALLICA NORTE'),
	(2436, 1595, 'LAS VERTIENTES'),
	(2437, 1596, 'EL REFUGIO'),
	(2438, 1597, 'CANCHA EL PALO'),
	(2439, 1598, 'EL LLANO'),
	(2440, 1598, 'EL NANI'),
	(2441, 1598, 'LAS VILLAS'),
	(2442, 1598, 'SAN ANTONIO ENCINA'),
	(2443, 1599, 'SAN BARTOLO'),
	(2444, 1600, 'SAN VÍCTOR ÁLAMOS'),
	(2445, 1601, 'CULMÉN'),
	(2446, 1601, 'CULMÉN ALTO'),
	(2447, 1602, 'EL PEÑASCO'),
	(2448, 1603, 'LLEPO'),
	(2449, 1604, 'LOS GUALLES'),
	(2450, 1605, 'MONTECILLO'),
	(2451, 1606, 'CAJÓN DE PEJERREY'),
	(2452, 1606, 'PEJERREY'),
	(2453, 1607, 'CAJÓN VEGA DE SALAS'),
	(2454, 1608, 'CHUPALLAR ALTO'),
	(2455, 1608, 'CHUPALLAR BAJO'),
	(2456, 1609, 'DURAZNILLO'),
	(2457, 1609, 'EMBALSE ANCOA'),
	(2458, 1603, 'LLEPO CHICO'),
	(2459, 1610, 'BELLO HORIZONTE'),
	(2460, 1610, 'CAMINO A VEGA ANCOA'),
	(2461, 1610, 'EL NARANJAL DE VEGA ANCOA'),
	(2462, 1611, 'MILLAMALAL'),
	(2463, 1612, 'RINCÓN DE PATAGUAS'),
	(2464, 1612, 'RINCÓN ORIENTE'),
	(2465, 1613, 'RAÚL SILVA HENRÍQUEZ'),
	(2466, 1613, 'SAN DIONISIO'),
	(2467, 1614, 'BASÁEZ ALTO'),
	(2468, 1614, 'MAURICIO FARR'),
	(2469, 1615, 'MANUEL RODRÍGUEZ'),
	(2470, 1616, 'CAMINO VIEJO'),
	(2471, 1616, 'EL BOSQUE'),
	(2472, 1616, 'MAULE SUR'),
	(2473, 1616, 'VILLA SUR'),
	(2474, 1617, 'CHIBURGO'),
	(2475, 1617, 'COLBÚN ALTO'),
	(2476, 1617, 'LAS PATAGUAS'),
	(2477, 1618, 'LA GUARDIA'),
	(2478, 1619, 'PEHUENCHE'),
	(2479, 1620, 'EL MALLI'),
	(2480, 1621, 'RABONES'),
	(2481, 1622, 'POBLACIÓN SANTA ISABEL'),
	(2482, 1623, 'RARI CENTRO'),
	(2483, 1624, 'LA UNIÓN'),
	(2484, 1625, 'ESPERANZA CAMPESINA'),
	(2485, 1625, 'LOMAS DE PUTAGÁN'),
	(2486, 1626, 'LOS COLIHUES'),
	(2487, 1627, 'PASO RARI'),
	(2488, 1628, 'QUINAMÁVIDA'),
	(2489, 1628, 'TERMAS DE QUINAMÁVIDA'),
	(2490, 1623, 'RARI ANSTURA'),
	(2491, 1629, 'SAN FRANCISCO DE RARI OESTE'),
	(2492, 1631, 'LA FLORESTA'),
	(2493, 1632, 'LA CONQUISTA'),
	(2494, 1633, 'BAJO LLOLLINCO'),
	(2495, 1635, 'CARRETERA RÍO LONGAVÍ'),
	(2496, 1635, 'POBLACIÓN EL PEÑASCO'),
	(2497, 1636, 'LAS TRES ESQUINAS'),
	(2498, 1637, 'LA CAÑA'),
	(2499, 1639, 'EL CASCAJO'),
	(2500, 1640, 'LOS CULENES ORIENTE'),
	(2501, 1640, 'LOS CULENES PONIENTE'),
	(2502, 1641, 'HUIMEO'),
	(2503, 1642, 'PASO CUÑAO'),
	(2504, 1643, 'MIRAFLORES PONIENTE'),
	(2505, 1644, 'LAS MOTAS'),
	(2506, 1645, 'PUNTA DE MONTE'),
	(2507, 1646, 'LA QUINTA'),
	(2508, 1647, 'LOS QUILLAYES'),
	(2509, 1648, 'LA BALSA'),
	(2510, 1649, 'POBLACIÓN BELLA UNIÓN'),
	(2511, 1650, 'LA QUINTA NORTE'),
	(2512, 1651, 'LA HORMIGA'),
	(2513, 1651, 'LA QUINTA'),
	(2514, 1651, 'LA QUINTA SUR'),
	(2515, 1652, 'LA SEXTA'),
	(2516, 1653, 'POBLACIÓN ROSARIO BARRIGA'),
	(2517, 1654, 'PALMA ROSA'),
	(2518, 1655, 'CRUCE CATILLO'),
	(2519, 1656, 'LAS HORTENSIAS'),
	(2520, 1657, 'LOS CARROS VILLA ROSA'),
	(2521, 1658, 'REMULCAO'),
	(2522, 1660, 'TALQUITA'),
	(2523, 1661, 'TERMAS DE CATILLO'),
	(2524, 1662, 'CERRO LOS CASTILLO'),
	(2525, 1663, 'DIGUA'),
	(2526, 1664, 'LOS CUARTELES'),
	(2527, 1665, 'SAN ALEJO ORIENTE'),
	(2528, 1665, 'SAN ALEJO PONIENTE'),
	(2529, 1666, 'RÍO BULLILEO'),
	(2530, 1667, 'VILLA BAVIERA'),
	(2531, 1668, 'EL HUASO CHILENO'),
	(2532, 1669, 'EL PROGRESO'),
	(2533, 1670, 'EL LUCERO'),
	(2534, 1671, 'BUREO'),
	(2535, 1672, 'HIGUERILLAS'),
	(2536, 1673, 'MANTUL'),
	(2537, 1674, 'VILLASECA'),
	(2538, 1675, 'EL BONITO'),
	(2539, 1676, 'CAPELLANÍA'),
	(2540, 1676, 'POBLACIÓN AJIAL'),
	(2541, 1677, 'EL CARMEN ORIENTE'),
	(2542, 1664, 'CAMELIA-VISTA HERMOSA'),
	(2543, 1678, 'QUILLAIMO'),
	(2544, 1679, 'SAN MARCOS'),
	(2545, 1680, 'SANTA CECILIA'),
	(2546, 1683, 'NUEVA ALDEA'),
	(2547, 1680, 'GABRIELA MISTRAL'),
	(2548, 1684, 'SANTA NATALIA'),
	(2549, 1685, 'CABRERÍA'),
	(2550, 1685, 'MANUEL MONTT'),
	(2551, 1686, 'FLOR DE MAULE'),
	(2552, 1687, 'PUENTE PANDO'),
	(2553, 1688, 'EL PASO'),
	(2554, 1689, 'EL SOLAR-EL ESFUERZO'),
	(2555, 1689, 'ALQUIHUE'),
	(2556, 1689, 'ALTO DEL RÍO'),
	(2557, 1690, 'SAN BALDOMERO PONIENTE'),
	(2558, 1691, 'LUIS CRUZ MARTÍNEZ'),
	(2559, 1692, 'VAQUERÍA'),
	(2560, 1693, 'CASA BLANCA'),
	(2561, 1694, 'MARIMAURA'),
	(2562, 1695, 'CERRILLOS'),
	(2563, 1695, 'LA ILUSIÓN'),
	(2564, 1695, 'MELOZAL'),
	(2565, 1695, 'MELOZAL CENTRO'),
	(2566, 1696, 'CALIBORO ALTO'),
	(2567, 1696, 'CALIBORO BAJO'),
	(2568, 1696, 'QUILQUILMO'),
	(2569, 1697, 'LA PITIGUA'),
	(2570, 1698, 'LA ARENA'),
	(2571, 1699, 'RINCÓN DE LOBOS NORTE'),
	(2572, 1700, 'GUIONES'),
	(2573, 1700, 'GUIONES ORIENTE'),
	(2574, 1700, 'GUIONES PONIENTE'),
	(2575, 1701, 'LOMA DE LAS TORTILLAS'),
	(2576, 1702, 'EL SAUCE'),
	(2577, 1703, 'ESPERANZA'),
	(2578, 1704, 'VILLA LAS ROSAS'),
	(2579, 1705, 'VILLA LOS AROMOS'),
	(2580, 1706, 'LA FINCA'),
	(2581, 1707, 'PUTAGÁN'),
	(2582, 1708, 'PUERTAS AL FUTURO'),
	(2583, 1708, 'VILLA HISTÓRICA'),
	(2584, 1709, 'PERALILLO'),
	(2585, 1710, 'CALLEJÓN QUILIPÍN'),
	(2586, 1710, 'VILLA  SAN PEDRO'),
	(2587, 1711, 'BAJO ESMERALDA'),
	(2588, 1711, 'SAN AGUSTÍN'),
	(2589, 1712, 'FLOR ORIENTE'),
	(2590, 1713, 'POBLACIÓN EL AROMO'),
	(2591, 1713, 'POBLACIÓN NUEVA ALIANZA'),
	(2592, 1714, 'SANTA ANA DE QUERI'),
	(2593, 1715, 'CALLEJÓN EL MANZANAL'),
	(2594, 1715, 'SEMILLERO'),
	(2595, 1683, 'EL ESFUERZO'),
	(2596, 1683, 'FLOR DE MAULE'),
	(2597, 1683, 'FLOR MARÍA-SAN IGNACIO'),
	(2598, 1683, 'LAS ACACIAS'),
	(2599, 1683, 'LINDA VISTA'),
	(2600, 1683, 'NUEVO AMANECER'),
	(2601, 1683, 'ORILLA DE MAULE'),
	(2602, 1716, 'PUENTE SEIS'),
	(2603, 1717, 'PUENTE TRES'),
	(2604, 1718, 'AGUA DE LA GLORIA'),
	(2605, 1718, 'LOTATO'),
	(2606, 1718, 'PUENTE DOS'),
	(2607, 1719, 'CHAIMÁVIDA SOTO'),
	(2608, 1720, 'CONSTANZA'),
	(2609, 1721, 'POCOLLAY'),
	(2610, 1721, 'PUENTE CUATRO'),
	(2611, 1722, 'LOMAS DE ANDALIÉN'),
	(2612, 1723, 'ROBLE VIEJO'),
	(2613, 1724, 'JUAN RIQUELME'),
	(2614, 1597, 'SAN JORGE'),
	(2615, 1725, 'EL PUEBLITO'),
	(2616, 1725, 'PLAYA BLANCA'),
	(2617, 1725, 'PLAYA BLANCA SUR'),
	(2618, 1726, 'POBLACIÓN ESPERANZA'),
	(2619, 1727, 'LA PAZ'),
	(2620, 1728, 'COPIULEMU'),
	(2621, 1729, 'CRISTO REDENTOR'),
	(2622, 1730, 'NUEVA ESPERANZA'),
	(2623, 1731, 'LAS TOTORITAS'),
	(2624, 1732, 'QUILACOYA'),
	(2625, 1733, 'RINCONADA SUR'),
	(2626, 1733, 'SECTOR PLAYA'),
	(2627, 1734, 'PRIMER AGUA ABAJO'),
	(2628, 1735, 'SANTA JUANA'),
	(2629, 1736, 'TRICAUCO'),
	(2630, 1737, 'VILLA BALSEADERO'),
	(2631, 1738, 'CURALÍ'),
	(2632, 1739, 'ESPIGADO'),
	(2633, 1740, 'LA GENERALA'),
	(2634, 1741, 'ISLA QUIRIQUINA SUR'),
	(2635, 1742, 'MADESAL'),
	(2636, 1743, 'CAMINO A VEGUILLAS'),
	(2637, 1744, 'ALTO COLIUMO SUR'),
	(2638, 1744, 'CAMINO A LOS CEREZOS ALTO'),
	(2639, 1744, 'CAMINO A LOS CEREZOS BAJO'),
	(2640, 1744, 'NUEVO RENACER'),
	(2641, 1744, 'VEGAS DE COLIUMO NORTE'),
	(2642, 1744, 'VEGAS DE COLIUMO SUR'),
	(2643, 1744, 'VILLA LA ESPERANZA'),
	(2644, 1745, 'MENQUE'),
	(2645, 1746, 'CHILLANCITO'),
	(2646, 1747, 'RANCHO GRANDE'),
	(2647, 1730, 'ROA'),
	(2648, 1748, 'CALETA LENGA'),
	(2649, 1749, 'QUIAPO'),
	(2650, 1750, 'TRANCALCO'),
	(2651, 1751, 'HORCONES'),
	(2652, 1751, 'HORCONES PLAYA'),
	(2653, 1751, 'LOS MAITENES'),
	(2654, 1752, 'PICHILO'),
	(2655, 1752, 'SECTOR LA FAJA'),
	(2656, 1753, 'RAQUI ALTO'),
	(2657, 1754, 'TUBUL'),
	(2658, 1756, 'PUNTA LAVAPIÉ'),
	(2659, 1757, 'RUMENA'),
	(2660, 1758, 'ANIQUE'),
	(2661, 1759, 'HUILLINCO'),
	(2662, 1759, 'VILLA MARU'),
	(2663, 1760, 'BUTAMALAL BAJO'),
	(2664, 1761, 'SANTA ELENA'),
	(2665, 1762, 'RUCAÑIRRE'),
	(2666, 1763, 'TRES SAUCES'),
	(2667, 1764, 'HUILQUEHUE'),
	(2668, 1765, 'SANTA ÁNGELA'),
	(2669, 1766, 'PONOTRO'),
	(2670, 1759, 'HUILLINCO ALTO'),
	(2671, 1767, 'LLENQUEHUE'),
	(2672, 1768, 'LAUTARO ANTIQUINA SUR'),
	(2673, 1769, 'ESTACIÓN'),
	(2674, 1770, 'LICAHUE'),
	(2675, 1771, 'CALEBU'),
	(2676, 1772, 'SAN ERNESTO'),
	(2677, 1773, 'LANALHUE'),
	(2678, 1774, 'LAS PLEGARIAS'),
	(2679, 1775, 'PICHIARAUCO'),
	(2680, 1776, 'SAN JOSÉ DE COLICO'),
	(2681, 1777, 'COLICO NORTE'),
	(2682, 1778, 'PIEDRAS LISAS'),
	(2683, 1779, 'LOS RÍOS'),
	(2684, 1780, 'SARA DE LEBU'),
	(2685, 1781, 'PUERTAS DEL ROCÍO'),
	(2686, 1782, 'LAS GREDAS'),
	(2687, 1782, 'PATA DE GALLINA'),
	(2688, 1783, 'LA CANDELARIA'),
	(2689, 1783, 'LAS ENCINAS'),
	(2690, 1784, 'LAS TRANCAS'),
	(2691, 1785, 'MARÍA DOLORES'),
	(2692, 1786, 'AGUAS BLANCAS'),
	(2693, 1787, 'EL AVELLANO'),
	(2694, 1788, 'LOS TILOS'),
	(2695, 1789, 'ALTO LOS MAYOS'),
	(2696, 1789, 'RARINCO NATRE'),
	(2697, 1790, 'SALTO DEL LAJA'),
	(2698, 1790, 'SANTA ROSA ORIENTE'),
	(2699, 1790, 'SANTA ROSA PONIENTE'),
	(2700, 1791, 'LOS GUANACOS NORTE'),
	(2701, 1791, 'LOS GUANACOS SUR'),
	(2702, 1792, 'CORTE LIMA'),
	(2703, 1792, 'VILLA CACHAPOAL'),
	(2704, 1793, 'LA PLAYITA'),
	(2705, 1793, 'PARAGUAY'),
	(2706, 1793, 'PARAGUAY ALTO'),
	(2707, 1793, 'PARAGUAY BAJO'),
	(2708, 1794, 'LAS PITRAS'),
	(2709, 1795, 'MORTANDAD'),
	(2710, 1795, 'MORTANDAD SUR'),
	(2711, 1797, 'SAN PABLO'),
	(2712, 1798, 'EL PINO'),
	(2713, 1799, 'SAN JOSÉ'),
	(2714, 1799, 'SAN JOSÉ ORIENTE'),
	(2715, 1800, 'EL HUERTÓN'),
	(2716, 1801, 'EL MANZANO'),
	(2717, 1801, 'LOS VARONES'),
	(2718, 1801, 'PAULONIO'),
	(2719, 1802, 'LAS INDUSTRIAS'),
	(2720, 1802, 'LAS NIEVES'),
	(2721, 1802, 'RARINCO'),
	(2722, 1803, 'RETAMO'),
	(2723, 1803, 'SAN JOSÉ'),
	(2724, 1803, 'VILLA BELÉN'),
	(2725, 1803, 'VILLA ESPERANZA'),
	(2726, 1804, 'SANTA LUCÍA'),
	(2727, 1805, 'LA PERLA'),
	(2728, 1806, 'LA TRANQUERA'),
	(2729, 1806, 'LAS DELICIAS ALTO'),
	(2730, 1806, 'SAN JOSÉ'),
	(2731, 1806, 'VILLA CUÑIBAL'),
	(2732, 1806, 'VILLA LAS DELICIAS'),
	(2733, 1807, 'LOS COPIHUES ORIENTE'),
	(2734, 1808, 'LLANO BLANCO'),
	(2735, 1807, 'SANTA LUISA'),
	(2736, 1807, 'VILLA DUQUECO'),
	(2737, 1809, 'LAS CAMELIAS BAJO'),
	(2738, 1809, 'TOLPÁN'),
	(2739, 1809, 'VILLA SAN FRANCISCO'),
	(2740, 1809, 'VILLA SUR'),
	(2741, 1810, 'MESAMÁVIDA DOS'),
	(2742, 1810, 'MESAMÁVIDA DOS NORTE'),
	(2743, 1810, 'RINCONADA LA SUERTE'),
	(2744, 1811, 'LOS CANELOS'),
	(2745, 1812, 'VILLA EL ESFUERZO'),
	(2746, 1813, 'VILLA LAS ROSAS'),
	(2747, 1814, 'VILLA PELUCA'),
	(2748, 1815, 'ABANICO'),
	(2749, 1816, 'CAMPAMENTO VIEJO'),
	(2750, 1817, 'EL ROSAL'),
	(2751, 1818, 'CHARRÚA'),
	(2752, 1819, 'CHARRÚA SUR'),
	(2753, 1820, 'SALTO DEL LAJA'),
	(2754, 1820, 'SALTO DEL LAJA NORTE'),
	(2755, 1821, 'AGUAS NEGRAS'),
	(2756, 1822, 'CHILLICO'),
	(2757, 1823, 'LAS PLAYAS'),
	(2758, 1824, 'VIOLETA PARRA'),
	(2759, 1825, 'VILLA LAJA'),
	(2760, 1826, 'CACHAPOAL'),
	(2761, 1827, 'LOS CIÉNOGOS'),
	(2762, 1828, 'PUENTE PERALES'),
	(2763, 1829, 'SANTIAGO CHICO'),
	(2764, 1830, 'CHORRILLOS'),
	(2765, 1831, 'DIUQUÍN PONIENTE'),
	(2766, 1832, 'MIRADOR DE BIOBÍO'),
	(2767, 1833, 'TIERRAS LIBRES'),
	(2768, 1834, 'AURORA DE ENERO'),
	(2769, 1835, 'RAPELCO SUR'),
	(2770, 1836, 'DIUQUÍN'),
	(2771, 1837, 'RINCONADA DE TAVOLEO'),
	(2772, 1838, 'SANTA LUISA'),
	(2773, 1839, 'EL AGRO'),
	(2774, 1840, 'ESPERANZA CAMPESINA'),
	(2775, 1841, 'ESPIGA DE ORO'),
	(2776, 1842, 'PICHI RENAICO'),
	(2777, 1843, 'RIHUE'),
	(2778, 1844, 'EL CONSUELO SUR'),
	(2779, 1843, 'SAN FRANCISCO'),
	(2780, 1845, 'CAMPAMENTO'),
	(2781, 1846, 'LONCOPANGUE'),
	(2782, 1847, 'BAJO DUQUECO'),
	(2783, 1848, 'SAN LORENCITO'),
	(2784, 1849, 'EL HUALLE'),
	(2785, 1851, 'POBLACIÓN ESPERANZA'),
	(2786, 1851, 'SANTA MARINA'),
	(2787, 1852, 'CORCOVADO'),
	(2788, 1853, 'VILLUCURA'),
	(2789, 1854, 'AGUAS BLANCAS'),
	(2790, 1855, 'LOS JUNQUILLOS'),
	(2791, 1856, 'TRUPÁN'),
	(2792, 1857, 'LAS VEGAS DE RÍO CLARO'),
	(2793, 1858, 'MISQUE'),
	(2794, 1859, 'POZO DE ORO'),
	(2795, 1860, 'RÍO CLARO'),
	(2796, 1861, 'RERE'),
	(2797, 1862, 'RALCO'),
	(2798, 1863, 'EL PORTAL'),
	(2799, 1863, 'LAS ARAUCARIAS'),
	(2800, 1863, 'LOS ALERCES'),
	(2801, 1863, 'RINCONADA DE LABRANZA'),
	(2802, 1863, 'VILLA EL MAITÉN'),
	(2803, 1863, 'VILLA EL MANZANO'),
	(2804, 1863, 'VILLA LOS LABRADORES'),
	(2805, 1864, 'EL ROBLE'),
	(2806, 1864, 'PRADERAS EL ARRAYÁN'),
	(2807, 1864, 'VILLA SANTA LUISA'),
	(2808, 1865, 'LOMAS DE HUILICURA'),
	(2809, 1865, 'LOS OLIVOS'),
	(2810, 1865, 'MONASTERIO'),
	(2811, 1865, 'VILLA ALTOS DE RENGALIL'),
	(2812, 1865, 'VILLA CARMEN DE LAS ROSAS'),
	(2813, 1865, 'VILLA HERMOSA LO ELGUETA'),
	(2814, 1865, 'VILLA LOS ÁLAMOS'),
	(2815, 1865, 'VILLA PADRE HURTADO'),
	(2816, 1866, 'LOS CANELOS'),
	(2817, 1867, 'VILLA EL SOL'),
	(2818, 1867, 'VILLA LA SERENA'),
	(2819, 1868, 'VILLA LAS ROSAS'),
	(2820, 1867, 'AGUAS CLARAS'),
	(2821, 1867, 'EL CRUCERO'),
	(2822, 1867, 'LOS TRES AROMOS'),
	(2823, 1867, 'VILLA ANTU'),
	(2824, 1867, 'VILLA AYELEN'),
	(2825, 1867, 'VILLA EL PRADO'),
	(2826, 1867, 'VILLA EL RODEO'),
	(2827, 1867, 'VILLA LA ESPERANZA'),
	(2828, 1867, 'VILLA LA HERRADURA'),
	(2829, 1867, 'VILLA LOS ANHELOS'),
	(2830, 1867, 'VILLA LOS CASTAÑOS'),
	(2831, 1869, 'VILLA BELÉN'),
	(2832, 1870, 'PANCUL'),
	(2833, 1871, 'NEHUENTÚE'),
	(2834, 1872, 'TRANAPUENTE'),
	(2835, 1873, 'LAS ARAUCARIAS'),
	(2836, 1874, 'VILLA GARCÍA'),
	(2837, 1875, 'LAS HORTENSIAS'),
	(2838, 1876, 'CHOROICO - SANTA ISABEL'),
	(2839, 1876, 'EL ESFUERZO'),
	(2840, 1877, 'CATRIPULLI'),
	(2841, 1878, 'HUILQUILCO'),
	(2842, 1879, 'ALLIPÉN'),
	(2843, 1880, 'RADAL'),
	(2844, 1882, 'QUITRATUÉ'),
	(2845, 1883, 'FLOR DEL DONGUIL'),
	(2846, 1884, 'CANTERA'),
	(2847, 1885, 'VISTA HERMOSA'),
	(2848, 1886, 'ROTONDA'),
	(2849, 1887, 'LOS ÁNGELES'),
	(2850, 1888, 'LLIU-LLIU'),
	(2851, 1889, 'CASAHUE'),
	(2852, 1890, 'ANCAHUAL'),
	(2853, 1891, 'LAS VIOLETAS'),
	(2854, 1892, 'VILLA HUEMALAL'),
	(2855, 1893, 'VILLA ESTACIÓN BOROA'),
	(2856, 1893, 'VILLA LOS NOGALES'),
	(2857, 1894, 'VILLA EL PARAÍSO'),
	(2858, 1895, 'VILLA JUVENCIO VALLE'),
	(2859, 1896, 'VILLA ALMAGRO'),
	(2860, 1897, 'ALTOS DE SAN ANDRÉS'),
	(2861, 1898, 'COMITÉ PICHIQUEPE'),
	(2862, 1898, 'VILLA EL PORTAL'),
	(2863, 1899, 'QUILLÉN'),
	(2864, 1900, 'CHANCO ORIENTE'),
	(2865, 1901, 'LOS GALPONES'),
	(2866, 1902, 'COMUY'),
	(2867, 1902, 'EBEN EZER'),
	(2868, 1902, 'LA ESPERANZA'),
	(2869, 1903, 'MAHUIDANCHE'),
	(2870, 1904, 'EL CLARO'),
	(2871, 1905, 'PLAYA BLANCA'),
	(2872, 1905, 'PLAYA NEGRA'),
	(2873, 1906, 'BOCA BUDI'),
	(2874, 1908, 'PUERTO DOMÍNGUEZ'),
	(2875, 1909, 'BARROS ARANA'),
	(2876, 1910, 'LOS PINOS'),
	(2877, 1911, 'VILLA LOS BOLDOS'),
	(2878, 1912, 'SAN PATRICIO'),
	(2879, 1913, 'PARQUE NACIONAL CONGUILLÍO'),
	(2880, 1914, 'LLAIMA'),
	(2881, 1915, 'LONCOTRARO'),
	(2882, 1916, 'MOLCO'),
	(2883, 1916, 'MOLCO BAJO'),
	(2884, 1916, 'MOLCO MEDIO'),
	(2885, 1916, 'VILLA LAS VERTIENTES'),
	(2886, 1916, 'VILLA SALTOS DEL MOLCO'),
	(2887, 1917, 'CHOSCO ALTO'),
	(2888, 1917, 'VILLA JULIA'),
	(2889, 1918, 'EL SAUCE'),
	(2890, 1918, 'VILLA AVIACIÓN'),
	(2891, 1918, 'VILLA EL MONTE'),
	(2892, 1918, 'VILLA LOS MAITENES'),
	(2893, 1918, 'VILLA SANTA ROSA'),
	(2894, 1918, 'VOIPIR'),
	(2895, 1919, 'COLLICO BAJO'),
	(2896, 1919, 'LOS MAITENES DEL VOLCÁN'),
	(2897, 1919, 'LOS NOTROS'),
	(2898, 1919, 'VILLA EDÉN'),
	(2899, 1919, 'VILLA LOS PINOS'),
	(2900, 1919, 'VILLA OREGON'),
	(2901, 1920, 'VILLA LAS ARAUCARIAS'),
	(2902, 1920, 'VILLA LOS AVELLANOS'),
	(2903, 1920, 'VILLA LOS NOTROS'),
	(2904, 1921, 'PUERTO PINAR'),
	(2905, 1922, 'PASAJE RUBY'),
	(2906, 1923, 'CABAÑAS BANCO EDWARDS'),
	(2907, 1924, 'LOS RADALES DE CUDICO'),
	(2908, 1924, 'VILLA EL BOSQUE'),
	(2909, 1925, 'VILLA EL ESTERO'),
	(2910, 1926, 'COYANCO'),
	(2911, 1927, 'CUTIPAY'),
	(2912, 1928, 'CHIGUAIHUE'),
	(2913, 1921, 'EL PARQUE SUR'),
	(2914, 1929, 'BAJO MALLECO'),
	(2915, 1930, 'CEMENTERIO'),
	(2916, 1930, 'RIEGO'),
	(2917, 1931, 'CHOIN LAFKENCHE'),
	(2918, 1703, 'SANTA LUISA'),
	(2919, 1932, 'SALTO DE CHANCAHUE'),
	(2920, 1933, 'CURACO'),
	(2921, 1934, 'RADAL'),
	(2922, 1935, 'RÍO AMARGO'),
	(2923, 1936, 'VEGA LARGA'),
	(2924, 1937, 'MALALCAHUELLO'),
	(2925, 1691, 'SANTA ANA'),
	(2926, 1691, 'SANTA EMA'),
	(2927, 1938, 'PIDIMA'),
	(2928, 1939, 'TROYO'),
	(2929, 1940, 'LIUCURA'),
	(2930, 1941, 'TRINTRE'),
	(2931, 1942, 'PICHIPELLAHUÉN'),
	(2932, 1943, 'CAUPOLICÁN'),
	(2933, 1944, 'CHUFQUÉN'),
	(2934, 1945, 'VILLA QUILQUÉN'),
	(2935, 1946, 'EL FORTÍN'),
	(2936, 1947, 'VILLA CAUTÍN'),
	(2937, 1948, 'CALIFORNIA'),
	(2938, 1949, 'SELVA OSCURA'),
	(2939, 1950, 'PÚA'),
	(2940, 1951, 'QUINO'),
	(2941, 1952, 'ALTO BONITO'),
	(2942, 1953, 'CHINQUIHUE CENTRO'),
	(2943, 1953, 'CHINQUIHUE NORTE'),
	(2944, 1953, 'COSTA TENGLO ALTO'),
	(2945, 1954, 'COSTA TENGLO'),
	(2946, 1955, 'ALTO LA PALOMA'),
	(2947, 1956, 'CHAMIZA'),
	(2948, 1956, 'CHAMIZA SUR'),
	(2949, 1957, 'LA POZA'),
	(2950, 1958, 'COLONIA METRENQUÉN'),
	(2951, 1959, 'COLONIA TRES PUENTES'),
	(2952, 1960, 'CASCADA'),
	(2953, 1960, 'CORRENTOSO'),
	(2954, 1960, 'CORRENTOSO PONIENTE'),
	(2955, 1960, 'HORNO HUINCO'),
	(2956, 1961, 'RÍO BLANCO'),
	(2957, 1962, 'POLINCAY'),
	(2958, 1963, 'METRI'),
	(2959, 1964, 'PIEDRA AZUL'),
	(2960, 1964, 'PIEDRA AZUL ALTO'),
	(2961, 1964, 'RALIMÓ'),
	(2962, 1964, 'VILLA LOS CISNES'),
	(2963, 1964, 'VILLA RUCAHUE'),
	(2964, 1965, 'QUILLAIPE'),
	(2965, 1966, 'CALETA GUTIÉRREZ'),
	(2966, 1967, 'CHAICA'),
	(2967, 1967, 'MORRO CHAICA'),
	(2968, 1968, 'LENCA'),
	(2969, 1969, 'COLONIA BRAHM'),
	(2970, 1969, 'LA CAPILLA'),
	(2971, 1969, 'PUNTILLA TENGLO'),
	(2972, 1970, 'PANITAO ALTO'),
	(2973, 1970, 'PANITAO ALTO ORIENTE'),
	(2974, 1970, 'PANITAO BAJO'),
	(2975, 1970, 'TRAPÉN'),
	(2976, 1970, 'TRAPÉN PONIENTE'),
	(2977, 1952, 'ALTO BONITO PONIENTE'),
	(2978, 1952, 'LAS CANCHAS'),
	(2979, 1971, 'CARDONAL BAJO'),
	(2980, 1972, 'LAGUNITAS'),
	(2981, 1973, 'LAS QUEMAS'),
	(2982, 1973, 'POBLACIÓN TORIBIO'),
	(2983, 1974, 'CHINCHÍN GRANDE'),
	(2984, 1975, 'CHAYAHUÉ'),
	(2985, 1976, 'PARGUA'),
	(2986, 1977, 'COLACO'),
	(2987, 1978, 'CAMINO NUEVO'),
	(2988, 1978, 'COCHAMÓ'),
	(2989, 1979, 'LAS ROSAS'),
	(2990, 1979, 'PUELO BAJO'),
	(2991, 1980, 'LAS BEATAS'),
	(2992, 1981, 'POLIZONES'),
	(2993, 1982, 'EL REPIL'),
	(2994, 1983, 'CLUB PESCA Y CAZA'),
	(2995, 1983, 'LA POBLA'),
	(2996, 1984, 'TEGUALDA'),
	(2997, 1985, 'EL CAÑAL'),
	(2998, 1986, 'AMANCAYES'),
	(2999, 1987, 'EL PANTANAL'),
	(3000, 1987, 'LÍNEA SIN NOMBRE'),
	(3001, 1988, 'PARGA'),
	(3002, 1989, 'PICHILÓPEZ'),
	(3003, 1990, 'PATAGONIA VIRGIN'),
	(3004, 1991, 'LOS RADALES'),
	(3005, 1992, 'CASMA'),
	(3006, 1993, 'COLONIA LA RADIO'),
	(3007, 1994, 'SAN MARTÍN'),
	(3008, 1995, 'LOMA LA PIEDRA'),
	(3009, 1996, 'LOS BAJOS'),
	(3010, 1997, 'CAÑITAS'),
	(3011, 1998, 'POBLACIÓN CARRASCO'),
	(3012, 1998, 'POBLACIÓN TOLEDO'),
	(3013, 1999, 'EL TORREÓN'),
	(3014, 1999, 'RÍO FRÍO'),
	(3015, 2000, 'CUMBRE ALTA'),
	(3016, 2001, 'COLONIA LOS INDIOS'),
	(3017, 2002, 'LONCOTORO'),
	(3018, 2003, 'SAN JUAN'),
	(3019, 2003, 'SAN JUAN SUR'),
	(3020, 2004, 'EL DADY'),
	(3021, 2004, 'HUICHAMILLA'),
	(3022, 2005, 'PUERTO GODOY NORTE'),
	(3023, 2006, 'QUENUIR'),
	(3024, 2007, 'CHANHUÉ'),
	(3025, 2007, 'EL CARRIZO'),
	(3026, 2007, 'LAS CONCHILLAS'),
	(3027, 2007, 'LOS COIHUES'),
	(3028, 2008, 'LA PASADA LEPIHUE'),
	(3029, 2009, 'LOLCURA'),
	(3030, 2010, 'EL EMPALME'),
	(3031, 2011, 'ASTILLERO BAJO'),
	(3032, 2012, 'COLONIA RÍO SUR'),
	(3033, 2013, 'LOS RISCOS'),
	(3034, 2013, 'LOS RISCOS PONIENTE'),
	(3035, 2014, 'ENSENADA'),
	(3036, 2014, 'LOS ARRAYANES'),
	(3037, 2014, 'REFLEJOS DEL LAGO'),
	(3038, 2014, 'VILLA ELISA'),
	(3039, 2014, 'VILLA LOS ÁLAMOS'),
	(3040, 2014, 'VILLA LOS VOLCANES'),
	(3041, 2015, 'RALÚN'),
	(3042, 2016, 'ROLLIZOS'),
	(3043, 2017, 'PID PID'),
	(3044, 2018, 'LOS PATOS'),
	(3045, 2018, 'PUTEMÚN'),
	(3046, 2019, 'RILÁN'),
	(3047, 2020, 'CHELÍN BAJO'),
	(3048, 2022, 'YUTUY'),
	(3049, 2023, 'PASTAHUÉ'),
	(3050, 2024, 'LA PLAYA'),
	(3051, 2025, 'CHACAO'),
	(3052, 2026, 'COSTA MANAO'),
	(3053, 2026, 'MANAO CENTRO'),
	(3054, 2027, 'LOS PATOS'),
	(3055, 2028, 'LOS PATOS'),
	(3056, 2029, 'AGROSOL'),
	(3057, 2030, 'QUETALMAHUE'),
	(3058, 2031, 'HUICHA'),
	(3059, 2032, 'NOTUCO'),
	(3060, 2033, 'NATRI ALTO'),
	(3061, 2034, 'PÚLPITO'),
	(3062, 2035, 'CUCAO'),
	(3063, 2036, 'CHANQUÍN'),
	(3064, 2036, 'PARQUE NACIONAL CHILOÉ'),
	(3065, 2037, 'NALHUITAD'),
	(3066, 1933, 'LOS MOLINOS'),
	(3067, 2038, 'LOS PALQUIS'),
	(3068, 2039, 'MOCOPULLI BAJO'),
	(3069, 2039, 'MOCOPULLI CARRETERA NORTE'),
	(3070, 2039, 'MOCOPULLI CARRETERA SUR'),
	(3071, 2040, 'ÑIUCHO'),
	(3072, 2040, 'ÑIUCHO CARRETERA'),
	(3073, 2041, 'CALÉN BAJO'),
	(3074, 2042, 'TENAÚN BAJO'),
	(3075, 2043, 'TOCOIHUE'),
	(3076, 2044, 'LINCAY'),
	(3077, 2045, 'PUQUELDÓN'),
	(3078, 2046, 'ALDACHILDO'),
	(3079, 2047, 'ICHUAC'),
	(3080, 2048, 'DETIF'),
	(3081, 2049, 'ISLA ACUY'),
	(3082, 2050, 'DETICO BAJO'),
	(3083, 2051, 'VILLA EL LAGO'),
	(3084, 2053, 'LAS ANTENAS'),
	(3085, 1783, 'CANDELARIA'),
	(3086, 2054, 'BARRA CHAIGUAO'),
	(3087, 2055, 'AUCHAC'),
	(3088, 2056, 'CURAHUE'),
	(3089, 2057, 'CURANUE'),
	(3090, 2058, 'COMPU'),
	(3091, 2059, 'MOLULCO'),
	(3092, 2060, 'LA VEGA'),
	(3093, 2061, 'AUCAR CENTRO'),
	(3094, 2062, 'MONTEMAR BAJO'),
	(3095, 2063, 'LA VILLA'),
	(3096, 2064, 'AÑIHUE'),
	(3097, 2065, 'VILLA MECHUQUE'),
	(3098, 2066, 'ISLA TAC'),
	(3099, 2067, 'LA VILLA'),
	(3100, 2068, 'LA CAPILLA'),
	(3101, 2069, 'LA VILLA'),
	(3102, 2070, 'LA VILLA'),
	(3103, 2071, 'MISIÓN DE RAHUE'),
	(3104, 2072, 'BAQUEDANO'),
	(3105, 2073, 'CALLEJÓN SOLIS'),
	(3106, 2074, 'MULPULMO'),
	(3107, 2075, 'EL ALMENDRAL'),
	(3108, 2075, 'EL MIRADOR'),
	(3109, 2076, 'CAÑAL BAJO'),
	(3110, 2077, 'LAS LUMAS'),
	(3111, 2077, 'LAS RUEDAS'),
	(3112, 2078, 'JARDÍN DEL SUR'),
	(3113, 2079, 'LOS MELÍES'),
	(3114, 2073, 'ESPERANZA'),
	(3115, 2073, 'VILLA PICHIL'),
	(3116, 1895, 'CANCURA'),
	(3117, 2080, 'PUCOIHUE'),
	(3118, 2081, 'CABAÑAS KHOLER'),
	(3119, 2082, 'PUERTO OCTAY ALTO'),
	(3120, 2083, 'EL ESCUDO'),
	(3121, 2084, 'LAS CASCADAS'),
	(3122, 2085, 'DOLLINCO'),
	(3123, 2085, 'DOS ÁLAMOS'),
	(3124, 2085, 'OROMO UNO'),
	(3125, 2086, 'LINDEROS'),
	(3126, 2087, 'OROMO'),
	(3127, 2088, 'CONCORDIA'),
	(3128, 2089, 'CRUCERO'),
	(3129, 2090, 'RINCÓN CHILENO'),
	(3130, 2091, 'COLIGUAL'),
	(3131, 2092, 'LOS HUERTOS'),
	(3132, 2089, 'POZA BLANCA'),
	(3133, 2093, 'HUEYUSCA'),
	(3134, 2094, 'LA NARANJA ORIENTE'),
	(3135, 2094, 'LA NARANJA PONIENTE'),
	(3136, 2089, 'CRUCERO VIEJO'),
	(3137, 2093, 'HUEYUSCA ESTE'),
	(3138, 2093, 'HUEYUSCA PONIENTE'),
	(3139, 2093, 'NUEVA ESPERANZA'),
	(3140, 2093, 'PUQUITRAHUE'),
	(3141, 2095, 'PILMAIQUÉN'),
	(3142, 2096, 'AGUAS CALIENTES'),
	(3143, 2097, 'PAJARITOS'),
	(3144, 2098, 'VILLA TERMAS DE PUYEHUE'),
	(3145, 2099, 'VILLORRIO LOS NEGROS'),
	(3146, 2100, 'VILLA EBENEZER'),
	(3147, 2101, 'BELLAVISTA'),
	(3148, 2102, 'CHIFÍN'),
	(3149, 2102, 'CHIFÍN BAJO'),
	(3150, 2101, 'CHAPACO'),
	(3151, 2103, 'HUILMA'),
	(3152, 2104, 'EL BOSQUE'),
	(3153, 2105, 'CHANCHÁN'),
	(3154, 2106, 'SALCA'),
	(3155, 2107, 'RIACHUELO'),
	(3156, 2108, 'MISIÓN SAN JUAN DE LA COSTA'),
	(3157, 2109, 'PULAMEMO'),
	(3158, 2110, 'MOLINO DE ORO'),
	(3159, 2111, 'PUAUCHO'),
	(3160, 2112, 'CONTACO PUCATRIHUE'),
	(3161, 2112, 'PUCATRIHUE'),
	(3162, 2113, 'CARACOL'),
	(3163, 2114, 'SAN SEBASTIÁN'),
	(3164, 2115, 'QUILACAHUÍN'),
	(3165, 2114, 'TRUMAO VIEJO'),
	(3166, 2116, 'EL AMARILLO'),
	(3167, 2118, 'AYACARA NORTE'),
	(3168, 2119, 'BUILL NORTE'),
	(3169, 2120, 'VILLA SANTA LUCÍA'),
	(3170, 2121, 'LA ESCUELA'),
	(3171, 2122, 'LONCONAO NORTE'),
	(3172, 2123, 'CHAGUAL'),
	(3173, 2123, 'CONTAO'),
	(3174, 2123, 'PUÑÓN'),
	(3175, 2124, 'MAÑIHUEICO'),
	(3176, 2125, 'QUILDACO BAJO'),
	(3177, 2126, 'QUILDACO MUY'),
	(3178, 2127, 'CHAUCHIL'),
	(3179, 2128, 'PUNTA HURÓN'),
	(3180, 2128, 'PUNTA NAO'),
	(3181, 2128, 'QUETÉN'),
	(3182, 2128, 'ROLECHA'),
	(3183, 2128, 'TENTELHUE'),
	(3184, 2129, 'CHEÑUE'),
	(3185, 2129, 'CUBERO'),
	(3186, 2129, 'EL ESTERO'),
	(3187, 2129, 'EL PUERTO'),
	(3188, 2129, 'PUNTA POE'),
	(3189, 2130, 'ISLA MALOMACÚN'),
	(3190, 2131, 'LLEGUIMÁN'),
	(3191, 2131, 'PURNE'),
	(3192, 2132, 'PICHICOLO'),
	(3193, 2132, 'PICHICOLO ALTO'),
	(3194, 2132, 'PUNTILLA PICHICOLO'),
	(3195, 2133, 'LA ARENA'),
	(3196, 2134, 'LAGO CABRERA'),
	(3197, 2132, 'COSTA LLANCHID'),
	(3198, 2136, 'QUIACA'),
	(3199, 2137, 'HUINAY'),
	(3200, 2138, 'VODUDAHUE'),
	(3201, 2139, 'LAGO PALENA'),
	(3202, 2140, 'VILLA ORTEGA'),
	(3203, 2141, 'BAÑO NUEVO'),
	(3204, 2141, 'PUESTO VIEJO'),
	(3205, 2142, 'EL GATO'),
	(3206, 2143, 'ÑIREGUAO'),
	(3207, 2144, 'BALMACEDA'),
	(3208, 2145, 'EL BLANCO'),
	(3209, 2146, 'EL MORRO'),
	(3210, 2146, 'EL SALTO'),
	(3211, 2146, 'VILLA JARA'),
	(3212, 2147, 'VILLA LAGO ATRAVESADO'),
	(3213, 2148, 'VALLE SIMPSON'),
	(3214, 2149, 'VILLA FREI'),
	(3215, 2150, 'ALTO BAGUALES'),
	(3216, 2151, 'REGIMIENTO LAS BANDURRIAS'),
	(3217, 2152, 'LAGO VERDE'),
	(3218, 2153, 'RÍO CISNES'),
	(3219, 2154, 'VILLA LA TAPERA'),
	(3220, 2155, 'VILLA AMENGUAL'),
	(3221, 2156, 'LAGO DE LOS PALOS'),
	(3222, 2156, 'RÍO DE LOS PALOS'),
	(3223, 2156, 'RÍO DE LOS PALOS SUR'),
	(3224, 2157, 'CAMINO PANGAL BAJO'),
	(3225, 2158, 'VALLE VERDE'),
	(3226, 2159, 'EL BALSEO'),
	(3227, 2160, 'KILÓMETRO VEINTITRÉS'),
	(3228, 2161, 'VILLA LOS TORREONES SUR'),
	(3229, 2162, 'EL SALTO'),
	(3230, 2162, 'LA GRUTA'),
	(3231, 2163, 'LA PALOMA'),
	(3232, 2164, 'CALETA ANDRADE'),
	(3233, 2165, 'ESTERO COPA'),
	(3234, 2166, 'PUERTO AGUIRRE'),
	(3235, 2167, 'PUERTO GAVIOTA'),
	(3236, 2168, 'LAS TERMAS'),
	(3237, 2168, 'PUERTO PUYUHUAPI'),
	(3238, 2169, 'MELIMOYU'),
	(3239, 2170, 'REPOLLAL BAJO'),
	(3240, 2171, 'TENIENTE MERINO'),
	(3241, 2172, 'LAS CHACRAS'),
	(3242, 2172, 'VILLA O\'HIGGINS'),
	(3243, 2173, 'AERÓDROMO ENRIQUE MAYER SOTO'),
	(3244, 2174, 'CALETA TORTEL'),
	(3245, 2175, 'MALLÍN GRANDE'),
	(3246, 2176, 'PUERTO GUADAL'),
	(3247, 2177, 'PASARELA SUR'),
	(3248, 2177, 'PUERTO BERTRAND'),
	(3249, 2178, 'VILLA CERRO CASTILLO'),
	(3250, 2179, 'PUERTO IBÁÑEZ'),
	(3251, 2180, 'PUERTO SÁNCHEZ'),
	(3252, 2181, 'PUERTO RÍO TRANQUILO'),
	(3253, 2182, 'BAHÍA MURTA'),
	(3254, 2183, 'BLESSEN'),
	(3255, 2183, 'PUEBLO VASCO'),
	(3256, 2184, 'VILLA ELENA'),
	(3257, 2185, 'KON AIKEN'),
	(3258, 2186, 'RENÉ SCHNEIDER'),
	(3259, 2187, 'PAMPA ALEGRE'),
	(3260, 2188, 'ANDINO'),
	(3261, 2189, 'MONTE VERDE'),
	(3262, 2190, 'LLAU LLAU'),
	(3263, 2190, 'PAMPA REDONDA'),
	(3264, 2190, 'VILLA ANDREA'),
	(3265, 2191, 'RÍO DE LAS MINAS'),
	(3266, 2192, 'RÍO DE LOS CIERVOS'),
	(3267, 2192, 'VILLA SAN RAFAEL'),
	(3268, 2193, 'PUERTO HARRIS'),
	(3269, 2194, 'AIKEN'),
	(3270, 2195, 'VIALIDAD ROMÁN CIFUENTES'),
	(3271, 2196, 'LAGUNITA'),
	(3272, 2197, 'MONTE BELLO'),
	(3273, 2198, 'VILLA TEHUELCHES'),
	(3274, 2199, 'VILLA PONSOMBY'),
	(3275, 2200, 'CAÑADÓN GRANDE'),
	(3276, 2200, 'MONTE AYMOND'),
	(3277, 2201, 'PUESTO GALLEGO CHICO'),
	(3278, 2202, 'PUERTO NAVARINO'),
	(3279, 2203, 'PUERTO TORO'),
	(3280, 2204, 'VILLA LAS ESTRELLAS'),
	(3281, 2205, 'CERRO SOMBRERO'),
	(3282, 2206, 'CAMERON'),
	(3283, 2207, 'CLUB PESCA Y CAZA'),
	(3284, 2208, 'LAGO DESEADO'),
	(3285, 2209, 'PAMPA GUANACO'),
	(3286, 2210, 'PARQUE KARUKINKA'),
	(3287, 2211, 'TIERRA DEL FUEGO'),
	(3288, 2212, 'SECCIÓN RÍO RUSSFIN'),
	(3289, 2213, 'BIOTEX'),
	(3290, 2214, 'VILLA DOROTEA'),
	(3291, 2215, 'VILLA RENOVAL'),
	(3292, 2216, 'SENO OBSTRUCCIÓN'),
	(3293, 2217, 'AEROPUERTO ÚLTIMA ESPERANZA'),
	(3294, 2218, 'ISLA LOS MUERTOS'),
	(3295, 2218, 'PUERTO PRAT'),
	(3296, 2178, 'CERRO CASTILLO'),
	(3297, 2219, 'VILICIC'),
	(3298, 2220, 'CAMPING SODEXO'),
	(3299, 2220, 'HOSTERÍA PEHOE'),
	(3300, 2221, 'VILICIC'),
	(3301, 2222, 'ECOCAMP'),
	(3302, 2222, 'LAS TORRES'),
	(3303, 2223, 'ADMINISTRACIÓN PARQUE TORRES DEL PAINE'),
	(3304, 2223, 'PATAGONIA CAMP'),
	(3305, 2224, 'REFUGIO CUERNOS'),
	(3306, 2225, 'BOLLENAR'),
	(3307, 2226, 'CORRAL QUEMADO'),
	(3308, 2227, 'LOMAS DEL VIENTO'),
	(3309, 2228, 'LA PARVA'),
	(3310, 2229, 'EL CERRILLO'),
	(3311, 2229, 'PUEBLITO LA FARFANA'),
	(3312, 2230, 'EL NOVICIADO'),
	(3313, 2230, 'NOVICIADO ALTO'),
	(3314, 2230, 'NOVICIADO NORTE'),
	(3315, 2230, 'NOVICIADO SUR'),
	(3316, 2231, 'LAS LILAS'),
	(3317, 2231, 'VILLA COUSSO'),
	(3318, 2232, 'CAMPO ALEGRE'),
	(3319, 2233, 'PERALITO'),
	(3320, 2234, 'COLO-COLO'),
	(3321, 2235, 'LO ECHEVERS NORTE'),
	(3322, 2235, 'LO ECHEVERS SUR'),
	(3323, 2236, 'SAN LUIS'),
	(3324, 2237, 'LOS ARENEROS'),
	(3325, 2238, 'LA GRANJA'),
	(3326, 2238, 'LA NOGALADA'),
	(3327, 2238, 'SAN LUIS'),
	(3328, 2238, 'VILLORIO SAN JOSÉ OBRERO'),
	(3329, 2239, 'LOS SILOS'),
	(3330, 2240, 'LO ARCAYA'),
	(3331, 2240, 'MACUL'),
	(3332, 2240, 'RANCHO SIETE'),
	(3333, 2241, 'EL GUAYACÁN'),
	(3334, 2241, 'EL NOCEDAL'),
	(3335, 2241, 'EL QUILLAYAL'),
	(3336, 2241, 'LOMITAS DE GUAYACÁN'),
	(3337, 2241, 'POBLACIÓN MILITAR'),
	(3338, 2242, 'EL ALFALFAL'),
	(3339, 2243, 'EL ALMENDRO'),
	(3340, 2243, 'EL BOYENAR'),
	(3341, 2243, 'SAN GABRIEL'),
	(3342, 2244, 'BAÑOS MORALES'),
	(3343, 2245, 'EX MERCEDITA VIEJA'),
	(3344, 2245, 'QUELTEHUES'),
	(3345, 2246, 'LAS MELOSAS'),
	(3346, 2247, 'EL INGENIO'),
	(3347, 2248, 'CAMINO AL TOYO'),
	(3348, 2248, 'EL PEUMO PONIENTE'),
	(3349, 2248, 'EL TOYO'),
	(3350, 2249, 'MANUEL RODRÍGUEZ'),
	(3351, 2250, 'LA COPA'),
	(3352, 2250, 'SANTA ESTER'),
	(3353, 2250, 'SANTA MARÍA DE LIRAY'),
	(3354, 2251, 'LA VIÑITA'),
	(3355, 2251, 'LIRAY NORTE'),
	(3356, 2251, 'SANTA MARTA DE LIRAY'),
	(3357, 2251, 'TIERRA LINDA'),
	(3358, 2252, 'EJEMPLO CAMPESINO'),
	(3359, 2252, 'LAS ACHIRAS'),
	(3360, 2253, 'LAS CANTERAS'),
	(3361, 2254, 'SANTA LUZ'),
	(3362, 2255, 'VILLA PELDEHUE'),
	(3363, 2256, 'CAMINO LA VIRGEN'),
	(3364, 2256, 'CHACABUCO'),
	(3365, 2256, 'LA VICTORIA'),
	(3366, 2256, 'LAS CASAS DE CHACABUCO'),
	(3367, 2257, 'QUILAPILÚN ALTO'),
	(3368, 2257, 'QUILAPILÚN BAJO PONIENTE'),
	(3369, 2240, 'LO ARCAYA NORTE'),
	(3370, 2258, 'LA AGUACA'),
	(3371, 2259, 'EL RESPLANDOR'),
	(3372, 2260, 'ESFUERZO CAMPESINO'),
	(3373, 2260, 'ESFUERZO CAMPESINO UNO'),
	(3374, 2261, 'LO VARGAS'),
	(3375, 2262, 'LOS ESPINOS'),
	(3376, 2263, 'NUEVO PORVENIR NORTE'),
	(3377, 2263, 'NUEVO PORVENIR SUR'),
	(3378, 2263, 'TOMA SAN ANDRÉS'),
	(3379, 2264, 'EL CERRILLO'),
	(3380, 2261, 'LA CAMPIÑA'),
	(3381, 2265, 'SANTA CAROLINA NORTE'),
	(3382, 2265, 'SANTA CAROLINA PONIENTE'),
	(3383, 2265, 'SANTA CAROLINA SUR'),
	(3384, 2252, 'SANTA SARA'),
	(3385, 2252, 'SANTA SARA SUR'),
	(3386, 2266, 'EL TAQUERAL'),
	(3387, 2266, 'EL TAQUERAL SUR'),
	(3388, 2267, 'LA VILANA'),
	(3389, 2267, 'LA VILINA'),
	(3390, 1830, 'CHORRILLOS NORTE'),
	(3391, 1830, 'CHORRILLOS PONIENTE'),
	(3392, 1830, 'CHORRILLOS SUR'),
	(3393, 2268, 'LA PRIMAVERA'),
	(3394, 2269, 'MIRAFLORES'),
	(3395, 2269, 'MIRAFLORES SUR'),
	(3396, 2270, 'HUECHÚN'),
	(3397, 2271, 'PLAZUELA DE POLPAICO'),
	(3398, 2271, 'PUNTA PEUCO'),
	(3399, 2272, 'COQUIMBITO NORTE'),
	(3400, 2272, 'SANTA MATILDE'),
	(3401, 2273, 'LA CUMBRE'),
	(3402, 2273, 'MONTENEGRO'),
	(3403, 2274, 'RUNGUE'),
	(3404, 2275, 'EL MARISCAL'),
	(3405, 2276, 'EL BARRANCÓN'),
	(3406, 2276, 'EL BARRANCÓN NORTE'),
	(3407, 2276, 'SANTA JULIA'),
	(3408, 2277, 'CAMINO A CALERA DE TANGO'),
	(3409, 2278, 'RINCONADA DE CHENA'),
	(3410, 2279, 'LO INFANTE'),
	(3411, 2279, 'SAN MARCOS'),
	(3412, 2280, 'CERVERA'),
	(3413, 2281, 'CERRILLOS'),
	(3414, 2281, 'CERRILLOS SUR'),
	(3415, 2281, 'CRUCE BASCUÑÁN'),
	(3416, 2281, 'LOS ALMENDROS'),
	(3417, 2280, 'CERVERA BAJO'),
	(3418, 2282, 'QUINTA DE MAIPO'),
	(3419, 2282, 'QUINTA DE MAIPO SUR'),
	(3420, 2283, 'CAMPUSANO'),
	(3421, 2285, 'EL RECURSO'),
	(3422, 2285, 'LOS ARENEROS'),
	(3423, 2286, 'LOS TILOS'),
	(3424, 2287, 'VILLA JESÚS'),
	(3425, 2288, 'EL COPIHUE'),
	(3426, 2288, 'EL COPIHUE CENTRO'),
	(3427, 2289, 'LO ERMITA'),
	(3428, 2289, 'LO ERMITA NORTE'),
	(3429, 2290, 'CALERA DE TANGO'),
	(3430, 2290, 'SAN JOSÉ'),
	(3431, 2291, 'EL NARANJAL'),
	(3432, 2291, 'LO CARVALLO'),
	(3433, 2291, 'LO CARVALLO CENTRO'),
	(3434, 2292, 'LA PRIMAVERA'),
	(3435, 2292, 'SAN LUIS'),
	(3436, 2293, 'LONQUÉN SUR'),
	(3437, 2286, 'VILLORRIO VALLE DE TANGO'),
	(3438, 2292, 'EL SAUCE'),
	(3439, 2292, 'EL SAUCE ORIENTE'),
	(3440, 2292, 'LONQUÉN SUR'),
	(3441, 2294, 'PALERMO'),
	(3442, 1971, 'CARDONAL BAJO ORIENTE'),
	(3443, 1971, 'CARDONAL BAJO PONIENTE'),
	(3444, 2295, 'LOS HORNOS DE ACULEO ORIENTE'),
	(3445, 2295, 'LOS HORNOS DE ACULEO PONIENTE'),
	(3446, 2295, 'RANGUE'),
	(3447, 2296, 'CULITRÍN'),
	(3448, 2296, 'SANTA MARTA'),
	(3449, 2297, 'EL PAULA'),
	(3450, 2298, 'APARICIÓN ORIENTE'),
	(3451, 2299, 'ÁGUILA NORTE'),
	(3452, 2300, 'ÁGUILA SUR'),
	(3453, 2301, 'ABRANTES SUR'),
	(3454, 2302, 'HUITICALÁN'),
	(3455, 2303, 'EL BAJO'),
	(3456, 2304, 'CARMEN BAJO'),
	(3457, 2305, 'CHOCALÁN'),
	(3458, 2306, 'LA VILUMA'),
	(3459, 2306, 'LA VILUMA SUR'),
	(3460, 2307, 'CHOLQUI'),
	(3461, 2308, 'MANANTIALES NORTE'),
	(3462, 2309, 'CULIPRÁN'),
	(3463, 2309, 'LAS PALMERAS'),
	(3464, 2310, 'MANDINGA'),
	(3465, 2311, 'HUECHÚN BAJO'),
	(3466, 2312, 'COLONIAS DE PUANGUE'),
	(3467, 2312, 'LIBERTAD SUR'),
	(3468, 2312, 'MONTAÑA ADENTRO'),
	(3469, 2312, 'PUANGUE'),
	(3470, 2313, 'EL PIMIENTO'),
	(3471, 2313, 'LA PRIMAVERA'),
	(3472, 2314, 'EL ALTO'),
	(3473, 2314, 'EL MANZANO-LAS ROSAS'),
	(3474, 2314, 'LAS ROSAS'),
	(3475, 2314, 'SANTA VICTORIA DE CHIÑIHUE'),
	(3476, 2314, 'SOL NACIENTE'),
	(3477, 2315, 'VILLA EL MARCO'),
	(3478, 2316, 'CODIGUA'),
	(3479, 2316, 'GABRIELA MISTRAL'),
	(3480, 2317, 'SANTA ELENA'),
	(3481, 2317, 'VIÑA EL CAMPESINO NORTE'),
	(3482, 2318, 'HERMANOS CARRERA'),
	(3483, 2320, 'LAS CALICHERAS'),
	(3484, 2321, 'HACIENDA ALHUÉ'),
	(3485, 2320, 'IGNACIO CARRERA PINTO'),
	(3486, 2322, 'BARRANCAS DE PICHI'),
	(3487, 2323, 'POLULO'),
	(3488, 2324, 'PINCHA'),
	(3489, 2325, 'EL AJIAL ORIENTE'),
	(3490, 2326, 'LO ALVARADO'),
	(3491, 2328, 'COLO-COLO'),
	(3492, 2328, 'PATAGÜILLA'),
	(3493, 2328, 'PATAGÜILLA EL BOSQUE'),
	(3494, 2328, 'PATAGÜILLA INTERIOR'),
	(3495, 2329, 'EL ESTERO'),
	(3496, 2330, 'CAMINO SAN PASTOR'),
	(3497, 2331, 'BARACALDO'),
	(3498, 2331, 'BARACALDO NORTE'),
	(3499, 2334, 'ANASAC'),
	(3500, 2334, 'ISLA DE ROJA'),
	(3501, 2334, 'ISLA DE ROJA SUR'),
	(3502, 2334, 'LO OVALLE'),
	(3503, 2335, 'RANCHILLO ADENTRO'),
	(3504, 1557, 'SANTA EMILIA'),
	(3505, 2336, 'CHOROMBO'),
	(3506, 2336, 'CHOROMBO MEDIO'),
	(3507, 2336, 'CHOROMBO-IBACACHE'),
	(3508, 2336, 'IBACACHE ALTO'),
	(3509, 2337, 'CANCHA DE PIEDRA'),
	(3510, 2338, 'POBLACIÓN LA MINA'),
	(3511, 2339, 'EL YALI'),
	(3512, 2339, 'VILLA NUEVO AMANECER'),
	(3513, 2340, 'LOICA ARRIBA'),
	(3514, 2341, 'EL PRADO'),
	(3515, 2342, 'EL CARMEN'),
	(3516, 1691, 'LAS GOLONDRINAS'),
	(3517, 1691, 'VILLA LORETO'),
	(3518, 2344, 'EL TRIUNFADOR NORTE'),
	(3519, 2344, 'EL TRIUNFADOR SUR'),
	(3520, 2345, 'CAMINO LONQUÉN SUR'),
	(3521, 2346, 'EL CORTE'),
	(3522, 1691, 'SANTA AMELIA'),
	(3523, 2314, 'CHIÑIHUE EL CRISTO'),
	(3524, 2314, 'CHIÑIHUE LOS QUILOS'),
	(3525, 2347, 'EL PAICO ALTO'),
	(3526, 2348, 'DIEGO DE ALMAGRO'),
	(3527, 2348, 'NAZARIO ARAOS'),
	(3528, 2350, 'PUNTILLA DE LONQUÉN'),
	(3529, 2351, 'EL NOGAL'),
	(3530, 2351, 'LA VILLITA'),
	(3531, 2351, 'LA VILLITA ARRIBA'),
	(3532, 2351, 'LA VILLITA ARRIBA CENTRO'),
	(3533, 2351, 'LA VILLITA ARRIBA NORTE'),
	(3534, 2351, 'LA VILLITA ARRIBA SUR'),
	(3535, 2352, 'EL ESCORIAL'),
	(3536, 2352, 'LLAVERÍA'),
	(3537, 2352, 'SAN VICENTE DE NALTAGUA'),
	(3538, 2353, 'LOS CORRALES PONIENTE'),
	(3539, 2354, 'EL BOSQUE'),
	(3540, 2354, 'LA CALERÍA'),
	(3541, 2354, 'LAS VIOLETAS SUR'),
	(3542, 2354, 'SANTA MÓNICA'),
	(3543, 2354, 'SANTA MÓNICA ORIENTE'),
	(3544, 2355, 'EL CURATO ORIENTE'),
	(3545, 2355, 'EL CURATO PONIENTE'),
	(3546, 2356, 'EL TREBAL'),
	(3547, 2357, 'LA VIÑITA'),
	(3548, 2357, 'PELVÍN'),
	(3549, 2358, 'PEÑAFLOR'),
	(3550, 2359, 'EL GUANACO'),
	(3551, 1919, 'COLLICO'),
	(3552, 2360, 'CUESTA DE SOTO'),
	(3553, 2361, 'HUELLELHUE'),
	(3554, 2362, 'EL COLMENAR'),
	(3555, 2362, 'LLANCAHUE'),
	(3556, 1916, 'CATRIPULLI'),
	(3557, 2363, 'ARIQUE'),
	(3558, 2363, 'CHINCUIN'),
	(3559, 2364, 'PUNUCAPA'),
	(3560, 2365, 'LAS CANTERAS'),
	(3561, 2365, 'PINO HUACHO'),
	(3562, 2365, 'TRES ESPINOS'),
	(3563, 2366, 'LA CENTANILLA'),
	(3564, 2367, 'LONCOYÉN ALTO'),
	(3565, 2367, 'LONCOYÉN BAJO'),
	(3566, 2367, 'PUNTA LONCOYÉN'),
	(3567, 2368, 'LA HUELLA'),
	(3568, 2368, 'PUNTA CURIÑANCO'),
	(3569, 2369, 'LAS COLORADAS'),
	(3570, 2369, 'LOS VENEGAS'),
	(3571, 2370, 'MANCERA'),
	(3572, 2371, 'CHAIHUÍN'),
	(3573, 2371, 'LA POZA VERDE'),
	(3574, 2371, 'PASTAL'),
	(3575, 2371, 'VUELTA LA ZORRA'),
	(3576, 2372, 'GUAPE'),
	(3577, 2373, 'VILLORRIO QUILCHE'),
	(3578, 2374, 'AYLIN'),
	(3579, 2375, 'VILLA ESTACIÓN PURULÓN'),
	(3580, 1924, 'VILLA EL ARTESANO'),
	(3581, 1924, 'VILLA LOS MAÑIOS'),
	(3582, 2376, 'ANTILHUE'),
	(3583, 2377, 'HARAS MILITAR'),
	(3584, 2377, 'HUIDIF'),
	(3585, 2378, 'PIEDRAS MORAS UNO'),
	(3586, 2379, 'RIÑIHUE'),
	(3587, 2380, 'QUILME'),
	(3588, 2381, 'EL TRÉBOL'),
	(3589, 2382, 'LA PELLINADA'),
	(3590, 2383, 'PUERTO ENCO'),
	(3591, 2384, 'FOLILCO'),
	(3592, 2385, 'PUNAHUE'),
	(3593, 2386, 'VILLA SAN LUIS'),
	(3594, 2387, 'PURINGUE POBRE'),
	(3595, 2388, 'CIRUELOS'),
	(3596, 2389, 'PONPÓN'),
	(3597, 2390, 'ESTACIÓN MARIQUINA'),
	(3598, 2391, 'ESTACIÓN MARIQUINA'),
	(3599, 2392, 'LINGUENTO ALTO'),
	(3600, 2393, 'PELCHUQUÍN'),
	(3601, 2394, 'RUCACO'),
	(3602, 2395, 'MEHUÍN'),
	(3603, 2395, 'MISISIPÍ'),
	(3604, 2395, 'PLAYA PICHICUYIN'),
	(3605, 2396, 'CHEUQUE'),
	(3606, 2396, 'EL COPIN'),
	(3607, 2397, 'PICHIRROPULLI'),
	(3608, 1821, 'SAN CARLOS'),
	(3609, 2398, 'EL LLOLLY'),
	(3610, 2399, 'ESTERO DE LA PLATA'),
	(3611, 2400, 'ITROPULLI'),
	(3612, 2258, 'EL NARANJO'),
	(3613, 2401, 'ANHUARAQUE'),
	(3614, 2402, 'CALAFQUÉN'),
	(3615, 2403, 'HUELLAHUE'),
	(3616, 2404, 'MELEFQUÉN'),
	(3617, 2405, 'CHALLUPEN'),
	(3618, 2405, 'LLUNCURA'),
	(3619, 2405, 'PUCURA'),
	(3620, 2406, 'LIQUIÑE'),
	(3621, 2407, 'CHOSHUENCO'),
	(3622, 2408, 'PAILLAHUINTE'),
	(3623, 2409, 'PUERTO FUY'),
	(3624, 2410, 'PUERTO PIREHUEICO'),
	(3625, 2410, 'VILLA LA FRONTERA'),
	(3626, 2411, 'COPÍO'),
	(3627, 1924, 'MARIANO'),
	(3628, 2114, 'TRUMAO'),
	(3629, 2313, 'SANTA ELISA'),
	(3630, 2412, 'PANGUIMILLA'),
	(3631, 2413, 'DAGLIPULLI'),
	(3632, 2413, 'VILLA QUILACO'),
	(3633, 1876, 'CANCINO PARADERO'),
	(3634, 2415, 'CORDILLERA'),
	(3635, 2415, 'LOS ESTEROS'),
	(3636, 2416, 'PUERTO NUEVO'),
	(3637, 2416, 'PUERTO NUEVO - NAHUELPAN'),
	(3638, 2416, 'PUERTO NUEVO ALTO'),
	(3639, 2417, 'LA FLOR'),
	(3640, 2418, 'DIOLÓN'),
	(3641, 2418, 'PUEBLO  HUNDIDO'),
	(3642, 2419, 'EL CRISTO'),
	(3643, 2420, 'PUERTO LAS ROSAS'),
	(3644, 2421, 'CHOLLINCO'),
	(3645, 2422, 'LLIFÉN'),
	(3646, 2423, 'LONCOPÁN ALTO'),
	(3647, 2424, 'LLASQUENCO'),
	(3648, 2425, 'MARIQUINA'),
	(3649, 2426, 'CHABRANCO'),
	(3650, 2427, 'CASA DE LATA'),
	(3651, 2427, 'CHIHUEICO'),
	(3652, 2427, 'FOLILCO'),
	(3653, 2428, 'HUEINAHUE'),
	(3654, 2429, 'TRINGLO A'),
	(3655, 2430, 'TRINGLO B'),
	(3656, 2431, 'IGNAO'),
	(3657, 2432, 'CONTRA'),
	(3658, 2432, 'TRAPI'),
	(3659, 2433, 'VIVANCO'),
	(3660, 2434, 'MARINE HARVEST'),
	(3661, 2435, 'MANTILHUE CENTRO'),
	(3662, 2436, 'VILLA RALICURA'),
	(3663, 2437, 'TRAFÚN'),
	(3664, 2438, 'CAYURRUCA'),
	(3665, 2438, 'CAYURRUCA ORIENTE'),
	(3666, 2438, 'EL ESFUERZO'),
	(3667, 2433, 'VIVIANCO ALTO'),
	(3668, 2439, 'CURRALHUE'),
	(3669, 2440, 'LIVILCAR'),
	(3670, 2440, 'SANTUARIO LIVILCAR'),
	(3671, 2441, 'ACHA'),
	(3672, 2442, 'ALTO RAMÍREZ'),
	(3673, 2442, 'ASENTAMIENTO DIECIOCHO DE SEPTIEMBRE'),
	(3674, 2442, 'LAS MAITAS'),
	(3675, 2442, 'QUEBRADA DEL DIABLO'),
	(3676, 2442, 'SAN FRANCISCO DE ASÍS'),
	(3677, 2442, 'VILLA PRIMAVERA'),
	(3678, 2443, 'VILLA FRONTERA'),
	(3679, 2444, 'PAMPA CONCORDIA'),
	(3680, 2445, 'EL MORRO'),
	(3681, 2445, 'LAS GAVIOTAS'),
	(3682, 2445, 'LAS PALMAS'),
	(3683, 2445, 'MOLLE PAMPA'),
	(3684, 2445, 'PUERTA LAS AMÉRICAS'),
	(3685, 2445, 'SANTA ROSA'),
	(3686, 2445, 'VALLE HERMOSO'),
	(3687, 2445, 'CHAPISCA'),
	(3688, 2445, 'LINDEROS'),
	(3689, 2445, 'MOLINOS'),
	(3690, 2445, 'POCONCHILE'),
	(3691, 2445, 'PURO CHILE'),
	(3692, 2446, 'BUENA VISTA'),
	(3693, 2446, 'COBIJA'),
	(3694, 2447, 'AMASACA'),
	(3695, 2447, 'CERRO BLANCO'),
	(3696, 2447, 'CHITITA'),
	(3697, 2447, 'CHUCA CHUCA'),
	(3698, 2447, 'CODPA'),
	(3699, 2447, 'CORRALONES'),
	(3700, 2447, 'GUAÑACAGUA'),
	(3701, 2447, 'GUATANAVE'),
	(3702, 2447, 'MARQUIRAVE'),
	(3703, 2447, 'TIMAR'),
	(3704, 2448, 'PARCOHAYLLA'),
	(3705, 2449, 'CERRO BLANCO'),
	(3706, 2449, 'ESQUIÑA'),
	(3707, 2449, 'ILLAPATA'),
	(3708, 2450, 'SAHUARA'),
	(3709, 2451, 'CALETA CAMARONES'),
	(3710, 2451, 'CUYA'),
	(3711, 2452, 'JUPAJE'),
	(3712, 2452, 'UNGALLIRE'),
	(3713, 2453, 'COMPLEJO ADUANERO CHUNGARÁ'),
	(3714, 2454, 'TRIGOPAMPA'),
	(3715, 2455, 'EPISPACHA'),
	(3716, 2456, 'SOCOROMA'),
	(3717, 2457, 'BELÉN'),
	(3718, 2457, 'MENDOZA'),
	(3719, 2458, 'ANCOVILQUE'),
	(3720, 2455, 'MURMUNTANI'),
	(3721, 2459, 'MISITUNE'),
	(3722, 2459, 'PUENTE MISITUNE'),
	(3723, 2459, 'TAMBOCOLLO'),
	(3724, 2460, 'GUALLATIRE'),
	(3725, 2460, 'JAPU'),
	(3726, 2460, 'UNGALLIRE'),
	(3727, 2461, 'PAQUISA'),
	(3728, 2462, 'LA ESTRELLA'),
	(3729, 2463, 'SURIRE ALTO'),
	(3730, 2463, 'SURIRE BAJO'),
	(3731, 2464, 'CRUZVILQUE'),
	(3732, 2464, 'HUAYANCALLANE'),
	(3733, 2465, 'VISVIRI'),
	(3734, 2466, 'CHUJLLUTA'),
	(3735, 2467, 'COLPITAS'),
	(3736, 2468, 'GUACOLLO'),
	(3737, 2468, 'PUCOYO'),
	(3738, 2469, 'NASAHUENTO'),
	(3739, 2470, 'PAPUJUNE'),
	(3740, 2471, 'ANCOLACANE'),
	(3741, 2472, 'HUMAPALCA'),
	(3742, 2473, 'TACORA'),
	(3743, 2474, 'COLONIA BERNARDO O\'HIGGINS'),
	(3744, 2475, 'LA ENGORDA'),
	(3745, 2476, 'ORO VERDE'),
	(3746, 2477, 'CAMINO GUAPE'),
	(3747, 2477, 'VILLA ESPERANZA'),
	(3748, 2477, 'VILLA IRAIRA'),
	(3749, 2478, 'BARRIALES'),
	(3750, 2479, 'CONFLUENCIA'),
	(3751, 2479, 'LOS LITRALES'),
	(3752, 2480, 'HUECHUPÍN'),
	(3753, 2481, 'CAPILLA'),
	(3754, 2481, 'CAPILLA COX'),
	(3755, 2481, 'LOS MONTES DE QUINQUEGUA'),
	(3756, 2481, 'QUINQUEGUA'),
	(3757, 2481, 'RELOCA'),
	(3758, 2481, 'RINCONADA DE CATO'),
	(3759, 2482, 'CALLEJÓN ARIAS'),
	(3760, 2482, 'GLEISNER'),
	(3761, 2483, 'LAS COLES'),
	(3762, 2484, 'MONTE RICO'),
	(3763, 2484, 'VILLA DOÑA VIOLETA'),
	(3764, 2485, 'LA PISCINA'),
	(3765, 2486, 'EL ESPINAR ORIENTE'),
	(3766, 2486, 'EL ESPINAR PONIENTE'),
	(3767, 2487, 'EL RETAMO'),
	(3768, 2488, 'LAS PIEDRAS'),
	(3769, 2487, 'SANTA LUISA'),
	(3770, 2489, 'EL CARACOL'),
	(3771, 1912, 'VILLA LOS AROMOS'),
	(3772, 2490, 'LAS TORRES'),
	(3773, 2490, 'LOS AROMOS'),
	(3774, 1626, 'PROYECTO O\'HIGGINS'),
	(3775, 1626, 'VILLA LOS COLIHUES'),
	(3776, 2491, 'NEBUCO'),
	(3777, 2492, 'RUCAPEQUÉN'),
	(3778, 2493, 'LLOLLINCO'),
	(3779, 2494, 'PAN DE AZÚCAR'),
	(3780, 2494, 'VALLE DE LA LUNA'),
	(3781, 2494, 'VALLE ESCONDIDO'),
	(3782, 2495, 'RINCONADA DIGUILLÍN'),
	(3783, 2496, 'CARTAGO'),
	(3784, 2497, 'CULENCO'),
	(3785, 2498, 'GENERAL CRUZ'),
	(3786, 2499, 'VILLA LA UNIÓN'),
	(3787, 1817, 'LOS OLMOS'),
	(3788, 2500, 'LAS VERTIENTES'),
	(3789, 2501, 'PATAGUAL'),
	(3790, 2502, 'EL SANDIAL'),
	(3791, 2503, 'EL EMPEDRADO'),
	(3792, 2504, 'LA INVERNADA'),
	(3793, 1784, 'LOS PRETILES'),
	(3794, 2505, 'EL VALLE'),
	(3795, 1746, 'CHILLANCITO PONIENTE'),
	(3796, 1746, 'CHILLANCITO SUR'),
	(3797, 2506, 'VILLA LAS MERCEDES'),
	(3798, 2507, 'CANCHILLAS'),
	(3799, 2508, 'EL MAITÉN'),
	(3800, 2509, 'LIUCURA ALTO SUR'),
	(3801, 2510, 'LIUCURA BAJO'),
	(3802, 2510, 'LIUCURA BAJO SUR'),
	(3803, 2511, 'QUEIME'),
	(3804, 1926, 'PUERTO COYANCO'),
	(3805, 2512, 'QUITRICO'),
	(3806, 1691, 'SANTA ANA DE CAIMACO'),
	(3807, 2513, 'LA GREDA PONIENTE'),
	(3808, 2514, 'VILLA NUEVA ESPERANZA'),
	(3809, 2515, 'LAS QUILAS PONIENTE'),
	(3810, 2516, 'VILLA SEBASTIÁN SANDOVAL'),
	(3811, 2517, 'VISTA BELLA'),
	(3812, 2518, 'SELVA NEGRA'),
	(3813, 2519, 'SIMÓN BOLIVAR'),
	(3814, 2520, 'SANTA ELENA'),
	(3815, 2521, 'CHOLGUÁN NORTE'),
	(3816, 2522, 'LOS NOGALES'),
	(3817, 2523, 'RINCONADA DE ITATA'),
	(3818, 2524, 'VILLA CORDILLERA'),
	(3819, 2525, 'SANTA LUCÍA BAJO'),
	(3820, 2526, 'CHOLGUÁN'),
	(3821, 2335, 'RANCHILLO UNO'),
	(3822, 2527, 'EL ROBLE'),
	(3823, 2528, 'BUCHUPUREO'),
	(3824, 2529, 'PULLAY'),
	(3825, 2528, 'LA BOCA'),
	(3826, 2528, 'LOS QUITRES ALTOS'),
	(3827, 2528, 'TALCAMÁVIDA'),
	(3828, 2530, 'CAJÓN DEL MOLINO'),
	(3829, 2531, 'PILICURA'),
	(3830, 2532, 'LA REFORMA'),
	(3831, 2533, 'COLMUYAO'),
	(3832, 2532, 'RINCONADA'),
	(3833, 2534, 'VALLE HERMOSO'),
	(3834, 2535, 'GUARILIHUE BAJO NORTE'),
	(3835, 2536, 'ESTACIÓN MAGDALENA'),
	(3836, 2537, 'TROPEZÓN'),
	(3837, 2535, 'GUARILIHUE BAJO'),
	(3838, 2538, 'MEIPO'),
	(3839, 2539, 'PANGUE'),
	(3840, 2540, 'ALTO PERALES'),
	(3841, 2540, 'PERALES'),
	(3842, 2541, 'LOMPUYA'),
	(3843, 2541, 'VEGAS DE ITATA'),
	(3844, 2543, 'LOS CORTESES'),
	(3845, 2544, 'CERRO NINHUE'),
	(3846, 2545, 'TRANCOYÁN CHICO NORTE'),
	(3847, 2546, 'CHUDAL'),
	(3848, 2547, 'BOQUIHUE'),
	(3849, 2547, 'LLAHUÉN BAJO'),
	(3850, 2548, 'LOS PLANES'),
	(3851, 2548, 'MONTERRICO'),
	(3852, 2549, 'LOS PEUMOS'),
	(3853, 2549, 'ORILLA ITATA'),
	(3854, 2550, 'ALTO EL CENTRO'),
	(3855, 2550, 'EL CENTRO'),
	(3856, 2551, 'LOMAS COLORADAS'),
	(3857, 1900, 'MANZANAL'),
	(3858, 2552, 'NAVAS'),
	(3859, 2553, 'NUEVA ALDEA'),
	(3860, 2554, 'PUEBLO VIEJO'),
	(3861, 2555, 'UVAS BLANCAS'),
	(3862, 2556, 'VEGAS DE CONCHA'),
	(3863, 2557, 'CAPILLA DE RÁNQUIL'),
	(3864, 2558, 'RAHUIL BAJO'),
	(3865, 2559, 'SAN IGNACIO DE PALOMARES'),
	(3866, 2560, 'GALPÓN'),
	(3867, 2560, 'GALPÓN SUR'),
	(3868, 2561, 'HERNÁN BRAÑAS'),
	(3869, 2562, 'MAITENCO ALTO'),
	(3870, 2562, 'MAITENCO BAJO'),
	(3871, 2563, 'PURALIHUE'),
	(3872, 2564, 'QUINQUEGUA SUR'),
	(3873, 2565, 'NINQUIHUE'),
	(3874, 2566, 'QUILMÉN'),
	(3875, 2567, 'SAN MIGUEL'),
	(3876, 2568, 'ESTACIÓN COCHARCAS'),
	(3877, 2569, 'SAN PEDRO DE LILAHUE'),
	(3878, 2568, 'NUEVA ESPERANZA'),
	(3879, 2570, 'LA PRIMAVERA'),
	(3880, 2571, 'MONTE BLANCO'),
	(3881, 2565, 'LA UNIÓN'),
	(3882, 2572, 'EL MANZANAL'),
	(3883, 2572, 'QUILELTO NORTE'),
	(3884, 2572, 'QUILELTO SUR'),
	(3885, 2573, 'EL TORREÓN'),
	(3886, 2573, 'LAS CAMELIAS'),
	(3887, 2574, 'LOS NARANJOS'),
	(3888, 2575, 'LOS GALPONES'),
	(3889, 2575, 'MUTICURA'),
	(3890, 2575, 'MUTICURA ORIENTE'),
	(3891, 2576, 'RIBERA DE ÑUBLE'),
	(3892, 2576, 'RIBERA EL ALTO'),
	(3893, 2577, 'PIEDRA REDONDA'),
	(3894, 2578, 'LOS MELLIZOS'),
	(3895, 2578, 'MUTUPÍN'),
	(3896, 2579, 'EL TRANQUE'),
	(3897, 2580, 'SAN LUIS DE POMUYETO'),
	(3898, 2581, 'BULI ORIENTE'),
	(3899, 2577, 'LLAHUIMÁVIDA'),
	(3900, 2581, 'BULI ESTACIÓN'),
	(3901, 2581, 'CAMINO VIEJO'),
	(3902, 2583, 'SAN LUIS DE ARIZONA'),
	(3903, 2584, 'EL EMBALSE'),
	(3904, 2585, 'LA FLECHA'),
	(3905, 2586, 'BAJO LOS AMIGOS'),
	(3906, 2586, 'NIBLINTO'),
	(3907, 2586, 'VILLA O\'HIGGINS'),
	(3908, 2587, 'EL CHINGUE'),
	(3909, 2588, 'TALQUIPÉN'),
	(3910, 2588, 'VILLA EL MANZANO'),
	(3911, 2589, 'CANCHA EL ÁLAMO'),
	(3912, 2590, 'VILLA LOS GUINDOS'),
	(3913, 2591, 'CAMINO COLEAL NORTE'),
	(3914, 2593, 'ROSARIO'),
	(3915, 1622, 'ROBLERÍA'),
	(3916, 2594, 'TANILVORO'),
	(3917, 2594, 'VILLA AMANECER'),
	(3918, 2591, 'COLEAL NORTE'),
	(3919, 2595, 'MINAS DEL PRADO'),
	(3920, 2596, 'BUSTAMANTE'),
	(3921, 2596, 'LA VIÑITA'),
	(3922, 1671, 'BUREO BAJO'),
	(3923, 2597, 'BUREO ALTO'),
	(3924, 2598, 'COPIHUAL'),
	(3925, 2599, 'EL CARMEN DE CATO'),
	(3926, 2600, 'NAHUELTORO'),
	(3927, 2601, 'VILLA CLEMENCIA'),
	(3928, 2602, 'SAN ANTONIO DE CATO'),
	(3929, 2603, 'SAN ROQUE'),
	(3930, 2604, 'EL NEVADO DE ZEMITA'),
	(3931, 2604, 'EL PEUMO'),
	(3932, 2604, 'LA ESPERANZA'),
	(3933, 2604, 'SAN JOSÉ DE ZEMITA'),
	(3934, 2604, 'ZEMITA'),
	(3935, 2581, 'BULI'),
	(3936, 2605, 'CHACAY'),
	(3937, 2606, 'LA GLORIA ARRIBA'),
	(3938, 2606, 'PASO PIEDRA'),
	(3939, 2607, 'VIRHUÍN'),
	(3940, 2608, 'ÑIQUÉN'),
	(3941, 2609, 'EL MACAL ALTO'),
	(3942, 2610, 'LAS GUARDIAS'),
	(3943, 2611, 'EL MAITENAL'),
	(3944, 2612, 'LAJUELAS'),
	(3945, 2613, 'LAJUELA'),
	(3946, 2614, 'QUILLINCO'),
	(3947, 2615, 'MONTE ATRAVESADO'),
	(3948, 2616, 'GUAMPANGUE'),
	(3949, 2617, 'ALTO LILAHUE'),
	(3950, 2619, 'MONTE LEÓN'),
	(3951, 2619, 'MONTE LEÓN ALTO'),
	(3952, 2620, 'PUYARAL'),
	(3953, 2621, 'SAN PEDRO LILAHUE'),
	(3954, 2622, 'CARRETERA'),
	(3955, 2623, 'DADINCO'),
	(3956, 2623, 'DADINCO DOS'),
	(3957, 2624, 'PUYARAL'),
	(3958, 2625, 'EL PARRÓN'),
	(3959, 2625, 'VILLA BAJO EL ALA'),
	(3960, 393, 'Villa Francia'),
	(3961, 398, 'Valle Verde'),
	(3962, 393, 'Lira Santa Isabel'),
	(3963, 236, 'Barrio Norte'),
	(3964, 236, 'Población Pedro del Río'),
	(3965, 236, 'Villa CAP'),
	(3966, 114, 'Los Pinos');
/*!40000 ALTER TABLE `poblacion` ENABLE KEYS */;

-- Volcando estructura para tabla chileworkads.provincia
DROP TABLE IF EXISTS `provincia`;
CREATE TABLE IF NOT EXISTS `provincia` (
  `id_provincia` int NOT NULL AUTO_INCREMENT,
  `provincia_nombre` varchar(64) NOT NULL,
  `region_id` int NOT NULL,
  `borrado` datetime DEFAULT NULL,
  PRIMARY KEY (`id_provincia`),
  UNIQUE KEY `provincia_nombre_UNIQUE` (`provincia_nombre`)
) ENGINE=MyISAM AUTO_INCREMENT=164 DEFAULT CHARSET=utf8;

-- Volcando datos para la tabla chileworkads.provincia: 56 rows
DELETE FROM `provincia`;
/*!40000 ALTER TABLE `provincia` DISABLE KEYS */;
INSERT INTO `provincia` (`id_provincia`, `provincia_nombre`, `region_id`, `borrado`) VALUES
	(11, 'IQUIQUE', 1, NULL),
	(14, 'TAMARUGAL', 1, NULL),
	(21, 'ANTOFAGASTA', 2, NULL),
	(22, 'EL LOA', 2, NULL),
	(23, 'TOCOPILLA', 2, NULL),
	(31, 'COPIAPÓ', 3, NULL),
	(32, 'CHAÑARAL', 3, NULL),
	(33, 'HUASCO', 3, NULL),
	(41, 'ELQUI', 4, NULL),
	(42, 'CHOAPA', 4, NULL),
	(43, 'LIMARÍ', 4, NULL),
	(51, 'VALPARAÍSO', 5, NULL),
	(52, 'ISLA DE PASCUA', 5, NULL),
	(53, 'LOS ANDES', 5, NULL),
	(54, 'PETORCA', 5, NULL),
	(55, 'QUILLOTA', 5, NULL),
	(56, 'SAN ANTONIO', 5, NULL),
	(57, 'SAN FELIPE DE ACONCAGUA', 5, NULL),
	(58, 'MARGA MARGA', 5, NULL),
	(61, 'CACHAPOAL', 6, NULL),
	(62, 'CARDENAL CARO', 6, NULL),
	(63, 'COLCHAGUA', 6, NULL),
	(71, 'TALCA', 7, NULL),
	(72, 'CAUQUENES', 7, NULL),
	(73, 'CURICÓ', 7, NULL),
	(74, 'LINARES', 7, NULL),
	(81, 'CONCEPCIÓN', 8, NULL),
	(82, 'ARAUCO', 8, NULL),
	(83, 'BIOBÍO', 8, NULL),
	(91, 'CAUTÍN', 9, NULL),
	(92, 'MALLECO', 9, NULL),
	(101, 'LLANQUIHUE', 10, NULL),
	(102, 'CHILOÉ', 10, NULL),
	(103, 'OSORNO', 10, NULL),
	(104, 'PALENA', 10, NULL),
	(111, 'COYHAIQUE', 11, NULL),
	(112, 'AYSÉN', 11, NULL),
	(113, 'CAPITÁN PRAT', 11, NULL),
	(114, 'GENERAL CARRERA', 11, NULL),
	(121, 'MAGALLANES', 12, NULL),
	(122, 'ANTÁRTICA CHILENA', 12, NULL),
	(123, 'TIERRA DEL FUEGO', 12, NULL),
	(124, 'ÚLTIMA ESPERANZA', 12, NULL),
	(131, 'SANTIAGO', 13, NULL),
	(132, 'CORDILLERA', 13, NULL),
	(133, 'CHACABUCO', 13, NULL),
	(134, 'MAIPO', 13, NULL),
	(135, 'MELIPILLA', 13, NULL),
	(136, 'TALAGANTE', 13, NULL),
	(141, 'VALDIVIA', 14, NULL),
	(142, 'RANCO', 14, NULL),
	(151, 'ARICA', 15, NULL),
	(152, 'PARINACOTA', 15, NULL),
	(161, 'DIGUILLÍN', 16, NULL),
	(162, 'ITATA', 16, NULL),
	(163, 'PUNILLA', 16, NULL);
/*!40000 ALTER TABLE `provincia` ENABLE KEYS */;

-- Volcando estructura para tabla chileworkads.region
DROP TABLE IF EXISTS `region`;
CREATE TABLE IF NOT EXISTS `region` (
  `id_region` int NOT NULL AUTO_INCREMENT,
  `nombre_region` varchar(100) CHARACTER SET utf8 COLLATE utf8_general_ci NOT NULL,
  `borrado` datetime DEFAULT NULL,
  PRIMARY KEY (`id_region`) USING BTREE
) ENGINE=MyISAM AUTO_INCREMENT=18 DEFAULT CHARSET=utf8;

-- Volcando datos para la tabla chileworkads.region: 17 rows
DELETE FROM `region`;
/*!40000 ALTER TABLE `region` DISABLE KEYS */;
INSERT INTO `region` (`id_region`, `nombre_region`, `borrado`) VALUES
	(1, 'DE TARAPACA', NULL),
	(2, 'DE ANTOFAGASTA', NULL),
	(3, 'DE ATACAMA', NULL),
	(4, 'DE COQUIMBO', NULL),
	(5, 'DE VALPARAÍSO', NULL),
	(6, 'DEL LIBERTADOR GENERAL BERNARDO O\'HIGGINS', NULL),
	(7, 'DEL MAULE', NULL),
	(8, 'DEL BIOBÍO', NULL),
	(9, 'DE LA ARAUCANÍA', NULL),
	(10, 'DE LOS LAGOS', NULL),
	(11, 'DE AYSÉN DEL GENERAL CARLOS IBÁÑEZ DEL CAMPO', NULL),
	(12, 'DE MAGALLANES Y DE LA ANTÁRTICA CHILENA', NULL),
	(13, 'METROPOLITANA DE SANTIAGO', NULL),
	(14, 'DE LOS RÍOS', NULL),
	(15, 'DE ARICA Y PARINACOTA', NULL),
	(16, 'DE ÑUBLE', NULL),
	(17, 'Nueva Región', '2020-06-24 02:37:35');
/*!40000 ALTER TABLE `region` ENABLE KEYS */;

-- Volcando estructura para tabla chileworkads.resena
DROP TABLE IF EXISTS `resena`;
CREATE TABLE IF NOT EXISTS `resena` (
  `id` bigint NOT NULL AUTO_INCREMENT,
  `trabajador_id` bigint NOT NULL DEFAULT '0',
  `quien_resena_id` bigint NOT NULL DEFAULT '0',
  `texto` text,
  `fecha` datetime NOT NULL DEFAULT CURRENT_TIMESTAMP,
  `evaluacion` float NOT NULL DEFAULT '0',
  `enable` enum('0','1') NOT NULL DEFAULT '1',
  PRIMARY KEY (`id`)
) ENGINE=InnoDB AUTO_INCREMENT=15 DEFAULT CHARSET=utf8mb4 COLLATE=utf8mb4_0900_ai_ci;

-- Volcando datos para la tabla chileworkads.resena: ~3 rows (aproximadamente)
DELETE FROM `resena`;
/*!40000 ALTER TABLE `resena` DISABLE KEYS */;
INSERT INTO `resena` (`id`, `trabajador_id`, `quien_resena_id`, `texto`, `fecha`, `evaluacion`, `enable`) VALUES
	(1, 3, 7, 'Que buen trabajador!', '2020-06-25 17:11:13', 10, '1'),
	(2, 3, 4, 'La hizo rapidito :3', '2020-06-25 17:12:12', 7, '1'),
	(4, 4, 3, 'Pésimo servicio', '2020-06-26 01:04:09', 2, '1'),
	(5, 4, 3, '<p>mejorando el ql</p>', '2020-06-26 01:11:17', 3, '1'),
	(14, 8, 3, '<p>qweasd</p>', '2020-06-26 01:27:59', 3, '1');
/*!40000 ALTER TABLE `resena` ENABLE KEYS */;

-- Volcando estructura para tabla chileworkads.tipo_contacto
DROP TABLE IF EXISTS `tipo_contacto`;
CREATE TABLE IF NOT EXISTS `tipo_contacto` (
  `id` int NOT NULL AUTO_INCREMENT,
  `nombre_red` varchar(50) NOT NULL,
  `url_red` varchar(50) NOT NULL,
  `icono_red` text CHARACTER SET utf8mb4 COLLATE utf8mb4_0900_ai_ci NOT NULL,
  `enable` tinyint NOT NULL DEFAULT '1',
  `borrado` datetime DEFAULT NULL,
  PRIMARY KEY (`id`)
) ENGINE=InnoDB AUTO_INCREMENT=11 DEFAULT CHARSET=utf8mb4 COLLATE=utf8mb4_0900_ai_ci;

-- Volcando datos para la tabla chileworkads.tipo_contacto: ~10 rows (aproximadamente)
DELETE FROM `tipo_contacto`;
/*!40000 ALTER TABLE `tipo_contacto` DISABLE KEYS */;
INSERT INTO `tipo_contacto` (`id`, `nombre_red`, `url_red`, `icono_red`, `enable`, `borrado`) VALUES
	(1, 'Teléfono', 'tel:', '930817b53d559220e1077b2cf095bec21592704189.png', 1, NULL),
	(2, 'Facebook', 'https://www.facebook.com/', 'facebook.png', 1, NULL),
	(3, 'Whatsapp', 'https://wa.me/', 'whatsapp.png', 1, NULL),
	(4, 'Email', 'mailto:', 'email.png', 1, NULL),
	(5, 'Twitter', 'https://twitter.com/', 'b02dad3047a010e5b3ecc90560e5fb891592703570.png', 1, NULL),
	(6, 'Steam', 'https://steamcommunity.com/id/', 'steam.svg', 1, NULL),
	(7, 'Instragram', 'https://www.instagram.com/', 'fc23b90236f87b11147810f35f4c52931593061461.svg', 1, NULL),
	(8, 'Vk', 'https://vk.com/', '8d7a4dbfa584e0fcb323f8eb4a76e4dc1593061675.svg', 1, NULL),
	(9, 'Telegram', 'https://t.me/', '49aafe51fa7aacf7edcd760e7913afa61593061723.svg', 1, NULL),
	(10, 'Discord', 'https://discordapp.com/users/', 'f8389ca1a741a115313bede9ac02e2c01593062004.svg', 1, NULL);
/*!40000 ALTER TABLE `tipo_contacto` ENABLE KEYS */;

-- Volcando estructura para tabla chileworkads.trabajo_imagen
DROP TABLE IF EXISTS `trabajo_imagen`;
CREATE TABLE IF NOT EXISTS `trabajo_imagen` (
  `id` bigint NOT NULL AUTO_INCREMENT,
  `trabajo_id` bigint NOT NULL,
  `foto_archivo` text NOT NULL,
  `enable` tinyint NOT NULL DEFAULT '1',
  PRIMARY KEY (`id`)
) ENGINE=InnoDB DEFAULT CHARSET=utf8mb4 COLLATE=utf8mb4_0900_ai_ci;

-- Volcando datos para la tabla chileworkads.trabajo_imagen: ~0 rows (aproximadamente)
DELETE FROM `trabajo_imagen`;
/*!40000 ALTER TABLE `trabajo_imagen` DISABLE KEYS */;
/*!40000 ALTER TABLE `trabajo_imagen` ENABLE KEYS */;

-- Volcando estructura para tabla chileworkads.trabajo_realizado
DROP TABLE IF EXISTS `trabajo_realizado`;
CREATE TABLE IF NOT EXISTS `trabajo_realizado` (
  `id` bigint NOT NULL AUTO_INCREMENT,
  `id_trabajador` bigint NOT NULL,
  `id_persona` bigint NOT NULL,
  `descripcion` text,
  `fecha` datetime NOT NULL,
  `evaluacion` float NOT NULL,
  `enable` tinyint NOT NULL DEFAULT '1',
  `borrado` datetime DEFAULT NULL,
  PRIMARY KEY (`id`)
) ENGINE=InnoDB DEFAULT CHARSET=utf8mb4 COLLATE=utf8mb4_0900_ai_ci;

-- Volcando datos para la tabla chileworkads.trabajo_realizado: ~0 rows (aproximadamente)
DELETE FROM `trabajo_realizado`;
/*!40000 ALTER TABLE `trabajo_realizado` DISABLE KEYS */;
/*!40000 ALTER TABLE `trabajo_realizado` ENABLE KEYS */;

/*!40101 SET SQL_MODE=IFNULL(@OLD_SQL_MODE, '') */;
/*!40014 SET FOREIGN_KEY_CHECKS=IF(@OLD_FOREIGN_KEY_CHECKS IS NULL, 1, @OLD_FOREIGN_KEY_CHECKS) */;
/*!40101 SET CHARACTER_SET_CLIENT=@OLD_CHARACTER_SET_CLIENT */;
